ISO-10303-21;
HEADER;
FILE_DESCRIPTION(('ViewDefinition [CoordinationView_V2.0]'),'2;1');
FILE_NAME('MVS Cable Ways P1','2025-05-30T11:03:40+02:00',(''),(''),'ST-DEVELOPER v20','NX2412.4001',' ');
FILE_SCHEMA(('IFC2X3'));
ENDSEC;
DATA;
#10=IFCELEMENTASSEMBLY('3D1kmgtUWrvxk4bEgwP6gg',#7362,'1JNL9362899_A-Electrical design requirements, MVS1, NER, Aux Tx-build\X2\000D000A\X0\ing, Cable ways',' ','1JNL9362899_A-Electrical design requirements, MVS1, NER, Aux Tx-build\X2\000D000A\X0\ing, Cable ways',#5353,$,' ',.NOTDEFINED.,.NOTDEFINED.);
#11=IFCELEMENTASSEMBLY('1sH0ybv4SynPMEXoUaJOSj',#7362,'1JNL9442575_A-MVS Cable Ladder P1',' ','1JNL9442575_A-MVS Cable Ladder P1',#5355,$,' ',.NOTDEFINED.,.NOTDEFINED.);
#12=IFCPOLYLOOP((#5642,#5643,#5644));
#13=IFCPOLYLOOP((#5645,#5646,#5644,#5643));
#14=IFCPOLYLOOP((#5642,#5645,#5643));
#15=IFCPOLYLOOP((#5642,#5646,#5645));
#16=IFCPOLYLOOP((#5642,#5644,#5646));
#17=IFCPOLYLOOP((#5649,#5650,#5651,#5652));
#18=IFCPOLYLOOP((#5649,#5652,#5653,#5654));
#19=IFCPOLYLOOP((#5649,#5654,#5655,#5650));
#20=IFCPOLYLOOP((#5654,#5653,#5656,#5655));
#21=IFCPOLYLOOP((#5653,#5652,#5651,#5656));
#22=IFCPOLYLOOP((#5657,#5658,#5651,#5650));
#23=IFCPOLYLOOP((#5659,#5660,#5658,#5657));
#24=IFCPOLYLOOP((#5661,#5662,#5660,#5659));
#25=IFCPOLYLOOP((#5663,#5664,#5662,#5661));
#26=IFCPOLYLOOP((#5661,#5659,#5665,#5666));
#27=IFCPOLYLOOP((#5657,#5650,#5655,#5667));
#28=IFCPOLYLOOP((#5667,#5665,#5659,#5657));
#29=IFCPOLYLOOP((#5666,#5668,#5663,#5661));
#30=IFCPOLYLOOP((#5666,#5669,#5670,#5668));
#31=IFCPOLYLOOP((#5665,#5671,#5669,#5666));
#32=IFCPOLYLOOP((#5667,#5672,#5671,#5665));
#33=IFCPOLYLOOP((#5655,#5656,#5672,#5667));
#34=IFCPOLYLOOP((#5658,#5660,#5671,#5672));
#35=IFCPOLYLOOP((#5662,#5664,#5670,#5669));
#36=IFCPOLYLOOP((#5669,#5671,#5660,#5662));
#37=IFCPOLYLOOP((#5672,#5656,#5651,#5658));
#38=IFCPOLYLOOP((#5663,#5673,#5674,#5664));
#39=IFCPOLYLOOP((#5663,#5668,#5675,#5673));
#40=IFCPOLYLOOP((#5668,#5670,#5676,#5675));
#41=IFCPOLYLOOP((#5670,#5664,#5674,#5676));
#42=IFCPOLYLOOP((#5675,#5676,#5674,#5673));
#43=IFCPOLYLOOP((#5678,#5679,#5680,#5681));
#44=IFCPOLYLOOP((#5678,#5682,#5683,#5679));
#45=IFCPOLYLOOP((#5682,#5684,#5685,#5683));
#46=IFCPOLYLOOP((#5684,#5681,#5680,#5685));
#47=IFCPOLYLOOP((#5678,#5681,#5684,#5682));
#48=IFCPOLYLOOP((#5683,#5685,#5680,#5679));
#49=IFCPOLYLOOP((#5688,#5689,#5690,#5691,#5692,#5693,#5694,#5695,#5696,#5697,#5698,#5699,#5700,#5701,#5702,#5703));
#50=IFCPOLYLOOP((#5703,#5702,#5704,#5705));
#51=IFCPOLYLOOP((#5698,#5706,#5707,#5699));
#52=IFCPOLYLOOP((#5697,#5708,#5706,#5698));
#53=IFCPOLYLOOP((#5696,#5709,#5708,#5697));
#54=IFCPOLYLOOP((#5695,#5710,#5709,#5696));
#55=IFCPOLYLOOP((#5694,#5711,#5710,#5695));
#56=IFCPOLYLOOP((#5693,#5712,#5711,#5694));
#57=IFCPOLYLOOP((#5692,#5713,#5712,#5693));
#58=IFCPOLYLOOP((#5691,#5714,#5713,#5692));
#59=IFCPOLYLOOP((#5690,#5715,#5714,#5691));
#60=IFCPOLYLOOP((#5689,#5716,#5715,#5690));
#61=IFCPOLYLOOP((#5688,#5717,#5716,#5689));
#62=IFCPOLYLOOP((#5705,#5717,#5688,#5703));
#63=IFCPOLYLOOP((#5701,#5718,#5704,#5702));
#64=IFCPOLYLOOP((#5700,#5719,#5718,#5701));
#65=IFCPOLYLOOP((#5699,#5707,#5719,#5700));
#66=IFCPOLYLOOP((#5704,#5718,#5719,#5707,#5706,#5708,#5709,#5710,#5711,#5712,#5713,#5714,#5715,#5716,#5717,#5705));
#67=IFCPOLYLOOP((#5721,#5722,#5723,#5724,#5725,#5726,#5727,#5728,#5729,#5730,#5731,#5732,#5733,#5734,#5735,#5736));
#68=IFCPOLYLOOP((#5736,#5735,#5737,#5738));
#69=IFCPOLYLOOP((#5731,#5739,#5740,#5732));
#70=IFCPOLYLOOP((#5730,#5741,#5739,#5731));
#71=IFCPOLYLOOP((#5729,#5742,#5741,#5730));
#72=IFCPOLYLOOP((#5728,#5743,#5742,#5729));
#73=IFCPOLYLOOP((#5727,#5744,#5743,#5728));
#74=IFCPOLYLOOP((#5726,#5745,#5744,#5727));
#75=IFCPOLYLOOP((#5725,#5746,#5745,#5726));
#76=IFCPOLYLOOP((#5724,#5747,#5746,#5725));
#77=IFCPOLYLOOP((#5723,#5748,#5747,#5724));
#78=IFCPOLYLOOP((#5722,#5749,#5748,#5723));
#79=IFCPOLYLOOP((#5721,#5750,#5749,#5722));
#80=IFCPOLYLOOP((#5738,#5750,#5721,#5736));
#81=IFCPOLYLOOP((#5734,#5751,#5737,#5735));
#82=IFCPOLYLOOP((#5733,#5752,#5751,#5734));
#83=IFCPOLYLOOP((#5732,#5740,#5752,#5733));
#84=IFCPOLYLOOP((#5737,#5751,#5752,#5740,#5739,#5741,#5742,#5743,#5744,#5745,#5746,#5747,#5748,#5749,#5750,#5738));
#85=IFCPOLYLOOP((#5754,#5755,#5756,#5757,#5758,#5759,#5760,#5761,#5762,#5763,#5764,#5765,#5766,#5767,#5768,#5769));
#86=IFCPOLYLOOP((#5769,#5768,#5770,#5771));
#87=IFCPOLYLOOP((#5764,#5772,#5773,#5765));
#88=IFCPOLYLOOP((#5763,#5774,#5772,#5764));
#89=IFCPOLYLOOP((#5762,#5775,#5774,#5763));
#90=IFCPOLYLOOP((#5761,#5776,#5775,#5762));
#91=IFCPOLYLOOP((#5760,#5777,#5776,#5761));
#92=IFCPOLYLOOP((#5759,#5778,#5777,#5760));
#93=IFCPOLYLOOP((#5758,#5779,#5778,#5759));
#94=IFCPOLYLOOP((#5757,#5780,#5779,#5758));
#95=IFCPOLYLOOP((#5756,#5781,#5780,#5757));
#96=IFCPOLYLOOP((#5755,#5782,#5781,#5756));
#97=IFCPOLYLOOP((#5754,#5783,#5782,#5755));
#98=IFCPOLYLOOP((#5771,#5783,#5754,#5769));
#99=IFCPOLYLOOP((#5767,#5784,#5770,#5768));
#100=IFCPOLYLOOP((#5766,#5785,#5784,#5767));
#101=IFCPOLYLOOP((#5765,#5773,#5785,#5766));
#102=IFCPOLYLOOP((#5770,#5784,#5785,#5773,#5772,#5774,#5775,#5776,#5777,#5778,#5779,#5780,#5781,#5782,#5783,#5771));
#103=IFCPOLYLOOP((#5787,#5788,#5789,#5790,#5791,#5792,#5793,#5794,#5795,#5796,#5797,#5798,#5799,#5800,#5801,#5802));
#104=IFCPOLYLOOP((#5802,#5801,#5803,#5804));
#105=IFCPOLYLOOP((#5797,#5805,#5806,#5798));
#106=IFCPOLYLOOP((#5796,#5807,#5805,#5797));
#107=IFCPOLYLOOP((#5795,#5808,#5807,#5796));
#108=IFCPOLYLOOP((#5794,#5809,#5808,#5795));
#109=IFCPOLYLOOP((#5793,#5810,#5809,#5794));
#110=IFCPOLYLOOP((#5792,#5811,#5810,#5793));
#111=IFCPOLYLOOP((#5791,#5812,#5811,#5792));
#112=IFCPOLYLOOP((#5790,#5813,#5812,#5791));
#113=IFCPOLYLOOP((#5789,#5814,#5813,#5790));
#114=IFCPOLYLOOP((#5788,#5815,#5814,#5789));
#115=IFCPOLYLOOP((#5787,#5816,#5815,#5788));
#116=IFCPOLYLOOP((#5804,#5816,#5787,#5802));
#117=IFCPOLYLOOP((#5800,#5817,#5803,#5801));
#118=IFCPOLYLOOP((#5799,#5818,#5817,#5800));
#119=IFCPOLYLOOP((#5798,#5806,#5818,#5799));
#120=IFCPOLYLOOP((#5803,#5817,#5818,#5806,#5805,#5807,#5808,#5809,#5810,#5811,#5812,#5813,#5814,#5815,#5816,#5804));
#121=IFCPOLYLOOP((#5820,#5821,#5822,#5823,#5824,#5825,#5826,#5827,#5828,#5829,#5830,#5831,#5832,#5833,#5834,#5835));
#122=IFCPOLYLOOP((#5835,#5834,#5836,#5837));
#123=IFCPOLYLOOP((#5830,#5838,#5839,#5831));
#124=IFCPOLYLOOP((#5829,#5840,#5838,#5830));
#125=IFCPOLYLOOP((#5828,#5841,#5840,#5829));
#126=IFCPOLYLOOP((#5827,#5842,#5841,#5828));
#127=IFCPOLYLOOP((#5826,#5843,#5842,#5827));
#128=IFCPOLYLOOP((#5825,#5844,#5843,#5826));
#129=IFCPOLYLOOP((#5824,#5845,#5844,#5825));
#130=IFCPOLYLOOP((#5823,#5846,#5845,#5824));
#131=IFCPOLYLOOP((#5822,#5847,#5846,#5823));
#132=IFCPOLYLOOP((#5821,#5848,#5847,#5822));
#133=IFCPOLYLOOP((#5820,#5849,#5848,#5821));
#134=IFCPOLYLOOP((#5837,#5849,#5820,#5835));
#135=IFCPOLYLOOP((#5833,#5850,#5836,#5834));
#136=IFCPOLYLOOP((#5832,#5851,#5850,#5833));
#137=IFCPOLYLOOP((#5831,#5839,#5851,#5832));
#138=IFCPOLYLOOP((#5836,#5850,#5851,#5839,#5838,#5840,#5841,#5842,#5843,#5844,#5845,#5846,#5847,#5848,#5849,#5837));
#139=IFCPOLYLOOP((#5853,#5854,#5855,#5856,#5857,#5858,#5859,#5860,#5861,#5862,#5863,#5864,#5865,#5866,#5867,#5868));
#140=IFCPOLYLOOP((#5868,#5867,#5869,#5870));
#141=IFCPOLYLOOP((#5863,#5871,#5872,#5864));
#142=IFCPOLYLOOP((#5862,#5873,#5871,#5863));
#143=IFCPOLYLOOP((#5861,#5874,#5873,#5862));
#144=IFCPOLYLOOP((#5860,#5875,#5874,#5861));
#145=IFCPOLYLOOP((#5859,#5876,#5875,#5860));
#146=IFCPOLYLOOP((#5858,#5877,#5876,#5859));
#147=IFCPOLYLOOP((#5857,#5878,#5877,#5858));
#148=IFCPOLYLOOP((#5856,#5879,#5878,#5857));
#149=IFCPOLYLOOP((#5855,#5880,#5879,#5856));
#150=IFCPOLYLOOP((#5854,#5881,#5880,#5855));
#151=IFCPOLYLOOP((#5853,#5882,#5881,#5854));
#152=IFCPOLYLOOP((#5870,#5882,#5853,#5868));
#153=IFCPOLYLOOP((#5866,#5883,#5869,#5867));
#154=IFCPOLYLOOP((#5865,#5884,#5883,#5866));
#155=IFCPOLYLOOP((#5864,#5872,#5884,#5865));
#156=IFCPOLYLOOP((#5869,#5883,#5884,#5872,#5871,#5873,#5874,#5875,#5876,#5877,#5878,#5879,#5880,#5881,#5882,#5870));
#157=IFCPOLYLOOP((#5886,#5887,#5888,#5889,#5890,#5891,#5892,#5893,#5894,#5895,#5896,#5897,#5898,#5899,#5900,#5901));
#158=IFCPOLYLOOP((#5901,#5900,#5902,#5903));
#159=IFCPOLYLOOP((#5896,#5904,#5905,#5897));
#160=IFCPOLYLOOP((#5895,#5906,#5904,#5896));
#161=IFCPOLYLOOP((#5894,#5907,#5906,#5895));
#162=IFCPOLYLOOP((#5893,#5908,#5907,#5894));
#163=IFCPOLYLOOP((#5892,#5909,#5908,#5893));
#164=IFCPOLYLOOP((#5891,#5910,#5909,#5892));
#165=IFCPOLYLOOP((#5890,#5911,#5910,#5891));
#166=IFCPOLYLOOP((#5889,#5912,#5911,#5890));
#167=IFCPOLYLOOP((#5888,#5913,#5912,#5889));
#168=IFCPOLYLOOP((#5887,#5914,#5913,#5888));
#169=IFCPOLYLOOP((#5886,#5915,#5914,#5887));
#170=IFCPOLYLOOP((#5903,#5915,#5886,#5901));
#171=IFCPOLYLOOP((#5899,#5916,#5902,#5900));
#172=IFCPOLYLOOP((#5898,#5917,#5916,#5899));
#173=IFCPOLYLOOP((#5897,#5905,#5917,#5898));
#174=IFCPOLYLOOP((#5902,#5916,#5917,#5905,#5904,#5906,#5907,#5908,#5909,#5910,#5911,#5912,#5913,#5914,#5915,#5903));
#175=IFCPOLYLOOP((#5919,#5920,#5921,#5922,#5923,#5924,#5925,#5926,#5927,#5928,#5929,#5930,#5931,#5932,#5933,#5934));
#176=IFCPOLYLOOP((#5934,#5933,#5935,#5936));
#177=IFCPOLYLOOP((#5929,#5937,#5938,#5930));
#178=IFCPOLYLOOP((#5928,#5939,#5937,#5929));
#179=IFCPOLYLOOP((#5927,#5940,#5939,#5928));
#180=IFCPOLYLOOP((#5926,#5941,#5940,#5927));
#181=IFCPOLYLOOP((#5925,#5942,#5941,#5926));
#182=IFCPOLYLOOP((#5924,#5943,#5942,#5925));
#183=IFCPOLYLOOP((#5923,#5944,#5943,#5924));
#184=IFCPOLYLOOP((#5922,#5945,#5944,#5923));
#185=IFCPOLYLOOP((#5921,#5946,#5945,#5922));
#186=IFCPOLYLOOP((#5920,#5947,#5946,#5921));
#187=IFCPOLYLOOP((#5919,#5948,#5947,#5920));
#188=IFCPOLYLOOP((#5936,#5948,#5919,#5934));
#189=IFCPOLYLOOP((#5932,#5949,#5935,#5933));
#190=IFCPOLYLOOP((#5931,#5950,#5949,#5932));
#191=IFCPOLYLOOP((#5930,#5938,#5950,#5931));
#192=IFCPOLYLOOP((#5935,#5949,#5950,#5938,#5937,#5939,#5940,#5941,#5942,#5943,#5944,#5945,#5946,#5947,#5948,#5936));
#193=IFCPOLYLOOP((#5952,#5953,#5954,#5955,#5956,#5957,#5958,#5959,#5960,#5961,#5962,#5963,#5964,#5965,#5966,#5967));
#194=IFCPOLYLOOP((#5967,#5966,#5968,#5969));
#195=IFCPOLYLOOP((#5962,#5970,#5971,#5963));
#196=IFCPOLYLOOP((#5961,#5972,#5970,#5962));
#197=IFCPOLYLOOP((#5960,#5973,#5972,#5961));
#198=IFCPOLYLOOP((#5959,#5974,#5973,#5960));
#199=IFCPOLYLOOP((#5958,#5975,#5974,#5959));
#200=IFCPOLYLOOP((#5957,#5976,#5975,#5958));
#201=IFCPOLYLOOP((#5956,#5977,#5976,#5957));
#202=IFCPOLYLOOP((#5955,#5978,#5977,#5956));
#203=IFCPOLYLOOP((#5954,#5979,#5978,#5955));
#204=IFCPOLYLOOP((#5953,#5980,#5979,#5954));
#205=IFCPOLYLOOP((#5952,#5981,#5980,#5953));
#206=IFCPOLYLOOP((#5969,#5981,#5952,#5967));
#207=IFCPOLYLOOP((#5965,#5982,#5968,#5966));
#208=IFCPOLYLOOP((#5964,#5983,#5982,#5965));
#209=IFCPOLYLOOP((#5963,#5971,#5983,#5964));
#210=IFCPOLYLOOP((#5968,#5982,#5983,#5971,#5970,#5972,#5973,#5974,#5975,#5976,#5977,#5978,#5979,#5980,#5981,#5969));
#211=IFCPOLYLOOP((#5985,#5986,#5987,#5988,#5989,#5990,#5991,#5992,#5993,#5994,#5995,#5996,#5997,#5998,#5999,#6000));
#212=IFCPOLYLOOP((#6000,#5999,#6001,#6002));
#213=IFCPOLYLOOP((#5995,#6003,#6004,#5996));
#214=IFCPOLYLOOP((#5994,#6005,#6003,#5995));
#215=IFCPOLYLOOP((#5993,#6006,#6005,#5994));
#216=IFCPOLYLOOP((#5992,#6007,#6006,#5993));
#217=IFCPOLYLOOP((#5991,#6008,#6007,#5992));
#218=IFCPOLYLOOP((#5990,#6009,#6008,#5991));
#219=IFCPOLYLOOP((#5989,#6010,#6009,#5990));
#220=IFCPOLYLOOP((#5988,#6011,#6010,#5989));
#221=IFCPOLYLOOP((#5987,#6012,#6011,#5988));
#222=IFCPOLYLOOP((#5986,#6013,#6012,#5987));
#223=IFCPOLYLOOP((#5985,#6014,#6013,#5986));
#224=IFCPOLYLOOP((#6002,#6014,#5985,#6000));
#225=IFCPOLYLOOP((#5998,#6015,#6001,#5999));
#226=IFCPOLYLOOP((#5997,#6016,#6015,#5998));
#227=IFCPOLYLOOP((#5996,#6004,#6016,#5997));
#228=IFCPOLYLOOP((#6001,#6015,#6016,#6004,#6003,#6005,#6006,#6007,#6008,#6009,#6010,#6011,#6012,#6013,#6014,#6002));
#229=IFCPOLYLOOP((#6018,#6019,#6020,#6021,#6022,#6023,#6024,#6025,#6026,#6027,#6028,#6029,#6030,#6031,#6032,#6033));
#230=IFCPOLYLOOP((#6033,#6032,#6034,#6035));
#231=IFCPOLYLOOP((#6028,#6036,#6037,#6029));
#232=IFCPOLYLOOP((#6027,#6038,#6036,#6028));
#233=IFCPOLYLOOP((#6026,#6039,#6038,#6027));
#234=IFCPOLYLOOP((#6025,#6040,#6039,#6026));
#235=IFCPOLYLOOP((#6024,#6041,#6040,#6025));
#236=IFCPOLYLOOP((#6023,#6042,#6041,#6024));
#237=IFCPOLYLOOP((#6022,#6043,#6042,#6023));
#238=IFCPOLYLOOP((#6021,#6044,#6043,#6022));
#239=IFCPOLYLOOP((#6020,#6045,#6044,#6021));
#240=IFCPOLYLOOP((#6019,#6046,#6045,#6020));
#241=IFCPOLYLOOP((#6018,#6047,#6046,#6019));
#242=IFCPOLYLOOP((#6035,#6047,#6018,#6033));
#243=IFCPOLYLOOP((#6031,#6048,#6034,#6032));
#244=IFCPOLYLOOP((#6030,#6049,#6048,#6031));
#245=IFCPOLYLOOP((#6029,#6037,#6049,#6030));
#246=IFCPOLYLOOP((#6034,#6048,#6049,#6037,#6036,#6038,#6039,#6040,#6041,#6042,#6043,#6044,#6045,#6046,#6047,#6035));
#247=IFCPOLYLOOP((#6051,#6052,#6053,#6054,#6055,#6056,#6057,#6058,#6059,#6060,#6061,#6062,#6063,#6064,#6065,#6066));
#248=IFCPOLYLOOP((#6066,#6065,#6067,#6068));
#249=IFCPOLYLOOP((#6061,#6069,#6070,#6062));
#250=IFCPOLYLOOP((#6060,#6071,#6069,#6061));
#251=IFCPOLYLOOP((#6059,#6072,#6071,#6060));
#252=IFCPOLYLOOP((#6058,#6073,#6072,#6059));
#253=IFCPOLYLOOP((#6057,#6074,#6073,#6058));
#254=IFCPOLYLOOP((#6056,#6075,#6074,#6057));
#255=IFCPOLYLOOP((#6055,#6076,#6075,#6056));
#256=IFCPOLYLOOP((#6054,#6077,#6076,#6055));
#257=IFCPOLYLOOP((#6053,#6078,#6077,#6054));
#258=IFCPOLYLOOP((#6052,#6079,#6078,#6053));
#259=IFCPOLYLOOP((#6051,#6080,#6079,#6052));
#260=IFCPOLYLOOP((#6068,#6080,#6051,#6066));
#261=IFCPOLYLOOP((#6064,#6081,#6067,#6065));
#262=IFCPOLYLOOP((#6063,#6082,#6081,#6064));
#263=IFCPOLYLOOP((#6062,#6070,#6082,#6063));
#264=IFCPOLYLOOP((#6067,#6081,#6082,#6070,#6069,#6071,#6072,#6073,#6074,#6075,#6076,#6077,#6078,#6079,#6080,#6068));
#265=IFCPOLYLOOP((#6084,#6085,#6086,#6087,#6088,#6089,#6090,#6091,#6092,#6093,#6094,#6095,#6096,#6097,#6098,#6099));
#266=IFCPOLYLOOP((#6099,#6098,#6100,#6101));
#267=IFCPOLYLOOP((#6094,#6102,#6103,#6095));
#268=IFCPOLYLOOP((#6093,#6104,#6102,#6094));
#269=IFCPOLYLOOP((#6092,#6105,#6104,#6093));
#270=IFCPOLYLOOP((#6091,#6106,#6105,#6092));
#271=IFCPOLYLOOP((#6090,#6107,#6106,#6091));
#272=IFCPOLYLOOP((#6089,#6108,#6107,#6090));
#273=IFCPOLYLOOP((#6088,#6109,#6108,#6089));
#274=IFCPOLYLOOP((#6087,#6110,#6109,#6088));
#275=IFCPOLYLOOP((#6086,#6111,#6110,#6087));
#276=IFCPOLYLOOP((#6085,#6112,#6111,#6086));
#277=IFCPOLYLOOP((#6084,#6113,#6112,#6085));
#278=IFCPOLYLOOP((#6101,#6113,#6084,#6099));
#279=IFCPOLYLOOP((#6097,#6114,#6100,#6098));
#280=IFCPOLYLOOP((#6096,#6115,#6114,#6097));
#281=IFCPOLYLOOP((#6095,#6103,#6115,#6096));
#282=IFCPOLYLOOP((#6100,#6114,#6115,#6103,#6102,#6104,#6105,#6106,#6107,#6108,#6109,#6110,#6111,#6112,#6113,#6101));
#283=IFCPOLYLOOP((#6117,#6118,#6119,#6120,#6121,#6122,#6123,#6124,#6125,#6126,#6127,#6128,#6129,#6130,#6131,#6132));
#284=IFCPOLYLOOP((#6132,#6131,#6133,#6134));
#285=IFCPOLYLOOP((#6127,#6135,#6136,#6128));
#286=IFCPOLYLOOP((#6126,#6137,#6135,#6127));
#287=IFCPOLYLOOP((#6125,#6138,#6137,#6126));
#288=IFCPOLYLOOP((#6124,#6139,#6138,#6125));
#289=IFCPOLYLOOP((#6123,#6140,#6139,#6124));
#290=IFCPOLYLOOP((#6122,#6141,#6140,#6123));
#291=IFCPOLYLOOP((#6121,#6142,#6141,#6122));
#292=IFCPOLYLOOP((#6120,#6143,#6142,#6121));
#293=IFCPOLYLOOP((#6119,#6144,#6143,#6120));
#294=IFCPOLYLOOP((#6118,#6145,#6144,#6119));
#295=IFCPOLYLOOP((#6117,#6146,#6145,#6118));
#296=IFCPOLYLOOP((#6134,#6146,#6117,#6132));
#297=IFCPOLYLOOP((#6130,#6147,#6133,#6131));
#298=IFCPOLYLOOP((#6129,#6148,#6147,#6130));
#299=IFCPOLYLOOP((#6128,#6136,#6148,#6129));
#300=IFCPOLYLOOP((#6133,#6147,#6148,#6136,#6135,#6137,#6138,#6139,#6140,#6141,#6142,#6143,#6144,#6145,#6146,#6134));
#301=IFCPOLYLOOP((#6150,#6151,#6152,#6153,#6154,#6155,#6156,#6157,#6158,#6159,#6160,#6161,#6162,#6163,#6164,#6165));
#302=IFCPOLYLOOP((#6165,#6164,#6166,#6167));
#303=IFCPOLYLOOP((#6160,#6168,#6169,#6161));
#304=IFCPOLYLOOP((#6159,#6170,#6168,#6160));
#305=IFCPOLYLOOP((#6158,#6171,#6170,#6159));
#306=IFCPOLYLOOP((#6157,#6172,#6171,#6158));
#307=IFCPOLYLOOP((#6156,#6173,#6172,#6157));
#308=IFCPOLYLOOP((#6155,#6174,#6173,#6156));
#309=IFCPOLYLOOP((#6154,#6175,#6174,#6155));
#310=IFCPOLYLOOP((#6153,#6176,#6175,#6154));
#311=IFCPOLYLOOP((#6152,#6177,#6176,#6153));
#312=IFCPOLYLOOP((#6151,#6178,#6177,#6152));
#313=IFCPOLYLOOP((#6150,#6179,#6178,#6151));
#314=IFCPOLYLOOP((#6167,#6179,#6150,#6165));
#315=IFCPOLYLOOP((#6163,#6180,#6166,#6164));
#316=IFCPOLYLOOP((#6162,#6181,#6180,#6163));
#317=IFCPOLYLOOP((#6161,#6169,#6181,#6162));
#318=IFCPOLYLOOP((#6166,#6180,#6181,#6169,#6168,#6170,#6171,#6172,#6173,#6174,#6175,#6176,#6177,#6178,#6179,#6167));
#319=IFCPOLYLOOP((#6183,#6184,#6185,#6186));
#320=IFCPOLYLOOP((#6187,#6188,#6189,#6190));
#321=IFCPOLYLOOP((#6191,#6192,#6188,#6187));
#322=IFCPOLYLOOP((#6193,#6194,#6192,#6191));
#323=IFCPOLYLOOP((#6195,#6196,#6194,#6193));
#324=IFCPOLYLOOP((#6197,#6198,#6196,#6195));
#325=IFCPOLYLOOP((#6199,#6200,#6198,#6197));
#326=IFCPOLYLOOP((#6201,#6202,#6200,#6199));
#327=IFCPOLYLOOP((#6203,#6204,#6202,#6201));
#328=IFCPOLYLOOP((#6205,#6206,#6204,#6203));
#329=IFCPOLYLOOP((#6207,#6208,#6206,#6205));
#330=IFCPOLYLOOP((#6209,#6210,#6208,#6207));
#331=IFCPOLYLOOP((#6186,#6210,#6209,#6183));
#332=IFCPOLYLOOP((#6211,#6212,#6185,#6184));
#333=IFCPOLYLOOP((#6213,#6214,#6212,#6211));
#334=IFCPOLYLOOP((#6190,#6189,#6214,#6213));
#335=IFCPOLYLOOP((#6215,#6210,#6186));
#336=IFCPOLYLOOP((#6216,#6202,#6204));
#337=IFCPOLYLOOP((#6215,#6208,#6210));
#338=IFCPOLYLOOP((#6186,#6185,#6215));
#339=IFCPOLYLOOP((#6204,#6215,#6216));
#340=IFCPOLYLOOP((#6215,#6217,#6216));
#341=IFCPOLYLOOP((#6218,#6192,#6194));
#342=IFCPOLYLOOP((#6218,#6189,#6188));
#343=IFCPOLYLOOP((#6215,#6214,#6189));
#344=IFCPOLYLOOP((#6185,#6212,#6215));
#345=IFCPOLYLOOP((#6204,#6206,#6215));
#346=IFCPOLYLOOP((#6216,#6196,#6198));
#347=IFCPOLYLOOP((#6188,#6192,#6218));
#348=IFCPOLYLOOP((#6215,#6212,#6214));
#349=IFCPOLYLOOP((#6189,#6218,#6215));
#350=IFCPOLYLOOP((#6215,#6206,#6208));
#351=IFCPOLYLOOP((#6216,#6200,#6202));
#352=IFCPOLYLOOP((#6194,#6196,#6216,#6218));
#353=IFCPOLYLOOP((#6198,#6200,#6216));
#354=IFCPOLYLOOP((#6216,#6219,#6220,#6218));
#355=IFCPOLYLOOP((#6215,#6221,#6222,#6217));
#356=IFCPOLYLOOP((#6216,#6217,#6222,#6219));
#357=IFCPOLYLOOP((#6219,#6222,#6221,#6220));
#358=IFCPOLYLOOP((#6220,#6221,#6215,#6218));
#359=IFCPOLYLOOP((#6223,#6184,#6183));
#360=IFCPOLYLOOP((#6223,#6224,#6225,#6190));
#361=IFCPOLYLOOP((#6190,#6213,#6223));
#362=IFCPOLYLOOP((#6183,#6209,#6223));
#363=IFCPOLYLOOP((#6209,#6207,#6223));
#364=IFCPOLYLOOP((#6213,#6211,#6223));
#365=IFCPOLYLOOP((#6225,#6191,#6187));
#366=IFCPOLYLOOP((#6223,#6211,#6184));
#367=IFCPOLYLOOP((#6187,#6190,#6225));
#368=IFCPOLYLOOP((#6225,#6226,#6195,#6193));
#369=IFCPOLYLOOP((#6207,#6205,#6223));
#370=IFCPOLYLOOP((#6193,#6191,#6225));
#371=IFCPOLYLOOP((#6226,#6199,#6197));
#372=IFCPOLYLOOP((#6197,#6195,#6226));
#373=IFCPOLYLOOP((#6226,#6223,#6203,#6201));
#374=IFCPOLYLOOP((#6201,#6199,#6226));
#375=IFCPOLYLOOP((#6205,#6203,#6223));
#376=IFCPOLYLOOP((#6227,#6226,#6225,#6228));
#377=IFCPOLYLOOP((#6229,#6224,#6223,#6230));
#378=IFCPOLYLOOP((#6225,#6224,#6229,#6228));
#379=IFCPOLYLOOP((#6227,#6230,#6223,#6226));
#380=IFCPOLYLOOP((#6228,#6229,#6230,#6227));
#381=IFCPOLYLOOP((#6232,#6233,#6234,#6235,#6236,#6237,#6238,#6239,#6240,#6241,#6242,#6243,#6244,#6245,#6246,#6247));
#382=IFCPOLYLOOP((#6247,#6246,#6248,#6249));
#383=IFCPOLYLOOP((#6242,#6250,#6251,#6243));
#384=IFCPOLYLOOP((#6241,#6252,#6250,#6242));
#385=IFCPOLYLOOP((#6240,#6253,#6252,#6241));
#386=IFCPOLYLOOP((#6239,#6254,#6253,#6240));
#387=IFCPOLYLOOP((#6238,#6255,#6254,#6239));
#388=IFCPOLYLOOP((#6237,#6256,#6255,#6238));
#389=IFCPOLYLOOP((#6236,#6257,#6256,#6237));
#390=IFCPOLYLOOP((#6235,#6258,#6257,#6236));
#391=IFCPOLYLOOP((#6234,#6259,#6258,#6235));
#392=IFCPOLYLOOP((#6233,#6260,#6259,#6234));
#393=IFCPOLYLOOP((#6232,#6261,#6260,#6233));
#394=IFCPOLYLOOP((#6249,#6261,#6232,#6247));
#395=IFCPOLYLOOP((#6245,#6262,#6248,#6246));
#396=IFCPOLYLOOP((#6244,#6263,#6262,#6245));
#397=IFCPOLYLOOP((#6243,#6251,#6263,#6244));
#398=IFCPOLYLOOP((#6248,#6262,#6263,#6251,#6250,#6252,#6253,#6254,#6255,#6256,#6257,#6258,#6259,#6260,#6261,#6249));
#399=IFCPOLYLOOP((#6266,#6267,#6268,#6269));
#400=IFCPOLYLOOP((#6270,#6271,#6272,#6273));
#401=IFCPOLYLOOP((#6274,#6275,#6271,#6270));
#402=IFCPOLYLOOP((#6276,#6277,#6275,#6274));
#403=IFCPOLYLOOP((#6278,#6279,#6277,#6276));
#404=IFCPOLYLOOP((#6280,#6281,#6279,#6278));
#405=IFCPOLYLOOP((#6282,#6283,#6281,#6280));
#406=IFCPOLYLOOP((#6284,#6285,#6283,#6282));
#407=IFCPOLYLOOP((#6286,#6287,#6285,#6284));
#408=IFCPOLYLOOP((#6288,#6289,#6287,#6286));
#409=IFCPOLYLOOP((#6290,#6291,#6289,#6288));
#410=IFCPOLYLOOP((#6292,#6293,#6291,#6290));
#411=IFCPOLYLOOP((#6269,#6293,#6292,#6266));
#412=IFCPOLYLOOP((#6294,#6295,#6268,#6267));
#413=IFCPOLYLOOP((#6296,#6297,#6295,#6294));
#414=IFCPOLYLOOP((#6273,#6272,#6297,#6296));
#415=IFCPOLYLOOP((#6298,#6293,#6269));
#416=IFCPOLYLOOP((#6298,#6299,#6291,#6293));
#417=IFCPOLYLOOP((#6269,#6268,#6298));
#418=IFCPOLYLOOP((#6299,#6287,#6289));
#419=IFCPOLYLOOP((#6298,#6297,#6272));
#420=IFCPOLYLOOP((#6268,#6295,#6298));
#421=IFCPOLYLOOP((#6299,#6300,#6285,#6287));
#422=IFCPOLYLOOP((#6300,#6281,#6283));
#423=IFCPOLYLOOP((#6301,#6271,#6275));
#424=IFCPOLYLOOP((#6295,#6297,#6298));
#425=IFCPOLYLOOP((#6283,#6285,#6300));
#426=IFCPOLYLOOP((#6300,#6301,#6277,#6279));
#427=IFCPOLYLOOP((#6301,#6272,#6271));
#428=IFCPOLYLOOP((#6289,#6291,#6299));
#429=IFCPOLYLOOP((#6275,#6277,#6301));
#430=IFCPOLYLOOP((#6279,#6281,#6300));
#431=IFCPOLYLOOP((#6272,#6301,#6298));
#432=IFCPOLYLOOP((#6300,#6302,#6303,#6301));
#433=IFCPOLYLOOP((#6298,#6304,#6305,#6299));
#434=IFCPOLYLOOP((#6300,#6299,#6305,#6302));
#435=IFCPOLYLOOP((#6302,#6305,#6304,#6303));
#436=IFCPOLYLOOP((#6303,#6304,#6298,#6301));
#437=IFCPOLYLOOP((#6306,#6266,#6292));
#438=IFCPOLYLOOP((#6306,#6294,#6267));
#439=IFCPOLYLOOP((#6307,#6308,#6273));
#440=IFCPOLYLOOP((#6267,#6266,#6306));
#441=IFCPOLYLOOP((#6292,#6290,#6306));
#442=IFCPOLYLOOP((#6308,#6270,#6273));
#443=IFCPOLYLOOP((#6308,#6276,#6274));
#444=IFCPOLYLOOP((#6306,#6307,#6296,#6294));
#445=IFCPOLYLOOP((#6274,#6270,#6308));
#446=IFCPOLYLOOP((#6273,#6296,#6307));
#447=IFCPOLYLOOP((#6309,#6280,#6278));
#448=IFCPOLYLOOP((#6306,#6290,#6288));
#449=IFCPOLYLOOP((#6278,#6276,#6308,#6309));
#450=IFCPOLYLOOP((#6309,#6284,#6282));
#451=IFCPOLYLOOP((#6309,#6306,#6286,#6284));
#452=IFCPOLYLOOP((#6282,#6280,#6309));
#453=IFCPOLYLOOP((#6288,#6286,#6306));
#454=IFCPOLYLOOP((#6310,#6309,#6308,#6311));
#455=IFCPOLYLOOP((#6312,#6307,#6306,#6313));
#456=IFCPOLYLOOP((#6308,#6307,#6312,#6311));
#457=IFCPOLYLOOP((#6310,#6313,#6306,#6309));
#458=IFCPOLYLOOP((#6311,#6312,#6313,#6310));
#459=IFCPOLYLOOP((#6315,#6316,#6317,#6318,#6319,#6320,#6321,#6322,#6323,#6324,#6325,#6326,#6327,#6328,#6329,#6330));
#460=IFCPOLYLOOP((#6330,#6329,#6331,#6332));
#461=IFCPOLYLOOP((#6325,#6333,#6334,#6326));
#462=IFCPOLYLOOP((#6324,#6335,#6333,#6325));
#463=IFCPOLYLOOP((#6323,#6336,#6335,#6324));
#464=IFCPOLYLOOP((#6322,#6337,#6336,#6323));
#465=IFCPOLYLOOP((#6321,#6338,#6337,#6322));
#466=IFCPOLYLOOP((#6320,#6339,#6338,#6321));
#467=IFCPOLYLOOP((#6319,#6340,#6339,#6320));
#468=IFCPOLYLOOP((#6318,#6341,#6340,#6319));
#469=IFCPOLYLOOP((#6317,#6342,#6341,#6318));
#470=IFCPOLYLOOP((#6316,#6343,#6342,#6317));
#471=IFCPOLYLOOP((#6315,#6344,#6343,#6316));
#472=IFCPOLYLOOP((#6332,#6344,#6315,#6330));
#473=IFCPOLYLOOP((#6328,#6345,#6331,#6329));
#474=IFCPOLYLOOP((#6327,#6346,#6345,#6328));
#475=IFCPOLYLOOP((#6326,#6334,#6346,#6327));
#476=IFCPOLYLOOP((#6331,#6345,#6346,#6334,#6333,#6335,#6336,#6337,#6338,#6339,#6340,#6341,#6342,#6343,#6344,#6332));
#477=IFCPOLYLOOP((#6348,#6349,#6350,#6351,#6352,#6353,#6354,#6355,#6356,#6357,#6358,#6359,#6360,#6361,#6362,#6363));
#478=IFCPOLYLOOP((#6363,#6362,#6364,#6365));
#479=IFCPOLYLOOP((#6358,#6366,#6367,#6359));
#480=IFCPOLYLOOP((#6357,#6368,#6366,#6358));
#481=IFCPOLYLOOP((#6356,#6369,#6368,#6357));
#482=IFCPOLYLOOP((#6355,#6370,#6369,#6356));
#483=IFCPOLYLOOP((#6354,#6371,#6370,#6355));
#484=IFCPOLYLOOP((#6353,#6372,#6371,#6354));
#485=IFCPOLYLOOP((#6352,#6373,#6372,#6353));
#486=IFCPOLYLOOP((#6351,#6374,#6373,#6352));
#487=IFCPOLYLOOP((#6350,#6375,#6374,#6351));
#488=IFCPOLYLOOP((#6349,#6376,#6375,#6350));
#489=IFCPOLYLOOP((#6348,#6377,#6376,#6349));
#490=IFCPOLYLOOP((#6365,#6377,#6348,#6363));
#491=IFCPOLYLOOP((#6361,#6378,#6364,#6362));
#492=IFCPOLYLOOP((#6360,#6379,#6378,#6361));
#493=IFCPOLYLOOP((#6359,#6367,#6379,#6360));
#494=IFCPOLYLOOP((#6364,#6378,#6379,#6367,#6366,#6368,#6369,#6370,#6371,#6372,#6373,#6374,#6375,#6376,#6377,#6365));
#495=IFCPOLYLOOP((#6382,#6383,#6384,#6385));
#496=IFCPOLYLOOP((#6386,#6387,#6388,#6389));
#497=IFCPOLYLOOP((#6390,#6391,#6387,#6386));
#498=IFCPOLYLOOP((#6392,#6393,#6391,#6390));
#499=IFCPOLYLOOP((#6394,#6395,#6393,#6392));
#500=IFCPOLYLOOP((#6385,#6384,#6395,#6394));
#501=IFCPOLYLOOP((#6389,#6388,#6396,#6397));
#502=IFCPOLYLOOP((#6397,#6396,#6398,#6399));
#503=IFCPOLYLOOP((#6399,#6398,#6400,#6401));
#504=IFCPOLYLOOP((#6385,#6394,#6402,#6403));
#505=IFCPOLYLOOP((#6394,#6392,#6404,#6402));
#506=IFCPOLYLOOP((#6389,#6397,#6399,#6401));
#507=IFCPOLYLOOP((#6392,#6390,#6405,#6404));
#508=IFCPOLYLOOP((#6401,#6406,#6386,#6389));
#509=IFCPOLYLOOP((#6406,#6405,#6390,#6386));
#510=IFCPOLYLOOP((#6403,#6407,#6382,#6385));
#511=IFCPOLYLOOP((#6384,#6383,#6408,#6409));
#512=IFCPOLYLOOP((#6388,#6387,#6410,#6400));
#513=IFCPOLYLOOP((#6409,#6411,#6395,#6384));
#514=IFCPOLYLOOP((#6387,#6391,#6412,#6410));
#515=IFCPOLYLOOP((#6411,#6413,#6393,#6395));
#516=IFCPOLYLOOP((#6413,#6412,#6391,#6393));
#517=IFCPOLYLOOP((#6400,#6398,#6396,#6388));
#518=IFCPOLYLOOP((#6402,#6411,#6409,#6403));
#519=IFCPOLYLOOP((#6404,#6413,#6411,#6402));
#520=IFCPOLYLOOP((#6405,#6412,#6413,#6404));
#521=IFCPOLYLOOP((#6406,#6410,#6412,#6405));
#522=IFCPOLYLOOP((#6401,#6400,#6410,#6406));
#523=IFCPOLYLOOP((#6403,#6409,#6408,#6407));
#524=IFCPOLYLOOP((#6407,#6408,#6383,#6382));
#525=IFCPOLYLOOP((#6415,#6416,#6417,#6418,#6419,#6420,#6421,#6422,#6423,#6424,#6425,#6426,#6427,#6428,#6429));
#526=IFCPOLYLOOP((#6428,#6430,#6431,#6429));
#527=IFCPOLYLOOP((#6427,#6432,#6430,#6428));
#528=IFCPOLYLOOP((#6426,#6433,#6432,#6427));
#529=IFCPOLYLOOP((#6425,#6434,#6433,#6426));
#530=IFCPOLYLOOP((#6424,#6435,#6434,#6425));
#531=IFCPOLYLOOP((#6423,#6436,#6435,#6424));
#532=IFCPOLYLOOP((#6422,#6437,#6436,#6423));
#533=IFCPOLYLOOP((#6421,#6438,#6437,#6422));
#534=IFCPOLYLOOP((#6420,#6439,#6438,#6421));
#535=IFCPOLYLOOP((#6419,#6440,#6439,#6420));
#536=IFCPOLYLOOP((#6418,#6441,#6440,#6419));
#537=IFCPOLYLOOP((#6417,#6442,#6441,#6418));
#538=IFCPOLYLOOP((#6416,#6443,#6442,#6417));
#539=IFCPOLYLOOP((#6415,#6444,#6443,#6416));
#540=IFCPOLYLOOP((#6429,#6431,#6444,#6415));
#541=IFCPOLYLOOP((#6430,#6432,#6433,#6434,#6435,#6436,#6437,#6438,#6439,#6440,#6441,#6442,#6443,#6444,#6431));
#542=IFCPOLYLOOP((#6446,#6447,#6448,#6449,#6450,#6451,#6452,#6453,#6454,#6455,#6456,#6457,#6458,#6459,#6460,#6461));
#543=IFCPOLYLOOP((#6461,#6460,#6462,#6463));
#544=IFCPOLYLOOP((#6456,#6464,#6465,#6457));
#545=IFCPOLYLOOP((#6455,#6466,#6464,#6456));
#546=IFCPOLYLOOP((#6454,#6467,#6466,#6455));
#547=IFCPOLYLOOP((#6453,#6468,#6467,#6454));
#548=IFCPOLYLOOP((#6452,#6469,#6468,#6453));
#549=IFCPOLYLOOP((#6451,#6470,#6469,#6452));
#550=IFCPOLYLOOP((#6450,#6471,#6470,#6451));
#551=IFCPOLYLOOP((#6449,#6472,#6471,#6450));
#552=IFCPOLYLOOP((#6448,#6473,#6472,#6449));
#553=IFCPOLYLOOP((#6447,#6474,#6473,#6448));
#554=IFCPOLYLOOP((#6446,#6475,#6474,#6447));
#555=IFCPOLYLOOP((#6463,#6475,#6446,#6461));
#556=IFCPOLYLOOP((#6459,#6476,#6462,#6460));
#557=IFCPOLYLOOP((#6458,#6477,#6476,#6459));
#558=IFCPOLYLOOP((#6457,#6465,#6477,#6458));
#559=IFCPOLYLOOP((#6462,#6476,#6477,#6465,#6464,#6466,#6467,#6468,#6469,#6470,#6471,#6472,#6473,#6474,#6475,#6463));
#560=IFCPOLYLOOP((#6479,#6480,#6481,#6482,#6483,#6484,#6485,#6486,#6487,#6488,#6489,#6490,#6491,#6492,#6493));
#561=IFCPOLYLOOP((#6492,#6494,#6495,#6493));
#562=IFCPOLYLOOP((#6491,#6496,#6494,#6492));
#563=IFCPOLYLOOP((#6490,#6497,#6496,#6491));
#564=IFCPOLYLOOP((#6489,#6498,#6497,#6490));
#565=IFCPOLYLOOP((#6488,#6499,#6498,#6489));
#566=IFCPOLYLOOP((#6487,#6500,#6499,#6488));
#567=IFCPOLYLOOP((#6486,#6501,#6500,#6487));
#568=IFCPOLYLOOP((#6485,#6502,#6501,#6486));
#569=IFCPOLYLOOP((#6484,#6503,#6502,#6485));
#570=IFCPOLYLOOP((#6483,#6504,#6503,#6484));
#571=IFCPOLYLOOP((#6482,#6505,#6504,#6483));
#572=IFCPOLYLOOP((#6481,#6506,#6505,#6482));
#573=IFCPOLYLOOP((#6480,#6507,#6506,#6481));
#574=IFCPOLYLOOP((#6479,#6508,#6507,#6480));
#575=IFCPOLYLOOP((#6493,#6495,#6508,#6479));
#576=IFCPOLYLOOP((#6494,#6496,#6497,#6498,#6499,#6500,#6501,#6502,#6503,#6504,#6505,#6506,#6507,#6508,#6495));
#577=IFCPOLYLOOP((#6510,#6511,#6512,#6513,#6514,#6515,#6516,#6517,#6518,#6519,#6520,#6521,#6522,#6523,#6524));
#578=IFCPOLYLOOP((#6523,#6525,#6526,#6524));
#579=IFCPOLYLOOP((#6522,#6527,#6525,#6523));
#580=IFCPOLYLOOP((#6521,#6528,#6527,#6522));
#581=IFCPOLYLOOP((#6520,#6529,#6528,#6521));
#582=IFCPOLYLOOP((#6519,#6530,#6529,#6520));
#583=IFCPOLYLOOP((#6518,#6531,#6530,#6519));
#584=IFCPOLYLOOP((#6517,#6532,#6531,#6518));
#585=IFCPOLYLOOP((#6516,#6533,#6532,#6517));
#586=IFCPOLYLOOP((#6515,#6534,#6533,#6516));
#587=IFCPOLYLOOP((#6514,#6535,#6534,#6515));
#588=IFCPOLYLOOP((#6513,#6536,#6535,#6514));
#589=IFCPOLYLOOP((#6512,#6537,#6536,#6513));
#590=IFCPOLYLOOP((#6511,#6538,#6537,#6512));
#591=IFCPOLYLOOP((#6510,#6539,#6538,#6511));
#592=IFCPOLYLOOP((#6524,#6526,#6539,#6510));
#593=IFCPOLYLOOP((#6525,#6527,#6528,#6529,#6530,#6531,#6532,#6533,#6534,#6535,#6536,#6537,#6538,#6539,#6526));
#594=IFCPOLYLOOP((#6541,#6542,#6543,#6544));
#595=IFCPOLYLOOP((#6544,#6543,#6545,#6546));
#596=IFCPOLYLOOP((#6546,#6545,#6547,#6548));
#597=IFCPOLYLOOP((#6549,#6550,#6551,#6552));
#598=IFCPOLYLOOP((#6553,#6554,#6550,#6549));
#599=IFCPOLYLOOP((#6555,#6556,#6554,#6553));
#600=IFCPOLYLOOP((#6548,#6547,#6556,#6555));
#601=IFCPOLYLOOP((#6552,#6551,#6557,#6558));
#602=IFCPOLYLOOP((#6548,#6555,#6559,#6541));
#603=IFCPOLYLOOP((#6553,#6549,#6560,#6561));
#604=IFCPOLYLOOP((#6561,#6559,#6555,#6553));
#605=IFCPOLYLOOP((#6552,#6558,#6562,#6563));
#606=IFCPOLYLOOP((#6563,#6560,#6549,#6552));
#607=IFCPOLYLOOP((#6541,#6544,#6546,#6548));
#608=IFCPOLYLOOP((#6554,#6556,#6564,#6565));
#609=IFCPOLYLOOP((#6547,#6545,#6543,#6542));
#610=IFCPOLYLOOP((#6551,#6550,#6566,#6567));
#611=IFCPOLYLOOP((#6542,#6564,#6556,#6547));
#612=IFCPOLYLOOP((#6565,#6566,#6550,#6554));
#613=IFCPOLYLOOP((#6567,#6568,#6557,#6551));
#614=IFCPOLYLOOP((#6558,#6557,#6568,#6562));
#615=IFCPOLYLOOP((#6562,#6568,#6567,#6563));
#616=IFCPOLYLOOP((#6559,#6564,#6542,#6541));
#617=IFCPOLYLOOP((#6561,#6565,#6564,#6559));
#618=IFCPOLYLOOP((#6560,#6566,#6565,#6561));
#619=IFCPOLYLOOP((#6563,#6567,#6566,#6560));
#620=IFCPOLYLOOP((#6570,#6571,#6572,#6573,#6574,#6575,#6576,#6577,#6578,#6579,#6580,#6581,#6582,#6583,#6584));
#621=IFCPOLYLOOP((#6583,#6585,#6586,#6584));
#622=IFCPOLYLOOP((#6582,#6587,#6585,#6583));
#623=IFCPOLYLOOP((#6581,#6588,#6587,#6582));
#624=IFCPOLYLOOP((#6580,#6589,#6588,#6581));
#625=IFCPOLYLOOP((#6579,#6590,#6589,#6580));
#626=IFCPOLYLOOP((#6578,#6591,#6590,#6579));
#627=IFCPOLYLOOP((#6577,#6592,#6591,#6578));
#628=IFCPOLYLOOP((#6576,#6593,#6592,#6577));
#629=IFCPOLYLOOP((#6575,#6594,#6593,#6576));
#630=IFCPOLYLOOP((#6574,#6595,#6594,#6575));
#631=IFCPOLYLOOP((#6573,#6596,#6595,#6574));
#632=IFCPOLYLOOP((#6572,#6597,#6596,#6573));
#633=IFCPOLYLOOP((#6571,#6598,#6597,#6572));
#634=IFCPOLYLOOP((#6570,#6599,#6598,#6571));
#635=IFCPOLYLOOP((#6584,#6586,#6599,#6570));
#636=IFCPOLYLOOP((#6585,#6587,#6588,#6589,#6590,#6591,#6592,#6593,#6594,#6595,#6596,#6597,#6598,#6599,#6586));
#637=IFCPOLYLOOP((#6601,#6602,#6603,#6604,#6605,#6606,#6607,#6608,#6609,#6610,#6611,#6612,#6613,#6614,#6615));
#638=IFCPOLYLOOP((#6614,#6616,#6617,#6615));
#639=IFCPOLYLOOP((#6613,#6618,#6616,#6614));
#640=IFCPOLYLOOP((#6612,#6619,#6618,#6613));
#641=IFCPOLYLOOP((#6611,#6620,#6619,#6612));
#642=IFCPOLYLOOP((#6610,#6621,#6620,#6611));
#643=IFCPOLYLOOP((#6609,#6622,#6621,#6610));
#644=IFCPOLYLOOP((#6608,#6623,#6622,#6609));
#645=IFCPOLYLOOP((#6607,#6624,#6623,#6608));
#646=IFCPOLYLOOP((#6606,#6625,#6624,#6607));
#647=IFCPOLYLOOP((#6605,#6626,#6625,#6606));
#648=IFCPOLYLOOP((#6604,#6627,#6626,#6605));
#649=IFCPOLYLOOP((#6603,#6628,#6627,#6604));
#650=IFCPOLYLOOP((#6602,#6629,#6628,#6603));
#651=IFCPOLYLOOP((#6601,#6630,#6629,#6602));
#652=IFCPOLYLOOP((#6615,#6617,#6630,#6601));
#653=IFCPOLYLOOP((#6616,#6618,#6619,#6620,#6621,#6622,#6623,#6624,#6625,#6626,#6627,#6628,#6629,#6630,#6617));
#654=IFCPOLYLOOP((#6632,#6633,#6634,#6635,#6636,#6637,#6638,#6639,#6640,#6641,#6642,#6643,#6644,#6645,#6646));
#655=IFCPOLYLOOP((#6645,#6647,#6648,#6646));
#656=IFCPOLYLOOP((#6644,#6649,#6647,#6645));
#657=IFCPOLYLOOP((#6643,#6650,#6649,#6644));
#658=IFCPOLYLOOP((#6642,#6651,#6650,#6643));
#659=IFCPOLYLOOP((#6641,#6652,#6651,#6642));
#660=IFCPOLYLOOP((#6640,#6653,#6652,#6641));
#661=IFCPOLYLOOP((#6639,#6654,#6653,#6640));
#662=IFCPOLYLOOP((#6638,#6655,#6654,#6639));
#663=IFCPOLYLOOP((#6637,#6656,#6655,#6638));
#664=IFCPOLYLOOP((#6636,#6657,#6656,#6637));
#665=IFCPOLYLOOP((#6635,#6658,#6657,#6636));
#666=IFCPOLYLOOP((#6634,#6659,#6658,#6635));
#667=IFCPOLYLOOP((#6633,#6660,#6659,#6634));
#668=IFCPOLYLOOP((#6632,#6661,#6660,#6633));
#669=IFCPOLYLOOP((#6646,#6648,#6661,#6632));
#670=IFCPOLYLOOP((#6647,#6649,#6650,#6651,#6652,#6653,#6654,#6655,#6656,#6657,#6658,#6659,#6660,#6661,#6648));
#671=IFCPOLYLOOP((#6670,#6671,#6672,#6673,#6674,#6675,#6676,#6677,#6678,#6679,#6680,#6681,#6682,#6683,#6684,#6685));
#672=IFCPOLYLOOP((#6685,#6684,#6686,#6687));
#673=IFCPOLYLOOP((#6680,#6688,#6689,#6681));
#674=IFCPOLYLOOP((#6679,#6690,#6688,#6680));
#675=IFCPOLYLOOP((#6678,#6691,#6690,#6679));
#676=IFCPOLYLOOP((#6677,#6692,#6691,#6678));
#677=IFCPOLYLOOP((#6676,#6693,#6692,#6677));
#678=IFCPOLYLOOP((#6675,#6694,#6693,#6676));
#679=IFCPOLYLOOP((#6674,#6695,#6694,#6675));
#680=IFCPOLYLOOP((#6673,#6696,#6695,#6674));
#681=IFCPOLYLOOP((#6672,#6697,#6696,#6673));
#682=IFCPOLYLOOP((#6671,#6698,#6697,#6672));
#683=IFCPOLYLOOP((#6670,#6699,#6698,#6671));
#684=IFCPOLYLOOP((#6687,#6699,#6670,#6685));
#685=IFCPOLYLOOP((#6683,#6700,#6686,#6684));
#686=IFCPOLYLOOP((#6682,#6701,#6700,#6683));
#687=IFCPOLYLOOP((#6681,#6689,#6701,#6682));
#688=IFCPOLYLOOP((#6686,#6700,#6701,#6689,#6688,#6690,#6691,#6692,#6693,#6694,#6695,#6696,#6697,#6698,#6699,#6687));
#689=IFCPOLYLOOP((#6703,#6704,#6705,#6706,#6707,#6708,#6709,#6710,#6711,#6712,#6713,#6714,#6715,#6716,#6717,#6718));
#690=IFCPOLYLOOP((#6718,#6717,#6719,#6720));
#691=IFCPOLYLOOP((#6713,#6721,#6722,#6714));
#692=IFCPOLYLOOP((#6712,#6723,#6721,#6713));
#693=IFCPOLYLOOP((#6711,#6724,#6723,#6712));
#694=IFCPOLYLOOP((#6710,#6725,#6724,#6711));
#695=IFCPOLYLOOP((#6709,#6726,#6725,#6710));
#696=IFCPOLYLOOP((#6708,#6727,#6726,#6709));
#697=IFCPOLYLOOP((#6707,#6728,#6727,#6708));
#698=IFCPOLYLOOP((#6706,#6729,#6728,#6707));
#699=IFCPOLYLOOP((#6705,#6730,#6729,#6706));
#700=IFCPOLYLOOP((#6704,#6731,#6730,#6705));
#701=IFCPOLYLOOP((#6703,#6732,#6731,#6704));
#702=IFCPOLYLOOP((#6720,#6732,#6703,#6718));
#703=IFCPOLYLOOP((#6716,#6733,#6719,#6717));
#704=IFCPOLYLOOP((#6715,#6734,#6733,#6716));
#705=IFCPOLYLOOP((#6714,#6722,#6734,#6715));
#706=IFCPOLYLOOP((#6719,#6733,#6734,#6722,#6721,#6723,#6724,#6725,#6726,#6727,#6728,#6729,#6730,#6731,#6732,#6720));
#707=IFCPOLYLOOP((#6736,#6737,#6738,#6739,#6740,#6741,#6742,#6743,#6744,#6745,#6746,#6747,#6748,#6749,#6750,#6751));
#708=IFCPOLYLOOP((#6751,#6750,#6752,#6753));
#709=IFCPOLYLOOP((#6746,#6754,#6755,#6747));
#710=IFCPOLYLOOP((#6745,#6756,#6754,#6746));
#711=IFCPOLYLOOP((#6744,#6757,#6756,#6745));
#712=IFCPOLYLOOP((#6743,#6758,#6757,#6744));
#713=IFCPOLYLOOP((#6742,#6759,#6758,#6743));
#714=IFCPOLYLOOP((#6741,#6760,#6759,#6742));
#715=IFCPOLYLOOP((#6740,#6761,#6760,#6741));
#716=IFCPOLYLOOP((#6739,#6762,#6761,#6740));
#717=IFCPOLYLOOP((#6738,#6763,#6762,#6739));
#718=IFCPOLYLOOP((#6737,#6764,#6763,#6738));
#719=IFCPOLYLOOP((#6736,#6765,#6764,#6737));
#720=IFCPOLYLOOP((#6753,#6765,#6736,#6751));
#721=IFCPOLYLOOP((#6749,#6766,#6752,#6750));
#722=IFCPOLYLOOP((#6748,#6767,#6766,#6749));
#723=IFCPOLYLOOP((#6747,#6755,#6767,#6748));
#724=IFCPOLYLOOP((#6752,#6766,#6767,#6755,#6754,#6756,#6757,#6758,#6759,#6760,#6761,#6762,#6763,#6764,#6765,#6753));
#725=IFCPOLYLOOP((#6769,#6770,#6771,#6772,#6773,#6774,#6775,#6776,#6777,#6778,#6779,#6780,#6781,#6782,#6783,#6784));
#726=IFCPOLYLOOP((#6784,#6783,#6785,#6786));
#727=IFCPOLYLOOP((#6779,#6787,#6788,#6780));
#728=IFCPOLYLOOP((#6778,#6789,#6787,#6779));
#729=IFCPOLYLOOP((#6777,#6790,#6789,#6778));
#730=IFCPOLYLOOP((#6776,#6791,#6790,#6777));
#731=IFCPOLYLOOP((#6775,#6792,#6791,#6776));
#732=IFCPOLYLOOP((#6774,#6793,#6792,#6775));
#733=IFCPOLYLOOP((#6773,#6794,#6793,#6774));
#734=IFCPOLYLOOP((#6772,#6795,#6794,#6773));
#735=IFCPOLYLOOP((#6771,#6796,#6795,#6772));
#736=IFCPOLYLOOP((#6770,#6797,#6796,#6771));
#737=IFCPOLYLOOP((#6769,#6798,#6797,#6770));
#738=IFCPOLYLOOP((#6786,#6798,#6769,#6784));
#739=IFCPOLYLOOP((#6782,#6799,#6785,#6783));
#740=IFCPOLYLOOP((#6781,#6800,#6799,#6782));
#741=IFCPOLYLOOP((#6780,#6788,#6800,#6781));
#742=IFCPOLYLOOP((#6785,#6799,#6800,#6788,#6787,#6789,#6790,#6791,#6792,#6793,#6794,#6795,#6796,#6797,#6798,#6786));
#743=IFCPOLYLOOP((#6802,#6803,#6804,#6805,#6806,#6807,#6808,#6809,#6810,#6811,#6812,#6813,#6814,#6815,#6816,#6817));
#744=IFCPOLYLOOP((#6817,#6816,#6818,#6819));
#745=IFCPOLYLOOP((#6812,#6820,#6821,#6813));
#746=IFCPOLYLOOP((#6811,#6822,#6820,#6812));
#747=IFCPOLYLOOP((#6810,#6823,#6822,#6811));
#748=IFCPOLYLOOP((#6809,#6824,#6823,#6810));
#749=IFCPOLYLOOP((#6808,#6825,#6824,#6809));
#750=IFCPOLYLOOP((#6807,#6826,#6825,#6808));
#751=IFCPOLYLOOP((#6806,#6827,#6826,#6807));
#752=IFCPOLYLOOP((#6805,#6828,#6827,#6806));
#753=IFCPOLYLOOP((#6804,#6829,#6828,#6805));
#754=IFCPOLYLOOP((#6803,#6830,#6829,#6804));
#755=IFCPOLYLOOP((#6802,#6831,#6830,#6803));
#756=IFCPOLYLOOP((#6819,#6831,#6802,#6817));
#757=IFCPOLYLOOP((#6815,#6832,#6818,#6816));
#758=IFCPOLYLOOP((#6814,#6833,#6832,#6815));
#759=IFCPOLYLOOP((#6813,#6821,#6833,#6814));
#760=IFCPOLYLOOP((#6818,#6832,#6833,#6821,#6820,#6822,#6823,#6824,#6825,#6826,#6827,#6828,#6829,#6830,#6831,#6819));
#761=IFCPOLYLOOP((#6835,#6836,#6837,#6838,#6839,#6840,#6841,#6842,#6843,#6844,#6845,#6846,#6847,#6848,#6849,#6850));
#762=IFCPOLYLOOP((#6850,#6849,#6851,#6852));
#763=IFCPOLYLOOP((#6845,#6853,#6854,#6846));
#764=IFCPOLYLOOP((#6844,#6855,#6853,#6845));
#765=IFCPOLYLOOP((#6843,#6856,#6855,#6844));
#766=IFCPOLYLOOP((#6842,#6857,#6856,#6843));
#767=IFCPOLYLOOP((#6841,#6858,#6857,#6842));
#768=IFCPOLYLOOP((#6840,#6859,#6858,#6841));
#769=IFCPOLYLOOP((#6839,#6860,#6859,#6840));
#770=IFCPOLYLOOP((#6838,#6861,#6860,#6839));
#771=IFCPOLYLOOP((#6837,#6862,#6861,#6838));
#772=IFCPOLYLOOP((#6836,#6863,#6862,#6837));
#773=IFCPOLYLOOP((#6835,#6864,#6863,#6836));
#774=IFCPOLYLOOP((#6852,#6864,#6835,#6850));
#775=IFCPOLYLOOP((#6848,#6865,#6851,#6849));
#776=IFCPOLYLOOP((#6847,#6866,#6865,#6848));
#777=IFCPOLYLOOP((#6846,#6854,#6866,#6847));
#778=IFCPOLYLOOP((#6851,#6865,#6866,#6854,#6853,#6855,#6856,#6857,#6858,#6859,#6860,#6861,#6862,#6863,#6864,#6852));
#779=IFCPOLYLOOP((#6868,#6869,#6870,#6871,#6872,#6873,#6874,#6875,#6876,#6877,#6878,#6879,#6880,#6881,#6882,#6883));
#780=IFCPOLYLOOP((#6883,#6882,#6884,#6885));
#781=IFCPOLYLOOP((#6878,#6886,#6887,#6879));
#782=IFCPOLYLOOP((#6877,#6888,#6886,#6878));
#783=IFCPOLYLOOP((#6876,#6889,#6888,#6877));
#784=IFCPOLYLOOP((#6875,#6890,#6889,#6876));
#785=IFCPOLYLOOP((#6874,#6891,#6890,#6875));
#786=IFCPOLYLOOP((#6873,#6892,#6891,#6874));
#787=IFCPOLYLOOP((#6872,#6893,#6892,#6873));
#788=IFCPOLYLOOP((#6871,#6894,#6893,#6872));
#789=IFCPOLYLOOP((#6870,#6895,#6894,#6871));
#790=IFCPOLYLOOP((#6869,#6896,#6895,#6870));
#791=IFCPOLYLOOP((#6868,#6897,#6896,#6869));
#792=IFCPOLYLOOP((#6885,#6897,#6868,#6883));
#793=IFCPOLYLOOP((#6881,#6898,#6884,#6882));
#794=IFCPOLYLOOP((#6880,#6899,#6898,#6881));
#795=IFCPOLYLOOP((#6879,#6887,#6899,#6880));
#796=IFCPOLYLOOP((#6884,#6898,#6899,#6887,#6886,#6888,#6889,#6890,#6891,#6892,#6893,#6894,#6895,#6896,#6897,#6885));
#797=IFCPOLYLOOP((#6901,#6902,#6903,#6904,#6905,#6906,#6907,#6908,#6909,#6910,#6911,#6912,#6913,#6914,#6915,#6916));
#798=IFCPOLYLOOP((#6916,#6915,#6917,#6918));
#799=IFCPOLYLOOP((#6911,#6919,#6920,#6912));
#800=IFCPOLYLOOP((#6910,#6921,#6919,#6911));
#801=IFCPOLYLOOP((#6909,#6922,#6921,#6910));
#802=IFCPOLYLOOP((#6908,#6923,#6922,#6909));
#803=IFCPOLYLOOP((#6907,#6924,#6923,#6908));
#804=IFCPOLYLOOP((#6906,#6925,#6924,#6907));
#805=IFCPOLYLOOP((#6905,#6926,#6925,#6906));
#806=IFCPOLYLOOP((#6904,#6927,#6926,#6905));
#807=IFCPOLYLOOP((#6903,#6928,#6927,#6904));
#808=IFCPOLYLOOP((#6902,#6929,#6928,#6903));
#809=IFCPOLYLOOP((#6901,#6930,#6929,#6902));
#810=IFCPOLYLOOP((#6918,#6930,#6901,#6916));
#811=IFCPOLYLOOP((#6914,#6931,#6917,#6915));
#812=IFCPOLYLOOP((#6913,#6932,#6931,#6914));
#813=IFCPOLYLOOP((#6912,#6920,#6932,#6913));
#814=IFCPOLYLOOP((#6917,#6931,#6932,#6920,#6919,#6921,#6922,#6923,#6924,#6925,#6926,#6927,#6928,#6929,#6930,#6918));
#815=IFCPOLYLOOP((#6934,#6935,#6936,#6937,#6938,#6939,#6940,#6941,#6942,#6943,#6944,#6945,#6946,#6947,#6948,#6949));
#816=IFCPOLYLOOP((#6949,#6948,#6950,#6951));
#817=IFCPOLYLOOP((#6944,#6952,#6953,#6945));
#818=IFCPOLYLOOP((#6943,#6954,#6952,#6944));
#819=IFCPOLYLOOP((#6942,#6955,#6954,#6943));
#820=IFCPOLYLOOP((#6941,#6956,#6955,#6942));
#821=IFCPOLYLOOP((#6940,#6957,#6956,#6941));
#822=IFCPOLYLOOP((#6939,#6958,#6957,#6940));
#823=IFCPOLYLOOP((#6938,#6959,#6958,#6939));
#824=IFCPOLYLOOP((#6937,#6960,#6959,#6938));
#825=IFCPOLYLOOP((#6936,#6961,#6960,#6937));
#826=IFCPOLYLOOP((#6935,#6962,#6961,#6936));
#827=IFCPOLYLOOP((#6934,#6963,#6962,#6935));
#828=IFCPOLYLOOP((#6951,#6963,#6934,#6949));
#829=IFCPOLYLOOP((#6947,#6964,#6950,#6948));
#830=IFCPOLYLOOP((#6946,#6965,#6964,#6947));
#831=IFCPOLYLOOP((#6945,#6953,#6965,#6946));
#832=IFCPOLYLOOP((#6950,#6964,#6965,#6953,#6952,#6954,#6955,#6956,#6957,#6958,#6959,#6960,#6961,#6962,#6963,#6951));
#833=IFCPOLYLOOP((#6967,#6968,#6969,#6970,#6971,#6972,#6973,#6974,#6975,#6976,#6977,#6978,#6979,#6980,#6981,#6982));
#834=IFCPOLYLOOP((#6982,#6981,#6983,#6984));
#835=IFCPOLYLOOP((#6977,#6985,#6986,#6978));
#836=IFCPOLYLOOP((#6976,#6987,#6985,#6977));
#837=IFCPOLYLOOP((#6975,#6988,#6987,#6976));
#838=IFCPOLYLOOP((#6974,#6989,#6988,#6975));
#839=IFCPOLYLOOP((#6973,#6990,#6989,#6974));
#840=IFCPOLYLOOP((#6972,#6991,#6990,#6973));
#841=IFCPOLYLOOP((#6971,#6992,#6991,#6972));
#842=IFCPOLYLOOP((#6970,#6993,#6992,#6971));
#843=IFCPOLYLOOP((#6969,#6994,#6993,#6970));
#844=IFCPOLYLOOP((#6968,#6995,#6994,#6969));
#845=IFCPOLYLOOP((#6967,#6996,#6995,#6968));
#846=IFCPOLYLOOP((#6984,#6996,#6967,#6982));
#847=IFCPOLYLOOP((#6980,#6997,#6983,#6981));
#848=IFCPOLYLOOP((#6979,#6998,#6997,#6980));
#849=IFCPOLYLOOP((#6978,#6986,#6998,#6979));
#850=IFCPOLYLOOP((#6983,#6997,#6998,#6986,#6985,#6987,#6988,#6989,#6990,#6991,#6992,#6993,#6994,#6995,#6996,#6984));
#851=IFCPOLYLOOP((#7000,#7001,#7002));
#852=IFCPOLYLOOP((#7001,#7003,#7002));
#853=IFCPOLYLOOP((#7004,#7005,#7006));
#854=IFCPOLYLOOP((#7005,#7007,#7006));
#855=IFCPOLYLOOP((#7008,#7009,#7010,#7011));
#856=IFCPOLYLOOP((#7012,#7013,#7009,#7008));
#857=IFCPOLYLOOP((#7014,#7015,#7013,#7012));
#858=IFCPOLYLOOP((#7016,#7017,#7015,#7014));
#859=IFCPOLYLOOP((#7018,#7019,#7017,#7016));
#860=IFCPOLYLOOP((#7020,#7021,#7019,#7018));
#861=IFCPOLYLOOP((#7004,#7022,#7021,#7020));
#862=IFCPOLYLOOP((#7006,#7022,#7004));
#863=IFCPOLYLOOP((#7023,#7024,#7007,#7005));
#864=IFCPOLYLOOP((#7025,#7026,#7024,#7023));
#865=IFCPOLYLOOP((#7003,#7001,#7026,#7025));
#866=IFCPOLYLOOP((#7002,#7027,#7000));
#867=IFCPOLYLOOP((#7028,#7029,#7000,#7027));
#868=IFCPOLYLOOP((#7030,#7031,#7029,#7028));
#869=IFCPOLYLOOP((#7011,#7010,#7031,#7030));
#870=IFCPOLYLOOP((#7032,#7033,#7034));
#871=IFCPOLYLOOP((#7034,#7017,#7032));
#872=IFCPOLYLOOP((#7034,#7015,#7017));
#873=IFCPOLYLOOP((#7032,#7022,#7006));
#874=IFCPOLYLOOP((#7032,#7035,#7033));
#875=IFCPOLYLOOP((#7032,#7036,#7037));
#876=IFCPOLYLOOP((#7038,#7039,#7040));
#877=IFCPOLYLOOP((#7010,#7041,#7038));
#878=IFCPOLYLOOP((#7042,#7031,#7010));
#879=IFCPOLYLOOP((#7032,#7021,#7022));
#880=IFCPOLYLOOP((#7006,#7042,#7032));
#881=IFCPOLYLOOP((#7037,#7035,#7032));
#882=IFCPOLYLOOP((#7038,#7043,#7010));
#883=IFCPOLYLOOP((#7040,#7043,#7038));
#884=IFCPOLYLOOP((#7042,#7029,#7031));
#885=IFCPOLYLOOP((#7010,#7043,#7042));
#886=IFCPOLYLOOP((#7042,#7006,#7007));
#887=IFCPOLYLOOP((#7042,#7044,#7032));
#888=IFCPOLYLOOP((#7032,#7017,#7019));
#889=IFCPOLYLOOP((#7034,#7013,#7015));
#890=IFCPOLYLOOP((#7038,#7045,#7046));
#891=IFCPOLYLOOP((#7038,#7047,#7048));
#892=IFCPOLYLOOP((#7042,#7001,#7000));
#893=IFCPOLYLOOP((#7042,#7024,#7026));
#894=IFCPOLYLOOP((#7007,#7024,#7042));
#895=IFCPOLYLOOP((#7010,#7049,#7041));
#896=IFCPOLYLOOP((#7048,#7045,#7038));
#897=IFCPOLYLOOP((#7026,#7001,#7042));
#898=IFCPOLYLOOP((#7000,#7029,#7042));
#899=IFCPOLYLOOP((#7019,#7021,#7032));
#900=IFCPOLYLOOP((#7046,#7039,#7038));
#901=IFCPOLYLOOP((#7032,#7050,#7051));
#902=IFCPOLYLOOP((#7034,#7010,#7009));
#903=IFCPOLYLOOP((#7010,#7052,#7053));
#904=IFCPOLYLOOP((#7051,#7036,#7032));
#905=IFCPOLYLOOP((#7051,#7054,#7036));
#906=IFCPOLYLOOP((#7009,#7013,#7034));
#907=IFCPOLYLOOP((#7053,#7055,#7010));
#908=IFCPOLYLOOP((#7032,#7056,#7050));
#909=IFCPOLYLOOP((#7055,#7049,#7010));
#910=IFCPOLYLOOP((#7032,#7057,#7056));
#911=IFCPOLYLOOP((#7038,#7051,#7058));
#912=IFCPOLYLOOP((#7058,#7059,#7038));
#913=IFCPOLYLOOP((#7010,#7034,#7060));
#914=IFCPOLYLOOP((#7032,#7043,#7061,#7062));
#915=IFCPOLYLOOP((#7043,#7063,#7064));
#916=IFCPOLYLOOP((#7059,#7047,#7038));
#917=IFCPOLYLOOP((#7060,#7065,#7010));
#918=IFCPOLYLOOP((#7064,#7061,#7043));
#919=IFCPOLYLOOP((#7065,#7052,#7010));
#920=IFCPOLYLOOP((#7043,#7040,#7063));
#921=IFCPOLYLOOP((#7051,#7038,#7066));
#922=IFCPOLYLOOP((#7062,#7057,#7032));
#923=IFCPOLYLOOP((#7066,#7067,#7051));
#924=IFCPOLYLOOP((#7067,#7054,#7051));
#925=IFCPOLYLOOP((#7068,#7069,#7070,#7071));
#926=IFCPOLYLOOP((#7069,#7072,#7070));
#927=IFCPOLYLOOP((#7032,#7073,#7074,#7075));
#928=IFCPOLYLOOP((#7071,#7076,#7068));
#929=IFCPOLYLOOP((#7073,#7077,#7074));
#930=IFCPOLYLOOP((#7069,#7073,#7072));
#931=IFCPOLYLOOP((#7032,#7078,#7079));
#932=IFCPOLYLOOP((#7075,#7080,#7032));
#933=IFCPOLYLOOP((#7081,#7082,#7083));
#934=IFCPOLYLOOP((#7076,#7084,#7068));
#935=IFCPOLYLOOP((#7084,#7081,#7085));
#936=IFCPOLYLOOP((#7043,#7086,#7087));
#937=IFCPOLYLOOP((#7043,#7032,#7088,#7089));
#938=IFCPOLYLOOP((#7080,#7078,#7032));
#939=IFCPOLYLOOP((#7081,#7084,#7082));
#940=IFCPOLYLOOP((#7085,#7068,#7084));
#941=IFCPOLYLOOP((#7090,#7091,#7092));
#942=IFCPOLYLOOP((#7090,#7083,#7093));
#943=IFCPOLYLOOP((#7089,#7086,#7043));
#944=IFCPOLYLOOP((#7073,#7094,#7077));
#945=IFCPOLYLOOP((#7069,#7094,#7073));
#946=IFCPOLYLOOP((#7090,#7043,#7095));
#947=IFCPOLYLOOP((#7032,#7096,#7097,#7098));
#948=IFCPOLYLOOP((#7096,#7099,#7100));
#949=IFCPOLYLOOP((#7093,#7091,#7090));
#950=IFCPOLYLOOP((#7079,#7088,#7032));
#951=IFCPOLYLOOP((#7095,#7081,#7090));
#952=IFCPOLYLOOP((#7096,#7101,#7097));
#953=IFCPOLYLOOP((#7092,#7099,#7096,#7090));
#954=IFCPOLYLOOP((#7083,#7090,#7081));
#955=IFCPOLYLOOP((#7100,#7101,#7096));
#956=IFCPOLYLOOP((#7098,#7073,#7032));
#957=IFCPOLYLOOP((#7087,#7095,#7043));
#958=IFCPOLYLOOP((#7090,#7102,#7103,#7043));
#959=IFCPOLYLOOP((#7043,#7103,#7104,#7042));
#960=IFCPOLYLOOP((#7055,#7053,#7105));
#961=IFCPOLYLOOP((#7053,#7106,#7105));
#962=IFCPOLYLOOP((#7107,#7108,#7034));
#963=IFCPOLYLOOP((#7108,#7060,#7034));
#964=IFCPOLYLOOP((#7109,#7066,#7038,#7110));
#965=IFCPOLYLOOP((#7111,#7067,#7066,#7109));
#966=IFCPOLYLOOP((#7112,#7054,#7067,#7111));
#967=IFCPOLYLOOP((#7113,#7036,#7054,#7112));
#968=IFCPOLYLOOP((#7114,#7037,#7036,#7113));
#969=IFCPOLYLOOP((#7115,#7035,#7037,#7114));
#970=IFCPOLYLOOP((#7107,#7033,#7035,#7115));
#971=IFCPOLYLOOP((#7034,#7033,#7107));
#972=IFCPOLYLOOP((#7116,#7065,#7060,#7108));
#973=IFCPOLYLOOP((#7117,#7052,#7065,#7116));
#974=IFCPOLYLOOP((#7106,#7053,#7052,#7117));
#975=IFCPOLYLOOP((#7105,#7118,#7055));
#976=IFCPOLYLOOP((#7119,#7049,#7055,#7118));
#977=IFCPOLYLOOP((#7120,#7041,#7049,#7119));
#978=IFCPOLYLOOP((#7110,#7038,#7041,#7120));
#979=IFCPOLYLOOP((#7045,#7048,#7121));
#980=IFCPOLYLOOP((#7048,#7122,#7121));
#981=IFCPOLYLOOP((#7123,#7124,#7051));
#982=IFCPOLYLOOP((#7124,#7058,#7051));
#983=IFCPOLYLOOP((#7125,#7063,#7040,#7126));
#984=IFCPOLYLOOP((#7127,#7064,#7063,#7125));
#985=IFCPOLYLOOP((#7128,#7061,#7064,#7127));
#986=IFCPOLYLOOP((#7129,#7062,#7061,#7128));
#987=IFCPOLYLOOP((#7130,#7057,#7062,#7129));
#988=IFCPOLYLOOP((#7131,#7056,#7057,#7130));
#989=IFCPOLYLOOP((#7123,#7050,#7056,#7131));
#990=IFCPOLYLOOP((#7051,#7050,#7123));
#991=IFCPOLYLOOP((#7132,#7059,#7058,#7124));
#992=IFCPOLYLOOP((#7133,#7047,#7059,#7132));
#993=IFCPOLYLOOP((#7122,#7048,#7047,#7133));
#994=IFCPOLYLOOP((#7121,#7134,#7045));
#995=IFCPOLYLOOP((#7135,#7046,#7045,#7134));
#996=IFCPOLYLOOP((#7136,#7039,#7046,#7135));
#997=IFCPOLYLOOP((#7126,#7040,#7039,#7136));
#998=IFCPOLYLOOP((#7089,#7088,#7137));
#999=IFCPOLYLOOP((#7088,#7138,#7137));
#1000=IFCPOLYLOOP((#7139,#7140,#7075));
#1001=IFCPOLYLOOP((#7140,#7080,#7075));
#1002=IFCPOLYLOOP((#7141,#7081,#7095,#7142));
#1003=IFCPOLYLOOP((#7143,#7085,#7081,#7141));
#1004=IFCPOLYLOOP((#7144,#7068,#7085,#7143));
#1005=IFCPOLYLOOP((#7145,#7069,#7068,#7144));
#1006=IFCPOLYLOOP((#7146,#7094,#7069,#7145));
#1007=IFCPOLYLOOP((#7147,#7077,#7094,#7146));
#1008=IFCPOLYLOOP((#7139,#7074,#7077,#7147));
#1009=IFCPOLYLOOP((#7075,#7074,#7139));
#1010=IFCPOLYLOOP((#7148,#7078,#7080,#7140));
#1011=IFCPOLYLOOP((#7149,#7079,#7078,#7148));
#1012=IFCPOLYLOOP((#7138,#7088,#7079,#7149));
#1013=IFCPOLYLOOP((#7137,#7150,#7089));
#1014=IFCPOLYLOOP((#7151,#7086,#7089,#7150));
#1015=IFCPOLYLOOP((#7152,#7087,#7086,#7151));
#1016=IFCPOLYLOOP((#7142,#7095,#7087,#7152));
#1017=IFCPOLYLOOP((#7153,#7154,#7076,#7071));
#1018=IFCPOLYLOOP((#7155,#7093,#7083,#7156));
#1019=IFCPOLYLOOP((#7157,#7091,#7093,#7155));
#1020=IFCPOLYLOOP((#7158,#7092,#7091,#7157));
#1021=IFCPOLYLOOP((#7159,#7099,#7092,#7158));
#1022=IFCPOLYLOOP((#7160,#7100,#7099,#7159));
#1023=IFCPOLYLOOP((#7161,#7101,#7100,#7160));
#1024=IFCPOLYLOOP((#7162,#7097,#7101,#7161));
#1025=IFCPOLYLOOP((#7163,#7098,#7097,#7162));
#1026=IFCPOLYLOOP((#7164,#7073,#7098,#7163));
#1027=IFCPOLYLOOP((#7165,#7072,#7073,#7164));
#1028=IFCPOLYLOOP((#7166,#7070,#7072,#7165));
#1029=IFCPOLYLOOP((#7071,#7070,#7166,#7153));
#1030=IFCPOLYLOOP((#7167,#7084,#7076,#7154));
#1031=IFCPOLYLOOP((#7168,#7082,#7084,#7167));
#1032=IFCPOLYLOOP((#7156,#7083,#7082,#7168));
#1033=IFCPOLYLOOP((#7169,#7102,#7090));
#1034=IFCPOLYLOOP((#7090,#7096,#7170,#7169));
#1035=IFCPOLYLOOP((#7171,#7172,#7044,#7042));
#1036=IFCPOLYLOOP((#7042,#7104,#7171));
#1037=IFCPOLYLOOP((#7170,#7096,#7032));
#1038=IFCPOLYLOOP((#7032,#7044,#7172,#7170));
#1039=IFCPOLYLOOP((#7170,#7172,#7171,#7169));
#1040=IFCPOLYLOOP((#7169,#7171,#7104,#7103));
#1041=IFCPOLYLOOP((#7103,#7102,#7169));
#1042=IFCPOLYLOOP((#7173,#7150,#7137));
#1043=IFCPOLYLOOP((#7137,#7138,#7174,#7173));
#1044=IFCPOLYLOOP((#7175,#7155,#7156));
#1045=IFCPOLYLOOP((#7173,#7151,#7150));
#1046=IFCPOLYLOOP((#7156,#7146,#7145));
#1047=IFCPOLYLOOP((#7146,#7154,#7153));
#1048=IFCPOLYLOOP((#7138,#7149,#7174));
#1049=IFCPOLYLOOP((#7173,#7142,#7152));
#1050=IFCPOLYLOOP((#7175,#7141,#7142));
#1051=IFCPOLYLOOP((#7175,#7144,#7143));
#1052=IFCPOLYLOOP((#7175,#7157,#7155));
#1053=IFCPOLYLOOP((#7153,#7166,#7147,#7146));
#1054=IFCPOLYLOOP((#7149,#7148,#7174));
#1055=IFCPOLYLOOP((#7142,#7173,#7175));
#1056=IFCPOLYLOOP((#7156,#7145,#7144,#7175));
#1057=IFCPOLYLOOP((#7175,#7176,#7159,#7158));
#1058=IFCPOLYLOOP((#7146,#7167,#7154));
#1059=IFCPOLYLOOP((#7174,#7140,#7139));
#1060=IFCPOLYLOOP((#7152,#7151,#7173));
#1061=IFCPOLYLOOP((#7158,#7157,#7175));
#1062=IFCPOLYLOOP((#7166,#7165,#7147));
#1063=IFCPOLYLOOP((#7139,#7164,#7174));
#1064=IFCPOLYLOOP((#7143,#7141,#7175));
#1065=IFCPOLYLOOP((#7176,#7161,#7160));
#1066=IFCPOLYLOOP((#7139,#7147,#7164));
#1067=IFCPOLYLOOP((#7146,#7156,#7168));
#1068=IFCPOLYLOOP((#7160,#7159,#7176));
#1069=IFCPOLYLOOP((#7168,#7167,#7146));
#1070=IFCPOLYLOOP((#7165,#7164,#7147));
#1071=IFCPOLYLOOP((#7176,#7174,#7163,#7162));
#1072=IFCPOLYLOOP((#7162,#7161,#7176));
#1073=IFCPOLYLOOP((#7148,#7140,#7174));
#1074=IFCPOLYLOOP((#7014,#7118,#7105));
#1075=IFCPOLYLOOP((#7105,#7106,#7016,#7014));
#1076=IFCPOLYLOOP((#7177,#7027,#7002));
#1077=IFCPOLYLOOP((#7177,#7178,#7173,#7011));
#1078=IFCPOLYLOOP((#7011,#7030,#7177));
#1079=IFCPOLYLOOP((#7173,#7109,#7110));
#1080=IFCPOLYLOOP((#7107,#7134,#7121));
#1081=IFCPOLYLOOP((#7014,#7119,#7118));
#1082=IFCPOLYLOOP((#7002,#7003,#7177));
#1083=IFCPOLYLOOP((#7003,#7025,#7177));
#1084=IFCPOLYLOOP((#7110,#7011,#7173));
#1085=IFCPOLYLOOP((#7121,#7122,#7107));
#1086=IFCPOLYLOOP((#7106,#7117,#7016));
#1087=IFCPOLYLOOP((#7117,#7020,#7018));
#1088=IFCPOLYLOOP((#7177,#7028,#7027));
#1089=IFCPOLYLOOP((#7011,#7110,#7120));
#1090=IFCPOLYLOOP((#7030,#7028,#7177));
#1091=IFCPOLYLOOP((#7173,#7128,#7127));
#1092=IFCPOLYLOOP((#7174,#7130,#7129));
#1093=IFCPOLYLOOP((#7107,#7135,#7134));
#1094=IFCPOLYLOOP((#7136,#7115,#7114));
#1095=IFCPOLYLOOP((#7174,#7108,#7107));
#1096=IFCPOLYLOOP((#7018,#7016,#7117));
#1097=IFCPOLYLOOP((#7025,#7023,#7177));
#1098=IFCPOLYLOOP((#7120,#7119,#7011));
#1099=IFCPOLYLOOP((#7173,#7112,#7111));
#1100=IFCPOLYLOOP((#7173,#7125,#7126));
#1101=IFCPOLYLOOP((#7129,#7128,#7173,#7174));
#1102=IFCPOLYLOOP((#7107,#7136,#7135));
#1103=IFCPOLYLOOP((#7136,#7107,#7115));
#1104=IFCPOLYLOOP((#7107,#7124,#7174));
#1105=IFCPOLYLOOP((#7124,#7123,#7174));
#1106=IFCPOLYLOOP((#7119,#7012,#7008));
#1107=IFCPOLYLOOP((#7117,#7004,#7020));
#1108=IFCPOLYLOOP((#7023,#7005,#7177));
#1109=IFCPOLYLOOP((#7111,#7109,#7173));
#1110=IFCPOLYLOOP((#7127,#7125,#7173));
#1111=IFCPOLYLOOP((#7114,#7113,#7126,#7136));
#1112=IFCPOLYLOOP((#7122,#7133,#7107));
#1113=IFCPOLYLOOP((#7174,#7004,#7108));
#1114=IFCPOLYLOOP((#7014,#7012,#7119));
#1115=IFCPOLYLOOP((#7107,#7133,#7132));
#1116=IFCPOLYLOOP((#7174,#7123,#7131));
#1117=IFCPOLYLOOP((#7174,#7177,#7005,#7004));
#1118=IFCPOLYLOOP((#7004,#7117,#7116));
#1119=IFCPOLYLOOP((#7126,#7113,#7112,#7173));
#1120=IFCPOLYLOOP((#7008,#7011,#7119));
#1121=IFCPOLYLOOP((#7131,#7130,#7174));
#1122=IFCPOLYLOOP((#7132,#7124,#7107));
#1123=IFCPOLYLOOP((#7116,#7108,#7004));
#1124=IFCPOLYLOOP((#7178,#7179,#7180,#7173));
#1125=IFCPOLYLOOP((#7164,#7163,#7174));
#1126=IFCPOLYLOOP((#7173,#7180,#7181,#7175));
#1127=IFCPOLYLOOP((#7182,#7183,#7176,#7175));
#1128=IFCPOLYLOOP((#7175,#7181,#7182));
#1129=IFCPOLYLOOP((#7184,#7179,#7178));
#1130=IFCPOLYLOOP((#7178,#7177,#7185,#7184));
#1131=IFCPOLYLOOP((#7182,#7181,#7180));
#1132=IFCPOLYLOOP((#7180,#7179,#7184,#7182));
#1133=IFCPOLYLOOP((#7183,#7185,#7177,#7174));
#1134=IFCPOLYLOOP((#7174,#7176,#7183));
#1135=IFCPOLYLOOP((#7182,#7184,#7185,#7183));
#1136=IFCPOLYLOOP((#7187,#7188,#7189,#7190,#7191,#7192,#7193,#7194,#7195,#7196,#7197,#7198,#7199,#7200,#7201,#7202));
#1137=IFCPOLYLOOP((#7202,#7201,#7203,#7204));
#1138=IFCPOLYLOOP((#7197,#7205,#7206,#7198));
#1139=IFCPOLYLOOP((#7196,#7207,#7205,#7197));
#1140=IFCPOLYLOOP((#7195,#7208,#7207,#7196));
#1141=IFCPOLYLOOP((#7194,#7209,#7208,#7195));
#1142=IFCPOLYLOOP((#7193,#7210,#7209,#7194));
#1143=IFCPOLYLOOP((#7192,#7211,#7210,#7193));
#1144=IFCPOLYLOOP((#7191,#7212,#7211,#7192));
#1145=IFCPOLYLOOP((#7190,#7213,#7212,#7191));
#1146=IFCPOLYLOOP((#7189,#7214,#7213,#7190));
#1147=IFCPOLYLOOP((#7188,#7215,#7214,#7189));
#1148=IFCPOLYLOOP((#7187,#7216,#7215,#7188));
#1149=IFCPOLYLOOP((#7204,#7216,#7187,#7202));
#1150=IFCPOLYLOOP((#7200,#7217,#7203,#7201));
#1151=IFCPOLYLOOP((#7199,#7218,#7217,#7200));
#1152=IFCPOLYLOOP((#7198,#7206,#7218,#7199));
#1153=IFCPOLYLOOP((#7203,#7217,#7218,#7206,#7205,#7207,#7208,#7209,#7210,#7211,#7212,#7213,#7214,#7215,#7216,#7204));
#1154=IFCPOLYLOOP((#7220,#7221,#7222,#7223,#7224,#7225,#7226,#7227,#7228,#7229,#7230,#7231,#7232,#7233,#7234,#7235));
#1155=IFCPOLYLOOP((#7235,#7234,#7236,#7237));
#1156=IFCPOLYLOOP((#7230,#7238,#7239,#7231));
#1157=IFCPOLYLOOP((#7229,#7240,#7238,#7230));
#1158=IFCPOLYLOOP((#7228,#7241,#7240,#7229));
#1159=IFCPOLYLOOP((#7227,#7242,#7241,#7228));
#1160=IFCPOLYLOOP((#7226,#7243,#7242,#7227));
#1161=IFCPOLYLOOP((#7225,#7244,#7243,#7226));
#1162=IFCPOLYLOOP((#7224,#7245,#7244,#7225));
#1163=IFCPOLYLOOP((#7223,#7246,#7245,#7224));
#1164=IFCPOLYLOOP((#7222,#7247,#7246,#7223));
#1165=IFCPOLYLOOP((#7221,#7248,#7247,#7222));
#1166=IFCPOLYLOOP((#7220,#7249,#7248,#7221));
#1167=IFCPOLYLOOP((#7237,#7249,#7220,#7235));
#1168=IFCPOLYLOOP((#7233,#7250,#7236,#7234));
#1169=IFCPOLYLOOP((#7232,#7251,#7250,#7233));
#1170=IFCPOLYLOOP((#7231,#7239,#7251,#7232));
#1171=IFCPOLYLOOP((#7236,#7250,#7251,#7239,#7238,#7240,#7241,#7242,#7243,#7244,#7245,#7246,#7247,#7248,#7249,#7237));
#1172=IFCPOLYLOOP((#7253,#7254,#7255,#7256,#7257,#7258,#7259,#7260,#7261,#7262,#7263,#7264,#7265,#7266,#7267,#7268));
#1173=IFCPOLYLOOP((#7268,#7267,#7269,#7270));
#1174=IFCPOLYLOOP((#7263,#7271,#7272,#7264));
#1175=IFCPOLYLOOP((#7262,#7273,#7271,#7263));
#1176=IFCPOLYLOOP((#7261,#7274,#7273,#7262));
#1177=IFCPOLYLOOP((#7260,#7275,#7274,#7261));
#1178=IFCPOLYLOOP((#7259,#7276,#7275,#7260));
#1179=IFCPOLYLOOP((#7258,#7277,#7276,#7259));
#1180=IFCPOLYLOOP((#7257,#7278,#7277,#7258));
#1181=IFCPOLYLOOP((#7256,#7279,#7278,#7257));
#1182=IFCPOLYLOOP((#7255,#7280,#7279,#7256));
#1183=IFCPOLYLOOP((#7254,#7281,#7280,#7255));
#1184=IFCPOLYLOOP((#7253,#7282,#7281,#7254));
#1185=IFCPOLYLOOP((#7270,#7282,#7253,#7268));
#1186=IFCPOLYLOOP((#7266,#7283,#7269,#7267));
#1187=IFCPOLYLOOP((#7265,#7284,#7283,#7266));
#1188=IFCPOLYLOOP((#7264,#7272,#7284,#7265));
#1189=IFCPOLYLOOP((#7269,#7283,#7284,#7272,#7271,#7273,#7274,#7275,#7276,#7277,#7278,#7279,#7280,#7281,#7282,#7270));
#1190=IFCPOLYLOOP((#7286,#7287,#7288,#7289,#7290,#7291,#7292,#7293,#7294,#7295,#7296,#7297,#7298,#7299,#7300,#7301));
#1191=IFCPOLYLOOP((#7301,#7300,#7302,#7303));
#1192=IFCPOLYLOOP((#7296,#7304,#7305,#7297));
#1193=IFCPOLYLOOP((#7295,#7306,#7304,#7296));
#1194=IFCPOLYLOOP((#7294,#7307,#7306,#7295));
#1195=IFCPOLYLOOP((#7293,#7308,#7307,#7294));
#1196=IFCPOLYLOOP((#7292,#7309,#7308,#7293));
#1197=IFCPOLYLOOP((#7291,#7310,#7309,#7292));
#1198=IFCPOLYLOOP((#7290,#7311,#7310,#7291));
#1199=IFCPOLYLOOP((#7289,#7312,#7311,#7290));
#1200=IFCPOLYLOOP((#7288,#7313,#7312,#7289));
#1201=IFCPOLYLOOP((#7287,#7314,#7313,#7288));
#1202=IFCPOLYLOOP((#7286,#7315,#7314,#7287));
#1203=IFCPOLYLOOP((#7303,#7315,#7286,#7301));
#1204=IFCPOLYLOOP((#7299,#7316,#7302,#7300));
#1205=IFCPOLYLOOP((#7298,#7317,#7316,#7299));
#1206=IFCPOLYLOOP((#7297,#7305,#7317,#7298));
#1207=IFCPOLYLOOP((#7302,#7316,#7317,#7305,#7304,#7306,#7307,#7308,#7309,#7310,#7311,#7312,#7313,#7314,#7315,#7303));
#1208=IFCPOLYLOOP((#7319,#7320,#7321,#7322,#7323,#7324,#7325,#7326,#7327,#7328,#7329,#7330,#7331,#7332,#7333,#7334));
#1209=IFCPOLYLOOP((#7334,#7333,#7335,#7336));
#1210=IFCPOLYLOOP((#7329,#7337,#7338,#7330));
#1211=IFCPOLYLOOP((#7328,#7339,#7337,#7329));
#1212=IFCPOLYLOOP((#7327,#7340,#7339,#7328));
#1213=IFCPOLYLOOP((#7326,#7341,#7340,#7327));
#1214=IFCPOLYLOOP((#7325,#7342,#7341,#7326));
#1215=IFCPOLYLOOP((#7324,#7343,#7342,#7325));
#1216=IFCPOLYLOOP((#7323,#7344,#7343,#7324));
#1217=IFCPOLYLOOP((#7322,#7345,#7344,#7323));
#1218=IFCPOLYLOOP((#7321,#7346,#7345,#7322));
#1219=IFCPOLYLOOP((#7320,#7347,#7346,#7321));
#1220=IFCPOLYLOOP((#7319,#7348,#7347,#7320));
#1221=IFCPOLYLOOP((#7336,#7348,#7319,#7334));
#1222=IFCPOLYLOOP((#7332,#7349,#7335,#7333));
#1223=IFCPOLYLOOP((#7331,#7350,#7349,#7332));
#1224=IFCPOLYLOOP((#7330,#7338,#7350,#7331));
#1225=IFCPOLYLOOP((#7335,#7349,#7350,#7338,#7337,#7339,#7340,#7341,#7342,#7343,#7344,#7345,#7346,#7347,#7348,#7336));
#1226=IFCFACEOUTERBOUND(#12,.T.);
#1227=IFCFACEOUTERBOUND(#13,.T.);
#1228=IFCFACEOUTERBOUND(#14,.T.);
#1229=IFCFACEOUTERBOUND(#15,.T.);
#1230=IFCFACEOUTERBOUND(#16,.T.);
#1231=IFCFACEOUTERBOUND(#17,.T.);
#1232=IFCFACEOUTERBOUND(#18,.T.);
#1233=IFCFACEOUTERBOUND(#19,.T.);
#1234=IFCFACEOUTERBOUND(#20,.T.);
#1235=IFCFACEOUTERBOUND(#21,.T.);
#1236=IFCFACEOUTERBOUND(#22,.T.);
#1237=IFCFACEOUTERBOUND(#23,.T.);
#1238=IFCFACEOUTERBOUND(#24,.T.);
#1239=IFCFACEOUTERBOUND(#25,.T.);
#1240=IFCFACEOUTERBOUND(#26,.T.);
#1241=IFCFACEOUTERBOUND(#27,.T.);
#1242=IFCFACEOUTERBOUND(#28,.T.);
#1243=IFCFACEOUTERBOUND(#29,.T.);
#1244=IFCFACEOUTERBOUND(#30,.T.);
#1245=IFCFACEOUTERBOUND(#31,.T.);
#1246=IFCFACEOUTERBOUND(#32,.T.);
#1247=IFCFACEOUTERBOUND(#33,.T.);
#1248=IFCFACEOUTERBOUND(#34,.T.);
#1249=IFCFACEOUTERBOUND(#35,.T.);
#1250=IFCFACEOUTERBOUND(#36,.T.);
#1251=IFCFACEOUTERBOUND(#37,.T.);
#1252=IFCFACEOUTERBOUND(#38,.T.);
#1253=IFCFACEOUTERBOUND(#39,.T.);
#1254=IFCFACEOUTERBOUND(#40,.T.);
#1255=IFCFACEOUTERBOUND(#41,.T.);
#1256=IFCFACEOUTERBOUND(#42,.T.);
#1257=IFCFACEOUTERBOUND(#43,.T.);
#1258=IFCFACEOUTERBOUND(#44,.T.);
#1259=IFCFACEOUTERBOUND(#45,.T.);
#1260=IFCFACEOUTERBOUND(#46,.T.);
#1261=IFCFACEOUTERBOUND(#47,.T.);
#1262=IFCFACEOUTERBOUND(#48,.T.);
#1263=IFCFACEOUTERBOUND(#49,.T.);
#1264=IFCFACEOUTERBOUND(#50,.T.);
#1265=IFCFACEOUTERBOUND(#51,.T.);
#1266=IFCFACEOUTERBOUND(#52,.T.);
#1267=IFCFACEOUTERBOUND(#53,.T.);
#1268=IFCFACEOUTERBOUND(#54,.T.);
#1269=IFCFACEOUTERBOUND(#55,.T.);
#1270=IFCFACEOUTERBOUND(#56,.T.);
#1271=IFCFACEOUTERBOUND(#57,.T.);
#1272=IFCFACEOUTERBOUND(#58,.T.);
#1273=IFCFACEOUTERBOUND(#59,.T.);
#1274=IFCFACEOUTERBOUND(#60,.T.);
#1275=IFCFACEOUTERBOUND(#61,.T.);
#1276=IFCFACEOUTERBOUND(#62,.T.);
#1277=IFCFACEOUTERBOUND(#63,.T.);
#1278=IFCFACEOUTERBOUND(#64,.T.);
#1279=IFCFACEOUTERBOUND(#65,.T.);
#1280=IFCFACEOUTERBOUND(#66,.T.);
#1281=IFCFACEOUTERBOUND(#67,.T.);
#1282=IFCFACEOUTERBOUND(#68,.T.);
#1283=IFCFACEOUTERBOUND(#69,.T.);
#1284=IFCFACEOUTERBOUND(#70,.T.);
#1285=IFCFACEOUTERBOUND(#71,.T.);
#1286=IFCFACEOUTERBOUND(#72,.T.);
#1287=IFCFACEOUTERBOUND(#73,.T.);
#1288=IFCFACEOUTERBOUND(#74,.T.);
#1289=IFCFACEOUTERBOUND(#75,.T.);
#1290=IFCFACEOUTERBOUND(#76,.T.);
#1291=IFCFACEOUTERBOUND(#77,.T.);
#1292=IFCFACEOUTERBOUND(#78,.T.);
#1293=IFCFACEOUTERBOUND(#79,.T.);
#1294=IFCFACEOUTERBOUND(#80,.T.);
#1295=IFCFACEOUTERBOUND(#81,.T.);
#1296=IFCFACEOUTERBOUND(#82,.T.);
#1297=IFCFACEOUTERBOUND(#83,.T.);
#1298=IFCFACEOUTERBOUND(#84,.T.);
#1299=IFCFACEOUTERBOUND(#85,.T.);
#1300=IFCFACEOUTERBOUND(#86,.T.);
#1301=IFCFACEOUTERBOUND(#87,.T.);
#1302=IFCFACEOUTERBOUND(#88,.T.);
#1303=IFCFACEOUTERBOUND(#89,.T.);
#1304=IFCFACEOUTERBOUND(#90,.T.);
#1305=IFCFACEOUTERBOUND(#91,.T.);
#1306=IFCFACEOUTERBOUND(#92,.T.);
#1307=IFCFACEOUTERBOUND(#93,.T.);
#1308=IFCFACEOUTERBOUND(#94,.T.);
#1309=IFCFACEOUTERBOUND(#95,.T.);
#1310=IFCFACEOUTERBOUND(#96,.T.);
#1311=IFCFACEOUTERBOUND(#97,.T.);
#1312=IFCFACEOUTERBOUND(#98,.T.);
#1313=IFCFACEOUTERBOUND(#99,.T.);
#1314=IFCFACEOUTERBOUND(#100,.T.);
#1315=IFCFACEOUTERBOUND(#101,.T.);
#1316=IFCFACEOUTERBOUND(#102,.T.);
#1317=IFCFACEOUTERBOUND(#103,.T.);
#1318=IFCFACEOUTERBOUND(#104,.T.);
#1319=IFCFACEOUTERBOUND(#105,.T.);
#1320=IFCFACEOUTERBOUND(#106,.T.);
#1321=IFCFACEOUTERBOUND(#107,.T.);
#1322=IFCFACEOUTERBOUND(#108,.T.);
#1323=IFCFACEOUTERBOUND(#109,.T.);
#1324=IFCFACEOUTERBOUND(#110,.T.);
#1325=IFCFACEOUTERBOUND(#111,.T.);
#1326=IFCFACEOUTERBOUND(#112,.T.);
#1327=IFCFACEOUTERBOUND(#113,.T.);
#1328=IFCFACEOUTERBOUND(#114,.T.);
#1329=IFCFACEOUTERBOUND(#115,.T.);
#1330=IFCFACEOUTERBOUND(#116,.T.);
#1331=IFCFACEOUTERBOUND(#117,.T.);
#1332=IFCFACEOUTERBOUND(#118,.T.);
#1333=IFCFACEOUTERBOUND(#119,.T.);
#1334=IFCFACEOUTERBOUND(#120,.T.);
#1335=IFCFACEOUTERBOUND(#121,.T.);
#1336=IFCFACEOUTERBOUND(#122,.T.);
#1337=IFCFACEOUTERBOUND(#123,.T.);
#1338=IFCFACEOUTERBOUND(#124,.T.);
#1339=IFCFACEOUTERBOUND(#125,.T.);
#1340=IFCFACEOUTERBOUND(#126,.T.);
#1341=IFCFACEOUTERBOUND(#127,.T.);
#1342=IFCFACEOUTERBOUND(#128,.T.);
#1343=IFCFACEOUTERBOUND(#129,.T.);
#1344=IFCFACEOUTERBOUND(#130,.T.);
#1345=IFCFACEOUTERBOUND(#131,.T.);
#1346=IFCFACEOUTERBOUND(#132,.T.);
#1347=IFCFACEOUTERBOUND(#133,.T.);
#1348=IFCFACEOUTERBOUND(#134,.T.);
#1349=IFCFACEOUTERBOUND(#135,.T.);
#1350=IFCFACEOUTERBOUND(#136,.T.);
#1351=IFCFACEOUTERBOUND(#137,.T.);
#1352=IFCFACEOUTERBOUND(#138,.T.);
#1353=IFCFACEOUTERBOUND(#139,.T.);
#1354=IFCFACEOUTERBOUND(#140,.T.);
#1355=IFCFACEOUTERBOUND(#141,.T.);
#1356=IFCFACEOUTERBOUND(#142,.T.);
#1357=IFCFACEOUTERBOUND(#143,.T.);
#1358=IFCFACEOUTERBOUND(#144,.T.);
#1359=IFCFACEOUTERBOUND(#145,.T.);
#1360=IFCFACEOUTERBOUND(#146,.T.);
#1361=IFCFACEOUTERBOUND(#147,.T.);
#1362=IFCFACEOUTERBOUND(#148,.T.);
#1363=IFCFACEOUTERBOUND(#149,.T.);
#1364=IFCFACEOUTERBOUND(#150,.T.);
#1365=IFCFACEOUTERBOUND(#151,.T.);
#1366=IFCFACEOUTERBOUND(#152,.T.);
#1367=IFCFACEOUTERBOUND(#153,.T.);
#1368=IFCFACEOUTERBOUND(#154,.T.);
#1369=IFCFACEOUTERBOUND(#155,.T.);
#1370=IFCFACEOUTERBOUND(#156,.T.);
#1371=IFCFACEOUTERBOUND(#157,.T.);
#1372=IFCFACEOUTERBOUND(#158,.T.);
#1373=IFCFACEOUTERBOUND(#159,.T.);
#1374=IFCFACEOUTERBOUND(#160,.T.);
#1375=IFCFACEOUTERBOUND(#161,.T.);
#1376=IFCFACEOUTERBOUND(#162,.T.);
#1377=IFCFACEOUTERBOUND(#163,.T.);
#1378=IFCFACEOUTERBOUND(#164,.T.);
#1379=IFCFACEOUTERBOUND(#165,.T.);
#1380=IFCFACEOUTERBOUND(#166,.T.);
#1381=IFCFACEOUTERBOUND(#167,.T.);
#1382=IFCFACEOUTERBOUND(#168,.T.);
#1383=IFCFACEOUTERBOUND(#169,.T.);
#1384=IFCFACEOUTERBOUND(#170,.T.);
#1385=IFCFACEOUTERBOUND(#171,.T.);
#1386=IFCFACEOUTERBOUND(#172,.T.);
#1387=IFCFACEOUTERBOUND(#173,.T.);
#1388=IFCFACEOUTERBOUND(#174,.T.);
#1389=IFCFACEOUTERBOUND(#175,.T.);
#1390=IFCFACEOUTERBOUND(#176,.T.);
#1391=IFCFACEOUTERBOUND(#177,.T.);
#1392=IFCFACEOUTERBOUND(#178,.T.);
#1393=IFCFACEOUTERBOUND(#179,.T.);
#1394=IFCFACEOUTERBOUND(#180,.T.);
#1395=IFCFACEOUTERBOUND(#181,.T.);
#1396=IFCFACEOUTERBOUND(#182,.T.);
#1397=IFCFACEOUTERBOUND(#183,.T.);
#1398=IFCFACEOUTERBOUND(#184,.T.);
#1399=IFCFACEOUTERBOUND(#185,.T.);
#1400=IFCFACEOUTERBOUND(#186,.T.);
#1401=IFCFACEOUTERBOUND(#187,.T.);
#1402=IFCFACEOUTERBOUND(#188,.T.);
#1403=IFCFACEOUTERBOUND(#189,.T.);
#1404=IFCFACEOUTERBOUND(#190,.T.);
#1405=IFCFACEOUTERBOUND(#191,.T.);
#1406=IFCFACEOUTERBOUND(#192,.T.);
#1407=IFCFACEOUTERBOUND(#193,.T.);
#1408=IFCFACEOUTERBOUND(#194,.T.);
#1409=IFCFACEOUTERBOUND(#195,.T.);
#1410=IFCFACEOUTERBOUND(#196,.T.);
#1411=IFCFACEOUTERBOUND(#197,.T.);
#1412=IFCFACEOUTERBOUND(#198,.T.);
#1413=IFCFACEOUTERBOUND(#199,.T.);
#1414=IFCFACEOUTERBOUND(#200,.T.);
#1415=IFCFACEOUTERBOUND(#201,.T.);
#1416=IFCFACEOUTERBOUND(#202,.T.);
#1417=IFCFACEOUTERBOUND(#203,.T.);
#1418=IFCFACEOUTERBOUND(#204,.T.);
#1419=IFCFACEOUTERBOUND(#205,.T.);
#1420=IFCFACEOUTERBOUND(#206,.T.);
#1421=IFCFACEOUTERBOUND(#207,.T.);
#1422=IFCFACEOUTERBOUND(#208,.T.);
#1423=IFCFACEOUTERBOUND(#209,.T.);
#1424=IFCFACEOUTERBOUND(#210,.T.);
#1425=IFCFACEOUTERBOUND(#211,.T.);
#1426=IFCFACEOUTERBOUND(#212,.T.);
#1427=IFCFACEOUTERBOUND(#213,.T.);
#1428=IFCFACEOUTERBOUND(#214,.T.);
#1429=IFCFACEOUTERBOUND(#215,.T.);
#1430=IFCFACEOUTERBOUND(#216,.T.);
#1431=IFCFACEOUTERBOUND(#217,.T.);
#1432=IFCFACEOUTERBOUND(#218,.T.);
#1433=IFCFACEOUTERBOUND(#219,.T.);
#1434=IFCFACEOUTERBOUND(#220,.T.);
#1435=IFCFACEOUTERBOUND(#221,.T.);
#1436=IFCFACEOUTERBOUND(#222,.T.);
#1437=IFCFACEOUTERBOUND(#223,.T.);
#1438=IFCFACEOUTERBOUND(#224,.T.);
#1439=IFCFACEOUTERBOUND(#225,.T.);
#1440=IFCFACEOUTERBOUND(#226,.T.);
#1441=IFCFACEOUTERBOUND(#227,.T.);
#1442=IFCFACEOUTERBOUND(#228,.T.);
#1443=IFCFACEOUTERBOUND(#229,.T.);
#1444=IFCFACEOUTERBOUND(#230,.T.);
#1445=IFCFACEOUTERBOUND(#231,.T.);
#1446=IFCFACEOUTERBOUND(#232,.T.);
#1447=IFCFACEOUTERBOUND(#233,.T.);
#1448=IFCFACEOUTERBOUND(#234,.T.);
#1449=IFCFACEOUTERBOUND(#235,.T.);
#1450=IFCFACEOUTERBOUND(#236,.T.);
#1451=IFCFACEOUTERBOUND(#237,.T.);
#1452=IFCFACEOUTERBOUND(#238,.T.);
#1453=IFCFACEOUTERBOUND(#239,.T.);
#1454=IFCFACEOUTERBOUND(#240,.T.);
#1455=IFCFACEOUTERBOUND(#241,.T.);
#1456=IFCFACEOUTERBOUND(#242,.T.);
#1457=IFCFACEOUTERBOUND(#243,.T.);
#1458=IFCFACEOUTERBOUND(#244,.T.);
#1459=IFCFACEOUTERBOUND(#245,.T.);
#1460=IFCFACEOUTERBOUND(#246,.T.);
#1461=IFCFACEOUTERBOUND(#247,.T.);
#1462=IFCFACEOUTERBOUND(#248,.T.);
#1463=IFCFACEOUTERBOUND(#249,.T.);
#1464=IFCFACEOUTERBOUND(#250,.T.);
#1465=IFCFACEOUTERBOUND(#251,.T.);
#1466=IFCFACEOUTERBOUND(#252,.T.);
#1467=IFCFACEOUTERBOUND(#253,.T.);
#1468=IFCFACEOUTERBOUND(#254,.T.);
#1469=IFCFACEOUTERBOUND(#255,.T.);
#1470=IFCFACEOUTERBOUND(#256,.T.);
#1471=IFCFACEOUTERBOUND(#257,.T.);
#1472=IFCFACEOUTERBOUND(#258,.T.);
#1473=IFCFACEOUTERBOUND(#259,.T.);
#1474=IFCFACEOUTERBOUND(#260,.T.);
#1475=IFCFACEOUTERBOUND(#261,.T.);
#1476=IFCFACEOUTERBOUND(#262,.T.);
#1477=IFCFACEOUTERBOUND(#263,.T.);
#1478=IFCFACEOUTERBOUND(#264,.T.);
#1479=IFCFACEOUTERBOUND(#265,.T.);
#1480=IFCFACEOUTERBOUND(#266,.T.);
#1481=IFCFACEOUTERBOUND(#267,.T.);
#1482=IFCFACEOUTERBOUND(#268,.T.);
#1483=IFCFACEOUTERBOUND(#269,.T.);
#1484=IFCFACEOUTERBOUND(#270,.T.);
#1485=IFCFACEOUTERBOUND(#271,.T.);
#1486=IFCFACEOUTERBOUND(#272,.T.);
#1487=IFCFACEOUTERBOUND(#273,.T.);
#1488=IFCFACEOUTERBOUND(#274,.T.);
#1489=IFCFACEOUTERBOUND(#275,.T.);
#1490=IFCFACEOUTERBOUND(#276,.T.);
#1491=IFCFACEOUTERBOUND(#277,.T.);
#1492=IFCFACEOUTERBOUND(#278,.T.);
#1493=IFCFACEOUTERBOUND(#279,.T.);
#1494=IFCFACEOUTERBOUND(#280,.T.);
#1495=IFCFACEOUTERBOUND(#281,.T.);
#1496=IFCFACEOUTERBOUND(#282,.T.);
#1497=IFCFACEOUTERBOUND(#283,.T.);
#1498=IFCFACEOUTERBOUND(#284,.T.);
#1499=IFCFACEOUTERBOUND(#285,.T.);
#1500=IFCFACEOUTERBOUND(#286,.T.);
#1501=IFCFACEOUTERBOUND(#287,.T.);
#1502=IFCFACEOUTERBOUND(#288,.T.);
#1503=IFCFACEOUTERBOUND(#289,.T.);
#1504=IFCFACEOUTERBOUND(#290,.T.);
#1505=IFCFACEOUTERBOUND(#291,.T.);
#1506=IFCFACEOUTERBOUND(#292,.T.);
#1507=IFCFACEOUTERBOUND(#293,.T.);
#1508=IFCFACEOUTERBOUND(#294,.T.);
#1509=IFCFACEOUTERBOUND(#295,.T.);
#1510=IFCFACEOUTERBOUND(#296,.T.);
#1511=IFCFACEOUTERBOUND(#297,.T.);
#1512=IFCFACEOUTERBOUND(#298,.T.);
#1513=IFCFACEOUTERBOUND(#299,.T.);
#1514=IFCFACEOUTERBOUND(#300,.T.);
#1515=IFCFACEOUTERBOUND(#301,.T.);
#1516=IFCFACEOUTERBOUND(#302,.T.);
#1517=IFCFACEOUTERBOUND(#303,.T.);
#1518=IFCFACEOUTERBOUND(#304,.T.);
#1519=IFCFACEOUTERBOUND(#305,.T.);
#1520=IFCFACEOUTERBOUND(#306,.T.);
#1521=IFCFACEOUTERBOUND(#307,.T.);
#1522=IFCFACEOUTERBOUND(#308,.T.);
#1523=IFCFACEOUTERBOUND(#309,.T.);
#1524=IFCFACEOUTERBOUND(#310,.T.);
#1525=IFCFACEOUTERBOUND(#311,.T.);
#1526=IFCFACEOUTERBOUND(#312,.T.);
#1527=IFCFACEOUTERBOUND(#313,.T.);
#1528=IFCFACEOUTERBOUND(#314,.T.);
#1529=IFCFACEOUTERBOUND(#315,.T.);
#1530=IFCFACEOUTERBOUND(#316,.T.);
#1531=IFCFACEOUTERBOUND(#317,.T.);
#1532=IFCFACEOUTERBOUND(#318,.T.);
#1533=IFCFACEOUTERBOUND(#319,.T.);
#1534=IFCFACEOUTERBOUND(#320,.T.);
#1535=IFCFACEOUTERBOUND(#321,.T.);
#1536=IFCFACEOUTERBOUND(#322,.T.);
#1537=IFCFACEOUTERBOUND(#323,.T.);
#1538=IFCFACEOUTERBOUND(#324,.T.);
#1539=IFCFACEOUTERBOUND(#325,.T.);
#1540=IFCFACEOUTERBOUND(#326,.T.);
#1541=IFCFACEOUTERBOUND(#327,.T.);
#1542=IFCFACEOUTERBOUND(#328,.T.);
#1543=IFCFACEOUTERBOUND(#329,.T.);
#1544=IFCFACEOUTERBOUND(#330,.T.);
#1545=IFCFACEOUTERBOUND(#331,.T.);
#1546=IFCFACEOUTERBOUND(#332,.T.);
#1547=IFCFACEOUTERBOUND(#333,.T.);
#1548=IFCFACEOUTERBOUND(#334,.T.);
#1549=IFCFACEOUTERBOUND(#335,.T.);
#1550=IFCFACEOUTERBOUND(#336,.T.);
#1551=IFCFACEOUTERBOUND(#337,.T.);
#1552=IFCFACEOUTERBOUND(#338,.T.);
#1553=IFCFACEOUTERBOUND(#339,.T.);
#1554=IFCFACEOUTERBOUND(#340,.T.);
#1555=IFCFACEOUTERBOUND(#341,.T.);
#1556=IFCFACEOUTERBOUND(#342,.T.);
#1557=IFCFACEOUTERBOUND(#343,.T.);
#1558=IFCFACEOUTERBOUND(#344,.T.);
#1559=IFCFACEOUTERBOUND(#345,.T.);
#1560=IFCFACEOUTERBOUND(#346,.T.);
#1561=IFCFACEOUTERBOUND(#347,.T.);
#1562=IFCFACEOUTERBOUND(#348,.T.);
#1563=IFCFACEOUTERBOUND(#349,.T.);
#1564=IFCFACEOUTERBOUND(#350,.T.);
#1565=IFCFACEOUTERBOUND(#351,.T.);
#1566=IFCFACEOUTERBOUND(#352,.T.);
#1567=IFCFACEOUTERBOUND(#353,.T.);
#1568=IFCFACEOUTERBOUND(#354,.T.);
#1569=IFCFACEOUTERBOUND(#355,.T.);
#1570=IFCFACEOUTERBOUND(#356,.T.);
#1571=IFCFACEOUTERBOUND(#357,.T.);
#1572=IFCFACEOUTERBOUND(#358,.T.);
#1573=IFCFACEOUTERBOUND(#359,.T.);
#1574=IFCFACEOUTERBOUND(#360,.T.);
#1575=IFCFACEOUTERBOUND(#361,.T.);
#1576=IFCFACEOUTERBOUND(#362,.T.);
#1577=IFCFACEOUTERBOUND(#363,.T.);
#1578=IFCFACEOUTERBOUND(#364,.T.);
#1579=IFCFACEOUTERBOUND(#365,.T.);
#1580=IFCFACEOUTERBOUND(#366,.T.);
#1581=IFCFACEOUTERBOUND(#367,.T.);
#1582=IFCFACEOUTERBOUND(#368,.T.);
#1583=IFCFACEOUTERBOUND(#369,.T.);
#1584=IFCFACEOUTERBOUND(#370,.T.);
#1585=IFCFACEOUTERBOUND(#371,.T.);
#1586=IFCFACEOUTERBOUND(#372,.T.);
#1587=IFCFACEOUTERBOUND(#373,.T.);
#1588=IFCFACEOUTERBOUND(#374,.T.);
#1589=IFCFACEOUTERBOUND(#375,.T.);
#1590=IFCFACEOUTERBOUND(#376,.T.);
#1591=IFCFACEOUTERBOUND(#377,.T.);
#1592=IFCFACEOUTERBOUND(#378,.T.);
#1593=IFCFACEOUTERBOUND(#379,.T.);
#1594=IFCFACEOUTERBOUND(#380,.T.);
#1595=IFCFACEOUTERBOUND(#381,.T.);
#1596=IFCFACEOUTERBOUND(#382,.T.);
#1597=IFCFACEOUTERBOUND(#383,.T.);
#1598=IFCFACEOUTERBOUND(#384,.T.);
#1599=IFCFACEOUTERBOUND(#385,.T.);
#1600=IFCFACEOUTERBOUND(#386,.T.);
#1601=IFCFACEOUTERBOUND(#387,.T.);
#1602=IFCFACEOUTERBOUND(#388,.T.);
#1603=IFCFACEOUTERBOUND(#389,.T.);
#1604=IFCFACEOUTERBOUND(#390,.T.);
#1605=IFCFACEOUTERBOUND(#391,.T.);
#1606=IFCFACEOUTERBOUND(#392,.T.);
#1607=IFCFACEOUTERBOUND(#393,.T.);
#1608=IFCFACEOUTERBOUND(#394,.T.);
#1609=IFCFACEOUTERBOUND(#395,.T.);
#1610=IFCFACEOUTERBOUND(#396,.T.);
#1611=IFCFACEOUTERBOUND(#397,.T.);
#1612=IFCFACEOUTERBOUND(#398,.T.);
#1613=IFCFACEOUTERBOUND(#399,.T.);
#1614=IFCFACEOUTERBOUND(#400,.T.);
#1615=IFCFACEOUTERBOUND(#401,.T.);
#1616=IFCFACEOUTERBOUND(#402,.T.);
#1617=IFCFACEOUTERBOUND(#403,.T.);
#1618=IFCFACEOUTERBOUND(#404,.T.);
#1619=IFCFACEOUTERBOUND(#405,.T.);
#1620=IFCFACEOUTERBOUND(#406,.T.);
#1621=IFCFACEOUTERBOUND(#407,.T.);
#1622=IFCFACEOUTERBOUND(#408,.T.);
#1623=IFCFACEOUTERBOUND(#409,.T.);
#1624=IFCFACEOUTERBOUND(#410,.T.);
#1625=IFCFACEOUTERBOUND(#411,.T.);
#1626=IFCFACEOUTERBOUND(#412,.T.);
#1627=IFCFACEOUTERBOUND(#413,.T.);
#1628=IFCFACEOUTERBOUND(#414,.T.);
#1629=IFCFACEOUTERBOUND(#415,.T.);
#1630=IFCFACEOUTERBOUND(#416,.T.);
#1631=IFCFACEOUTERBOUND(#417,.T.);
#1632=IFCFACEOUTERBOUND(#418,.T.);
#1633=IFCFACEOUTERBOUND(#419,.T.);
#1634=IFCFACEOUTERBOUND(#420,.T.);
#1635=IFCFACEOUTERBOUND(#421,.T.);
#1636=IFCFACEOUTERBOUND(#422,.T.);
#1637=IFCFACEOUTERBOUND(#423,.T.);
#1638=IFCFACEOUTERBOUND(#424,.T.);
#1639=IFCFACEOUTERBOUND(#425,.T.);
#1640=IFCFACEOUTERBOUND(#426,.T.);
#1641=IFCFACEOUTERBOUND(#427,.T.);
#1642=IFCFACEOUTERBOUND(#428,.T.);
#1643=IFCFACEOUTERBOUND(#429,.T.);
#1644=IFCFACEOUTERBOUND(#430,.T.);
#1645=IFCFACEOUTERBOUND(#431,.T.);
#1646=IFCFACEOUTERBOUND(#432,.T.);
#1647=IFCFACEOUTERBOUND(#433,.T.);
#1648=IFCFACEOUTERBOUND(#434,.T.);
#1649=IFCFACEOUTERBOUND(#435,.T.);
#1650=IFCFACEOUTERBOUND(#436,.T.);
#1651=IFCFACEOUTERBOUND(#437,.T.);
#1652=IFCFACEOUTERBOUND(#438,.T.);
#1653=IFCFACEOUTERBOUND(#439,.T.);
#1654=IFCFACEOUTERBOUND(#440,.T.);
#1655=IFCFACEOUTERBOUND(#441,.T.);
#1656=IFCFACEOUTERBOUND(#442,.T.);
#1657=IFCFACEOUTERBOUND(#443,.T.);
#1658=IFCFACEOUTERBOUND(#444,.T.);
#1659=IFCFACEOUTERBOUND(#445,.T.);
#1660=IFCFACEOUTERBOUND(#446,.T.);
#1661=IFCFACEOUTERBOUND(#447,.T.);
#1662=IFCFACEOUTERBOUND(#448,.T.);
#1663=IFCFACEOUTERBOUND(#449,.T.);
#1664=IFCFACEOUTERBOUND(#450,.T.);
#1665=IFCFACEOUTERBOUND(#451,.T.);
#1666=IFCFACEOUTERBOUND(#452,.T.);
#1667=IFCFACEOUTERBOUND(#453,.T.);
#1668=IFCFACEOUTERBOUND(#454,.T.);
#1669=IFCFACEOUTERBOUND(#455,.T.);
#1670=IFCFACEOUTERBOUND(#456,.T.);
#1671=IFCFACEOUTERBOUND(#457,.T.);
#1672=IFCFACEOUTERBOUND(#458,.T.);
#1673=IFCFACEOUTERBOUND(#459,.T.);
#1674=IFCFACEOUTERBOUND(#460,.T.);
#1675=IFCFACEOUTERBOUND(#461,.T.);
#1676=IFCFACEOUTERBOUND(#462,.T.);
#1677=IFCFACEOUTERBOUND(#463,.T.);
#1678=IFCFACEOUTERBOUND(#464,.T.);
#1679=IFCFACEOUTERBOUND(#465,.T.);
#1680=IFCFACEOUTERBOUND(#466,.T.);
#1681=IFCFACEOUTERBOUND(#467,.T.);
#1682=IFCFACEOUTERBOUND(#468,.T.);
#1683=IFCFACEOUTERBOUND(#469,.T.);
#1684=IFCFACEOUTERBOUND(#470,.T.);
#1685=IFCFACEOUTERBOUND(#471,.T.);
#1686=IFCFACEOUTERBOUND(#472,.T.);
#1687=IFCFACEOUTERBOUND(#473,.T.);
#1688=IFCFACEOUTERBOUND(#474,.T.);
#1689=IFCFACEOUTERBOUND(#475,.T.);
#1690=IFCFACEOUTERBOUND(#476,.T.);
#1691=IFCFACEOUTERBOUND(#477,.T.);
#1692=IFCFACEOUTERBOUND(#478,.T.);
#1693=IFCFACEOUTERBOUND(#479,.T.);
#1694=IFCFACEOUTERBOUND(#480,.T.);
#1695=IFCFACEOUTERBOUND(#481,.T.);
#1696=IFCFACEOUTERBOUND(#482,.T.);
#1697=IFCFACEOUTERBOUND(#483,.T.);
#1698=IFCFACEOUTERBOUND(#484,.T.);
#1699=IFCFACEOUTERBOUND(#485,.T.);
#1700=IFCFACEOUTERBOUND(#486,.T.);
#1701=IFCFACEOUTERBOUND(#487,.T.);
#1702=IFCFACEOUTERBOUND(#488,.T.);
#1703=IFCFACEOUTERBOUND(#489,.T.);
#1704=IFCFACEOUTERBOUND(#490,.T.);
#1705=IFCFACEOUTERBOUND(#491,.T.);
#1706=IFCFACEOUTERBOUND(#492,.T.);
#1707=IFCFACEOUTERBOUND(#493,.T.);
#1708=IFCFACEOUTERBOUND(#494,.T.);
#1709=IFCFACEOUTERBOUND(#495,.T.);
#1710=IFCFACEOUTERBOUND(#496,.T.);
#1711=IFCFACEOUTERBOUND(#497,.T.);
#1712=IFCFACEOUTERBOUND(#498,.T.);
#1713=IFCFACEOUTERBOUND(#499,.T.);
#1714=IFCFACEOUTERBOUND(#500,.T.);
#1715=IFCFACEOUTERBOUND(#501,.T.);
#1716=IFCFACEOUTERBOUND(#502,.T.);
#1717=IFCFACEOUTERBOUND(#503,.T.);
#1718=IFCFACEOUTERBOUND(#504,.T.);
#1719=IFCFACEOUTERBOUND(#505,.T.);
#1720=IFCFACEOUTERBOUND(#506,.T.);
#1721=IFCFACEOUTERBOUND(#507,.T.);
#1722=IFCFACEOUTERBOUND(#508,.T.);
#1723=IFCFACEOUTERBOUND(#509,.T.);
#1724=IFCFACEOUTERBOUND(#510,.T.);
#1725=IFCFACEOUTERBOUND(#511,.T.);
#1726=IFCFACEOUTERBOUND(#512,.T.);
#1727=IFCFACEOUTERBOUND(#513,.T.);
#1728=IFCFACEOUTERBOUND(#514,.T.);
#1729=IFCFACEOUTERBOUND(#515,.T.);
#1730=IFCFACEOUTERBOUND(#516,.T.);
#1731=IFCFACEOUTERBOUND(#517,.T.);
#1732=IFCFACEOUTERBOUND(#518,.T.);
#1733=IFCFACEOUTERBOUND(#519,.T.);
#1734=IFCFACEOUTERBOUND(#520,.T.);
#1735=IFCFACEOUTERBOUND(#521,.T.);
#1736=IFCFACEOUTERBOUND(#522,.T.);
#1737=IFCFACEOUTERBOUND(#523,.T.);
#1738=IFCFACEOUTERBOUND(#524,.T.);
#1739=IFCFACEOUTERBOUND(#525,.T.);
#1740=IFCFACEOUTERBOUND(#526,.T.);
#1741=IFCFACEOUTERBOUND(#527,.T.);
#1742=IFCFACEOUTERBOUND(#528,.T.);
#1743=IFCFACEOUTERBOUND(#529,.T.);
#1744=IFCFACEOUTERBOUND(#530,.T.);
#1745=IFCFACEOUTERBOUND(#531,.T.);
#1746=IFCFACEOUTERBOUND(#532,.T.);
#1747=IFCFACEOUTERBOUND(#533,.T.);
#1748=IFCFACEOUTERBOUND(#534,.T.);
#1749=IFCFACEOUTERBOUND(#535,.T.);
#1750=IFCFACEOUTERBOUND(#536,.T.);
#1751=IFCFACEOUTERBOUND(#537,.T.);
#1752=IFCFACEOUTERBOUND(#538,.T.);
#1753=IFCFACEOUTERBOUND(#539,.T.);
#1754=IFCFACEOUTERBOUND(#540,.T.);
#1755=IFCFACEOUTERBOUND(#541,.T.);
#1756=IFCFACEOUTERBOUND(#542,.T.);
#1757=IFCFACEOUTERBOUND(#543,.T.);
#1758=IFCFACEOUTERBOUND(#544,.T.);
#1759=IFCFACEOUTERBOUND(#545,.T.);
#1760=IFCFACEOUTERBOUND(#546,.T.);
#1761=IFCFACEOUTERBOUND(#547,.T.);
#1762=IFCFACEOUTERBOUND(#548,.T.);
#1763=IFCFACEOUTERBOUND(#549,.T.);
#1764=IFCFACEOUTERBOUND(#550,.T.);
#1765=IFCFACEOUTERBOUND(#551,.T.);
#1766=IFCFACEOUTERBOUND(#552,.T.);
#1767=IFCFACEOUTERBOUND(#553,.T.);
#1768=IFCFACEOUTERBOUND(#554,.T.);
#1769=IFCFACEOUTERBOUND(#555,.T.);
#1770=IFCFACEOUTERBOUND(#556,.T.);
#1771=IFCFACEOUTERBOUND(#557,.T.);
#1772=IFCFACEOUTERBOUND(#558,.T.);
#1773=IFCFACEOUTERBOUND(#559,.T.);
#1774=IFCFACEOUTERBOUND(#560,.T.);
#1775=IFCFACEOUTERBOUND(#561,.T.);
#1776=IFCFACEOUTERBOUND(#562,.T.);
#1777=IFCFACEOUTERBOUND(#563,.T.);
#1778=IFCFACEOUTERBOUND(#564,.T.);
#1779=IFCFACEOUTERBOUND(#565,.T.);
#1780=IFCFACEOUTERBOUND(#566,.T.);
#1781=IFCFACEOUTERBOUND(#567,.T.);
#1782=IFCFACEOUTERBOUND(#568,.T.);
#1783=IFCFACEOUTERBOUND(#569,.T.);
#1784=IFCFACEOUTERBOUND(#570,.T.);
#1785=IFCFACEOUTERBOUND(#571,.T.);
#1786=IFCFACEOUTERBOUND(#572,.T.);
#1787=IFCFACEOUTERBOUND(#573,.T.);
#1788=IFCFACEOUTERBOUND(#574,.T.);
#1789=IFCFACEOUTERBOUND(#575,.T.);
#1790=IFCFACEOUTERBOUND(#576,.T.);
#1791=IFCFACEOUTERBOUND(#577,.T.);
#1792=IFCFACEOUTERBOUND(#578,.T.);
#1793=IFCFACEOUTERBOUND(#579,.T.);
#1794=IFCFACEOUTERBOUND(#580,.T.);
#1795=IFCFACEOUTERBOUND(#581,.T.);
#1796=IFCFACEOUTERBOUND(#582,.T.);
#1797=IFCFACEOUTERBOUND(#583,.T.);
#1798=IFCFACEOUTERBOUND(#584,.T.);
#1799=IFCFACEOUTERBOUND(#585,.T.);
#1800=IFCFACEOUTERBOUND(#586,.T.);
#1801=IFCFACEOUTERBOUND(#587,.T.);
#1802=IFCFACEOUTERBOUND(#588,.T.);
#1803=IFCFACEOUTERBOUND(#589,.T.);
#1804=IFCFACEOUTERBOUND(#590,.T.);
#1805=IFCFACEOUTERBOUND(#591,.T.);
#1806=IFCFACEOUTERBOUND(#592,.T.);
#1807=IFCFACEOUTERBOUND(#593,.T.);
#1808=IFCFACEOUTERBOUND(#594,.T.);
#1809=IFCFACEOUTERBOUND(#595,.T.);
#1810=IFCFACEOUTERBOUND(#596,.T.);
#1811=IFCFACEOUTERBOUND(#597,.T.);
#1812=IFCFACEOUTERBOUND(#598,.T.);
#1813=IFCFACEOUTERBOUND(#599,.T.);
#1814=IFCFACEOUTERBOUND(#600,.T.);
#1815=IFCFACEOUTERBOUND(#601,.T.);
#1816=IFCFACEOUTERBOUND(#602,.T.);
#1817=IFCFACEOUTERBOUND(#603,.T.);
#1818=IFCFACEOUTERBOUND(#604,.T.);
#1819=IFCFACEOUTERBOUND(#605,.T.);
#1820=IFCFACEOUTERBOUND(#606,.T.);
#1821=IFCFACEOUTERBOUND(#607,.T.);
#1822=IFCFACEOUTERBOUND(#608,.T.);
#1823=IFCFACEOUTERBOUND(#609,.T.);
#1824=IFCFACEOUTERBOUND(#610,.T.);
#1825=IFCFACEOUTERBOUND(#611,.T.);
#1826=IFCFACEOUTERBOUND(#612,.T.);
#1827=IFCFACEOUTERBOUND(#613,.T.);
#1828=IFCFACEOUTERBOUND(#614,.T.);
#1829=IFCFACEOUTERBOUND(#615,.T.);
#1830=IFCFACEOUTERBOUND(#616,.T.);
#1831=IFCFACEOUTERBOUND(#617,.T.);
#1832=IFCFACEOUTERBOUND(#618,.T.);
#1833=IFCFACEOUTERBOUND(#619,.T.);
#1834=IFCFACEOUTERBOUND(#620,.T.);
#1835=IFCFACEOUTERBOUND(#621,.T.);
#1836=IFCFACEOUTERBOUND(#622,.T.);
#1837=IFCFACEOUTERBOUND(#623,.T.);
#1838=IFCFACEOUTERBOUND(#624,.T.);
#1839=IFCFACEOUTERBOUND(#625,.T.);
#1840=IFCFACEOUTERBOUND(#626,.T.);
#1841=IFCFACEOUTERBOUND(#627,.T.);
#1842=IFCFACEOUTERBOUND(#628,.T.);
#1843=IFCFACEOUTERBOUND(#629,.T.);
#1844=IFCFACEOUTERBOUND(#630,.T.);
#1845=IFCFACEOUTERBOUND(#631,.T.);
#1846=IFCFACEOUTERBOUND(#632,.T.);
#1847=IFCFACEOUTERBOUND(#633,.T.);
#1848=IFCFACEOUTERBOUND(#634,.T.);
#1849=IFCFACEOUTERBOUND(#635,.T.);
#1850=IFCFACEOUTERBOUND(#636,.T.);
#1851=IFCFACEOUTERBOUND(#637,.T.);
#1852=IFCFACEOUTERBOUND(#638,.T.);
#1853=IFCFACEOUTERBOUND(#639,.T.);
#1854=IFCFACEOUTERBOUND(#640,.T.);
#1855=IFCFACEOUTERBOUND(#641,.T.);
#1856=IFCFACEOUTERBOUND(#642,.T.);
#1857=IFCFACEOUTERBOUND(#643,.T.);
#1858=IFCFACEOUTERBOUND(#644,.T.);
#1859=IFCFACEOUTERBOUND(#645,.T.);
#1860=IFCFACEOUTERBOUND(#646,.T.);
#1861=IFCFACEOUTERBOUND(#647,.T.);
#1862=IFCFACEOUTERBOUND(#648,.T.);
#1863=IFCFACEOUTERBOUND(#649,.T.);
#1864=IFCFACEOUTERBOUND(#650,.T.);
#1865=IFCFACEOUTERBOUND(#651,.T.);
#1866=IFCFACEOUTERBOUND(#652,.T.);
#1867=IFCFACEOUTERBOUND(#653,.T.);
#1868=IFCFACEOUTERBOUND(#654,.T.);
#1869=IFCFACEOUTERBOUND(#655,.T.);
#1870=IFCFACEOUTERBOUND(#656,.T.);
#1871=IFCFACEOUTERBOUND(#657,.T.);
#1872=IFCFACEOUTERBOUND(#658,.T.);
#1873=IFCFACEOUTERBOUND(#659,.T.);
#1874=IFCFACEOUTERBOUND(#660,.T.);
#1875=IFCFACEOUTERBOUND(#661,.T.);
#1876=IFCFACEOUTERBOUND(#662,.T.);
#1877=IFCFACEOUTERBOUND(#663,.T.);
#1878=IFCFACEOUTERBOUND(#664,.T.);
#1879=IFCFACEOUTERBOUND(#665,.T.);
#1880=IFCFACEOUTERBOUND(#666,.T.);
#1881=IFCFACEOUTERBOUND(#667,.T.);
#1882=IFCFACEOUTERBOUND(#668,.T.);
#1883=IFCFACEOUTERBOUND(#669,.T.);
#1884=IFCFACEOUTERBOUND(#670,.T.);
#1885=IFCFACEOUTERBOUND(#671,.T.);
#1886=IFCFACEOUTERBOUND(#672,.T.);
#1887=IFCFACEOUTERBOUND(#673,.T.);
#1888=IFCFACEOUTERBOUND(#674,.T.);
#1889=IFCFACEOUTERBOUND(#675,.T.);
#1890=IFCFACEOUTERBOUND(#676,.T.);
#1891=IFCFACEOUTERBOUND(#677,.T.);
#1892=IFCFACEOUTERBOUND(#678,.T.);
#1893=IFCFACEOUTERBOUND(#679,.T.);
#1894=IFCFACEOUTERBOUND(#680,.T.);
#1895=IFCFACEOUTERBOUND(#681,.T.);
#1896=IFCFACEOUTERBOUND(#682,.T.);
#1897=IFCFACEOUTERBOUND(#683,.T.);
#1898=IFCFACEOUTERBOUND(#684,.T.);
#1899=IFCFACEOUTERBOUND(#685,.T.);
#1900=IFCFACEOUTERBOUND(#686,.T.);
#1901=IFCFACEOUTERBOUND(#687,.T.);
#1902=IFCFACEOUTERBOUND(#688,.T.);
#1903=IFCFACEOUTERBOUND(#689,.T.);
#1904=IFCFACEOUTERBOUND(#690,.T.);
#1905=IFCFACEOUTERBOUND(#691,.T.);
#1906=IFCFACEOUTERBOUND(#692,.T.);
#1907=IFCFACEOUTERBOUND(#693,.T.);
#1908=IFCFACEOUTERBOUND(#694,.T.);
#1909=IFCFACEOUTERBOUND(#695,.T.);
#1910=IFCFACEOUTERBOUND(#696,.T.);
#1911=IFCFACEOUTERBOUND(#697,.T.);
#1912=IFCFACEOUTERBOUND(#698,.T.);
#1913=IFCFACEOUTERBOUND(#699,.T.);
#1914=IFCFACEOUTERBOUND(#700,.T.);
#1915=IFCFACEOUTERBOUND(#701,.T.);
#1916=IFCFACEOUTERBOUND(#702,.T.);
#1917=IFCFACEOUTERBOUND(#703,.T.);
#1918=IFCFACEOUTERBOUND(#704,.T.);
#1919=IFCFACEOUTERBOUND(#705,.T.);
#1920=IFCFACEOUTERBOUND(#706,.T.);
#1921=IFCFACEOUTERBOUND(#707,.T.);
#1922=IFCFACEOUTERBOUND(#708,.T.);
#1923=IFCFACEOUTERBOUND(#709,.T.);
#1924=IFCFACEOUTERBOUND(#710,.T.);
#1925=IFCFACEOUTERBOUND(#711,.T.);
#1926=IFCFACEOUTERBOUND(#712,.T.);
#1927=IFCFACEOUTERBOUND(#713,.T.);
#1928=IFCFACEOUTERBOUND(#714,.T.);
#1929=IFCFACEOUTERBOUND(#715,.T.);
#1930=IFCFACEOUTERBOUND(#716,.T.);
#1931=IFCFACEOUTERBOUND(#717,.T.);
#1932=IFCFACEOUTERBOUND(#718,.T.);
#1933=IFCFACEOUTERBOUND(#719,.T.);
#1934=IFCFACEOUTERBOUND(#720,.T.);
#1935=IFCFACEOUTERBOUND(#721,.T.);
#1936=IFCFACEOUTERBOUND(#722,.T.);
#1937=IFCFACEOUTERBOUND(#723,.T.);
#1938=IFCFACEOUTERBOUND(#724,.T.);
#1939=IFCFACEOUTERBOUND(#725,.T.);
#1940=IFCFACEOUTERBOUND(#726,.T.);
#1941=IFCFACEOUTERBOUND(#727,.T.);
#1942=IFCFACEOUTERBOUND(#728,.T.);
#1943=IFCFACEOUTERBOUND(#729,.T.);
#1944=IFCFACEOUTERBOUND(#730,.T.);
#1945=IFCFACEOUTERBOUND(#731,.T.);
#1946=IFCFACEOUTERBOUND(#732,.T.);
#1947=IFCFACEOUTERBOUND(#733,.T.);
#1948=IFCFACEOUTERBOUND(#734,.T.);
#1949=IFCFACEOUTERBOUND(#735,.T.);
#1950=IFCFACEOUTERBOUND(#736,.T.);
#1951=IFCFACEOUTERBOUND(#737,.T.);
#1952=IFCFACEOUTERBOUND(#738,.T.);
#1953=IFCFACEOUTERBOUND(#739,.T.);
#1954=IFCFACEOUTERBOUND(#740,.T.);
#1955=IFCFACEOUTERBOUND(#741,.T.);
#1956=IFCFACEOUTERBOUND(#742,.T.);
#1957=IFCFACEOUTERBOUND(#743,.T.);
#1958=IFCFACEOUTERBOUND(#744,.T.);
#1959=IFCFACEOUTERBOUND(#745,.T.);
#1960=IFCFACEOUTERBOUND(#746,.T.);
#1961=IFCFACEOUTERBOUND(#747,.T.);
#1962=IFCFACEOUTERBOUND(#748,.T.);
#1963=IFCFACEOUTERBOUND(#749,.T.);
#1964=IFCFACEOUTERBOUND(#750,.T.);
#1965=IFCFACEOUTERBOUND(#751,.T.);
#1966=IFCFACEOUTERBOUND(#752,.T.);
#1967=IFCFACEOUTERBOUND(#753,.T.);
#1968=IFCFACEOUTERBOUND(#754,.T.);
#1969=IFCFACEOUTERBOUND(#755,.T.);
#1970=IFCFACEOUTERBOUND(#756,.T.);
#1971=IFCFACEOUTERBOUND(#757,.T.);
#1972=IFCFACEOUTERBOUND(#758,.T.);
#1973=IFCFACEOUTERBOUND(#759,.T.);
#1974=IFCFACEOUTERBOUND(#760,.T.);
#1975=IFCFACEOUTERBOUND(#761,.T.);
#1976=IFCFACEOUTERBOUND(#762,.T.);
#1977=IFCFACEOUTERBOUND(#763,.T.);
#1978=IFCFACEOUTERBOUND(#764,.T.);
#1979=IFCFACEOUTERBOUND(#765,.T.);
#1980=IFCFACEOUTERBOUND(#766,.T.);
#1981=IFCFACEOUTERBOUND(#767,.T.);
#1982=IFCFACEOUTERBOUND(#768,.T.);
#1983=IFCFACEOUTERBOUND(#769,.T.);
#1984=IFCFACEOUTERBOUND(#770,.T.);
#1985=IFCFACEOUTERBOUND(#771,.T.);
#1986=IFCFACEOUTERBOUND(#772,.T.);
#1987=IFCFACEOUTERBOUND(#773,.T.);
#1988=IFCFACEOUTERBOUND(#774,.T.);
#1989=IFCFACEOUTERBOUND(#775,.T.);
#1990=IFCFACEOUTERBOUND(#776,.T.);
#1991=IFCFACEOUTERBOUND(#777,.T.);
#1992=IFCFACEOUTERBOUND(#778,.T.);
#1993=IFCFACEOUTERBOUND(#779,.T.);
#1994=IFCFACEOUTERBOUND(#780,.T.);
#1995=IFCFACEOUTERBOUND(#781,.T.);
#1996=IFCFACEOUTERBOUND(#782,.T.);
#1997=IFCFACEOUTERBOUND(#783,.T.);
#1998=IFCFACEOUTERBOUND(#784,.T.);
#1999=IFCFACEOUTERBOUND(#785,.T.);
#2000=IFCFACEOUTERBOUND(#786,.T.);
#2001=IFCFACEOUTERBOUND(#787,.T.);
#2002=IFCFACEOUTERBOUND(#788,.T.);
#2003=IFCFACEOUTERBOUND(#789,.T.);
#2004=IFCFACEOUTERBOUND(#790,.T.);
#2005=IFCFACEOUTERBOUND(#791,.T.);
#2006=IFCFACEOUTERBOUND(#792,.T.);
#2007=IFCFACEOUTERBOUND(#793,.T.);
#2008=IFCFACEOUTERBOUND(#794,.T.);
#2009=IFCFACEOUTERBOUND(#795,.T.);
#2010=IFCFACEOUTERBOUND(#796,.T.);
#2011=IFCFACEOUTERBOUND(#797,.T.);
#2012=IFCFACEOUTERBOUND(#798,.T.);
#2013=IFCFACEOUTERBOUND(#799,.T.);
#2014=IFCFACEOUTERBOUND(#800,.T.);
#2015=IFCFACEOUTERBOUND(#801,.T.);
#2016=IFCFACEOUTERBOUND(#802,.T.);
#2017=IFCFACEOUTERBOUND(#803,.T.);
#2018=IFCFACEOUTERBOUND(#804,.T.);
#2019=IFCFACEOUTERBOUND(#805,.T.);
#2020=IFCFACEOUTERBOUND(#806,.T.);
#2021=IFCFACEOUTERBOUND(#807,.T.);
#2022=IFCFACEOUTERBOUND(#808,.T.);
#2023=IFCFACEOUTERBOUND(#809,.T.);
#2024=IFCFACEOUTERBOUND(#810,.T.);
#2025=IFCFACEOUTERBOUND(#811,.T.);
#2026=IFCFACEOUTERBOUND(#812,.T.);
#2027=IFCFACEOUTERBOUND(#813,.T.);
#2028=IFCFACEOUTERBOUND(#814,.T.);
#2029=IFCFACEOUTERBOUND(#815,.T.);
#2030=IFCFACEOUTERBOUND(#816,.T.);
#2031=IFCFACEOUTERBOUND(#817,.T.);
#2032=IFCFACEOUTERBOUND(#818,.T.);
#2033=IFCFACEOUTERBOUND(#819,.T.);
#2034=IFCFACEOUTERBOUND(#820,.T.);
#2035=IFCFACEOUTERBOUND(#821,.T.);
#2036=IFCFACEOUTERBOUND(#822,.T.);
#2037=IFCFACEOUTERBOUND(#823,.T.);
#2038=IFCFACEOUTERBOUND(#824,.T.);
#2039=IFCFACEOUTERBOUND(#825,.T.);
#2040=IFCFACEOUTERBOUND(#826,.T.);
#2041=IFCFACEOUTERBOUND(#827,.T.);
#2042=IFCFACEOUTERBOUND(#828,.T.);
#2043=IFCFACEOUTERBOUND(#829,.T.);
#2044=IFCFACEOUTERBOUND(#830,.T.);
#2045=IFCFACEOUTERBOUND(#831,.T.);
#2046=IFCFACEOUTERBOUND(#832,.T.);
#2047=IFCFACEOUTERBOUND(#833,.T.);
#2048=IFCFACEOUTERBOUND(#834,.T.);
#2049=IFCFACEOUTERBOUND(#835,.T.);
#2050=IFCFACEOUTERBOUND(#836,.T.);
#2051=IFCFACEOUTERBOUND(#837,.T.);
#2052=IFCFACEOUTERBOUND(#838,.T.);
#2053=IFCFACEOUTERBOUND(#839,.T.);
#2054=IFCFACEOUTERBOUND(#840,.T.);
#2055=IFCFACEOUTERBOUND(#841,.T.);
#2056=IFCFACEOUTERBOUND(#842,.T.);
#2057=IFCFACEOUTERBOUND(#843,.T.);
#2058=IFCFACEOUTERBOUND(#844,.T.);
#2059=IFCFACEOUTERBOUND(#845,.T.);
#2060=IFCFACEOUTERBOUND(#846,.T.);
#2061=IFCFACEOUTERBOUND(#847,.T.);
#2062=IFCFACEOUTERBOUND(#848,.T.);
#2063=IFCFACEOUTERBOUND(#849,.T.);
#2064=IFCFACEOUTERBOUND(#850,.T.);
#2065=IFCFACEOUTERBOUND(#851,.T.);
#2066=IFCFACEOUTERBOUND(#852,.T.);
#2067=IFCFACEOUTERBOUND(#853,.T.);
#2068=IFCFACEOUTERBOUND(#854,.T.);
#2069=IFCFACEOUTERBOUND(#855,.T.);
#2070=IFCFACEOUTERBOUND(#856,.T.);
#2071=IFCFACEOUTERBOUND(#857,.T.);
#2072=IFCFACEOUTERBOUND(#858,.T.);
#2073=IFCFACEOUTERBOUND(#859,.T.);
#2074=IFCFACEOUTERBOUND(#860,.T.);
#2075=IFCFACEOUTERBOUND(#861,.T.);
#2076=IFCFACEOUTERBOUND(#862,.T.);
#2077=IFCFACEOUTERBOUND(#863,.T.);
#2078=IFCFACEOUTERBOUND(#864,.T.);
#2079=IFCFACEOUTERBOUND(#865,.T.);
#2080=IFCFACEOUTERBOUND(#866,.T.);
#2081=IFCFACEOUTERBOUND(#867,.T.);
#2082=IFCFACEOUTERBOUND(#868,.T.);
#2083=IFCFACEOUTERBOUND(#869,.T.);
#2084=IFCFACEOUTERBOUND(#870,.T.);
#2085=IFCFACEOUTERBOUND(#871,.T.);
#2086=IFCFACEOUTERBOUND(#872,.T.);
#2087=IFCFACEOUTERBOUND(#873,.T.);
#2088=IFCFACEOUTERBOUND(#874,.T.);
#2089=IFCFACEOUTERBOUND(#875,.T.);
#2090=IFCFACEOUTERBOUND(#876,.T.);
#2091=IFCFACEOUTERBOUND(#877,.T.);
#2092=IFCFACEOUTERBOUND(#878,.T.);
#2093=IFCFACEOUTERBOUND(#879,.T.);
#2094=IFCFACEOUTERBOUND(#880,.T.);
#2095=IFCFACEOUTERBOUND(#881,.T.);
#2096=IFCFACEOUTERBOUND(#882,.T.);
#2097=IFCFACEOUTERBOUND(#883,.T.);
#2098=IFCFACEOUTERBOUND(#884,.T.);
#2099=IFCFACEOUTERBOUND(#885,.T.);
#2100=IFCFACEOUTERBOUND(#886,.T.);
#2101=IFCFACEOUTERBOUND(#887,.T.);
#2102=IFCFACEOUTERBOUND(#888,.T.);
#2103=IFCFACEOUTERBOUND(#889,.T.);
#2104=IFCFACEOUTERBOUND(#890,.T.);
#2105=IFCFACEOUTERBOUND(#891,.T.);
#2106=IFCFACEOUTERBOUND(#892,.T.);
#2107=IFCFACEOUTERBOUND(#893,.T.);
#2108=IFCFACEOUTERBOUND(#894,.T.);
#2109=IFCFACEOUTERBOUND(#895,.T.);
#2110=IFCFACEOUTERBOUND(#896,.T.);
#2111=IFCFACEOUTERBOUND(#897,.T.);
#2112=IFCFACEOUTERBOUND(#898,.T.);
#2113=IFCFACEOUTERBOUND(#899,.T.);
#2114=IFCFACEOUTERBOUND(#900,.T.);
#2115=IFCFACEOUTERBOUND(#901,.T.);
#2116=IFCFACEOUTERBOUND(#902,.T.);
#2117=IFCFACEOUTERBOUND(#903,.T.);
#2118=IFCFACEOUTERBOUND(#904,.T.);
#2119=IFCFACEOUTERBOUND(#905,.T.);
#2120=IFCFACEOUTERBOUND(#906,.T.);
#2121=IFCFACEOUTERBOUND(#907,.T.);
#2122=IFCFACEOUTERBOUND(#908,.T.);
#2123=IFCFACEOUTERBOUND(#909,.T.);
#2124=IFCFACEOUTERBOUND(#910,.T.);
#2125=IFCFACEOUTERBOUND(#911,.T.);
#2126=IFCFACEOUTERBOUND(#912,.T.);
#2127=IFCFACEOUTERBOUND(#913,.T.);
#2128=IFCFACEOUTERBOUND(#914,.T.);
#2129=IFCFACEOUTERBOUND(#915,.T.);
#2130=IFCFACEOUTERBOUND(#916,.T.);
#2131=IFCFACEOUTERBOUND(#917,.T.);
#2132=IFCFACEOUTERBOUND(#918,.T.);
#2133=IFCFACEOUTERBOUND(#919,.T.);
#2134=IFCFACEOUTERBOUND(#920,.T.);
#2135=IFCFACEOUTERBOUND(#921,.T.);
#2136=IFCFACEOUTERBOUND(#922,.T.);
#2137=IFCFACEOUTERBOUND(#923,.T.);
#2138=IFCFACEOUTERBOUND(#924,.T.);
#2139=IFCFACEOUTERBOUND(#925,.T.);
#2140=IFCFACEOUTERBOUND(#926,.T.);
#2141=IFCFACEOUTERBOUND(#927,.T.);
#2142=IFCFACEOUTERBOUND(#928,.T.);
#2143=IFCFACEOUTERBOUND(#929,.T.);
#2144=IFCFACEOUTERBOUND(#930,.T.);
#2145=IFCFACEOUTERBOUND(#931,.T.);
#2146=IFCFACEOUTERBOUND(#932,.T.);
#2147=IFCFACEOUTERBOUND(#933,.T.);
#2148=IFCFACEOUTERBOUND(#934,.T.);
#2149=IFCFACEOUTERBOUND(#935,.T.);
#2150=IFCFACEOUTERBOUND(#936,.T.);
#2151=IFCFACEOUTERBOUND(#937,.T.);
#2152=IFCFACEOUTERBOUND(#938,.T.);
#2153=IFCFACEOUTERBOUND(#939,.T.);
#2154=IFCFACEOUTERBOUND(#940,.T.);
#2155=IFCFACEOUTERBOUND(#941,.T.);
#2156=IFCFACEOUTERBOUND(#942,.T.);
#2157=IFCFACEOUTERBOUND(#943,.T.);
#2158=IFCFACEOUTERBOUND(#944,.T.);
#2159=IFCFACEOUTERBOUND(#945,.T.);
#2160=IFCFACEOUTERBOUND(#946,.T.);
#2161=IFCFACEOUTERBOUND(#947,.T.);
#2162=IFCFACEOUTERBOUND(#948,.T.);
#2163=IFCFACEOUTERBOUND(#949,.T.);
#2164=IFCFACEOUTERBOUND(#950,.T.);
#2165=IFCFACEOUTERBOUND(#951,.T.);
#2166=IFCFACEOUTERBOUND(#952,.T.);
#2167=IFCFACEOUTERBOUND(#953,.T.);
#2168=IFCFACEOUTERBOUND(#954,.T.);
#2169=IFCFACEOUTERBOUND(#955,.T.);
#2170=IFCFACEOUTERBOUND(#956,.T.);
#2171=IFCFACEOUTERBOUND(#957,.T.);
#2172=IFCFACEOUTERBOUND(#958,.T.);
#2173=IFCFACEOUTERBOUND(#959,.T.);
#2174=IFCFACEOUTERBOUND(#960,.T.);
#2175=IFCFACEOUTERBOUND(#961,.T.);
#2176=IFCFACEOUTERBOUND(#962,.T.);
#2177=IFCFACEOUTERBOUND(#963,.T.);
#2178=IFCFACEOUTERBOUND(#964,.T.);
#2179=IFCFACEOUTERBOUND(#965,.T.);
#2180=IFCFACEOUTERBOUND(#966,.T.);
#2181=IFCFACEOUTERBOUND(#967,.T.);
#2182=IFCFACEOUTERBOUND(#968,.T.);
#2183=IFCFACEOUTERBOUND(#969,.T.);
#2184=IFCFACEOUTERBOUND(#970,.T.);
#2185=IFCFACEOUTERBOUND(#971,.T.);
#2186=IFCFACEOUTERBOUND(#972,.T.);
#2187=IFCFACEOUTERBOUND(#973,.T.);
#2188=IFCFACEOUTERBOUND(#974,.T.);
#2189=IFCFACEOUTERBOUND(#975,.T.);
#2190=IFCFACEOUTERBOUND(#976,.T.);
#2191=IFCFACEOUTERBOUND(#977,.T.);
#2192=IFCFACEOUTERBOUND(#978,.T.);
#2193=IFCFACEOUTERBOUND(#979,.T.);
#2194=IFCFACEOUTERBOUND(#980,.T.);
#2195=IFCFACEOUTERBOUND(#981,.T.);
#2196=IFCFACEOUTERBOUND(#982,.T.);
#2197=IFCFACEOUTERBOUND(#983,.T.);
#2198=IFCFACEOUTERBOUND(#984,.T.);
#2199=IFCFACEOUTERBOUND(#985,.T.);
#2200=IFCFACEOUTERBOUND(#986,.T.);
#2201=IFCFACEOUTERBOUND(#987,.T.);
#2202=IFCFACEOUTERBOUND(#988,.T.);
#2203=IFCFACEOUTERBOUND(#989,.T.);
#2204=IFCFACEOUTERBOUND(#990,.T.);
#2205=IFCFACEOUTERBOUND(#991,.T.);
#2206=IFCFACEOUTERBOUND(#992,.T.);
#2207=IFCFACEOUTERBOUND(#993,.T.);
#2208=IFCFACEOUTERBOUND(#994,.T.);
#2209=IFCFACEOUTERBOUND(#995,.T.);
#2210=IFCFACEOUTERBOUND(#996,.T.);
#2211=IFCFACEOUTERBOUND(#997,.T.);
#2212=IFCFACEOUTERBOUND(#998,.T.);
#2213=IFCFACEOUTERBOUND(#999,.T.);
#2214=IFCFACEOUTERBOUND(#1000,.T.);
#2215=IFCFACEOUTERBOUND(#1001,.T.);
#2216=IFCFACEOUTERBOUND(#1002,.T.);
#2217=IFCFACEOUTERBOUND(#1003,.T.);
#2218=IFCFACEOUTERBOUND(#1004,.T.);
#2219=IFCFACEOUTERBOUND(#1005,.T.);
#2220=IFCFACEOUTERBOUND(#1006,.T.);
#2221=IFCFACEOUTERBOUND(#1007,.T.);
#2222=IFCFACEOUTERBOUND(#1008,.T.);
#2223=IFCFACEOUTERBOUND(#1009,.T.);
#2224=IFCFACEOUTERBOUND(#1010,.T.);
#2225=IFCFACEOUTERBOUND(#1011,.T.);
#2226=IFCFACEOUTERBOUND(#1012,.T.);
#2227=IFCFACEOUTERBOUND(#1013,.T.);
#2228=IFCFACEOUTERBOUND(#1014,.T.);
#2229=IFCFACEOUTERBOUND(#1015,.T.);
#2230=IFCFACEOUTERBOUND(#1016,.T.);
#2231=IFCFACEOUTERBOUND(#1017,.T.);
#2232=IFCFACEOUTERBOUND(#1018,.T.);
#2233=IFCFACEOUTERBOUND(#1019,.T.);
#2234=IFCFACEOUTERBOUND(#1020,.T.);
#2235=IFCFACEOUTERBOUND(#1021,.T.);
#2236=IFCFACEOUTERBOUND(#1022,.T.);
#2237=IFCFACEOUTERBOUND(#1023,.T.);
#2238=IFCFACEOUTERBOUND(#1024,.T.);
#2239=IFCFACEOUTERBOUND(#1025,.T.);
#2240=IFCFACEOUTERBOUND(#1026,.T.);
#2241=IFCFACEOUTERBOUND(#1027,.T.);
#2242=IFCFACEOUTERBOUND(#1028,.T.);
#2243=IFCFACEOUTERBOUND(#1029,.T.);
#2244=IFCFACEOUTERBOUND(#1030,.T.);
#2245=IFCFACEOUTERBOUND(#1031,.T.);
#2246=IFCFACEOUTERBOUND(#1032,.T.);
#2247=IFCFACEOUTERBOUND(#1033,.T.);
#2248=IFCFACEOUTERBOUND(#1034,.T.);
#2249=IFCFACEOUTERBOUND(#1035,.T.);
#2250=IFCFACEOUTERBOUND(#1036,.T.);
#2251=IFCFACEOUTERBOUND(#1037,.T.);
#2252=IFCFACEOUTERBOUND(#1038,.T.);
#2253=IFCFACEOUTERBOUND(#1039,.T.);
#2254=IFCFACEOUTERBOUND(#1040,.T.);
#2255=IFCFACEOUTERBOUND(#1041,.T.);
#2256=IFCFACEOUTERBOUND(#1042,.T.);
#2257=IFCFACEOUTERBOUND(#1043,.T.);
#2258=IFCFACEOUTERBOUND(#1044,.T.);
#2259=IFCFACEOUTERBOUND(#1045,.T.);
#2260=IFCFACEOUTERBOUND(#1046,.T.);
#2261=IFCFACEOUTERBOUND(#1047,.T.);
#2262=IFCFACEOUTERBOUND(#1048,.T.);
#2263=IFCFACEOUTERBOUND(#1049,.T.);
#2264=IFCFACEOUTERBOUND(#1050,.T.);
#2265=IFCFACEOUTERBOUND(#1051,.T.);
#2266=IFCFACEOUTERBOUND(#1052,.T.);
#2267=IFCFACEOUTERBOUND(#1053,.T.);
#2268=IFCFACEOUTERBOUND(#1054,.T.);
#2269=IFCFACEOUTERBOUND(#1055,.T.);
#2270=IFCFACEOUTERBOUND(#1056,.T.);
#2271=IFCFACEOUTERBOUND(#1057,.T.);
#2272=IFCFACEOUTERBOUND(#1058,.T.);
#2273=IFCFACEOUTERBOUND(#1059,.T.);
#2274=IFCFACEOUTERBOUND(#1060,.T.);
#2275=IFCFACEOUTERBOUND(#1061,.T.);
#2276=IFCFACEOUTERBOUND(#1062,.T.);
#2277=IFCFACEOUTERBOUND(#1063,.T.);
#2278=IFCFACEOUTERBOUND(#1064,.T.);
#2279=IFCFACEOUTERBOUND(#1065,.T.);
#2280=IFCFACEOUTERBOUND(#1066,.T.);
#2281=IFCFACEOUTERBOUND(#1067,.T.);
#2282=IFCFACEOUTERBOUND(#1068,.T.);
#2283=IFCFACEOUTERBOUND(#1069,.T.);
#2284=IFCFACEOUTERBOUND(#1070,.T.);
#2285=IFCFACEOUTERBOUND(#1071,.T.);
#2286=IFCFACEOUTERBOUND(#1072,.T.);
#2287=IFCFACEOUTERBOUND(#1073,.T.);
#2288=IFCFACEOUTERBOUND(#1074,.T.);
#2289=IFCFACEOUTERBOUND(#1075,.T.);
#2290=IFCFACEOUTERBOUND(#1076,.T.);
#2291=IFCFACEOUTERBOUND(#1077,.T.);
#2292=IFCFACEOUTERBOUND(#1078,.T.);
#2293=IFCFACEOUTERBOUND(#1079,.T.);
#2294=IFCFACEOUTERBOUND(#1080,.T.);
#2295=IFCFACEOUTERBOUND(#1081,.T.);
#2296=IFCFACEOUTERBOUND(#1082,.T.);
#2297=IFCFACEOUTERBOUND(#1083,.T.);
#2298=IFCFACEOUTERBOUND(#1084,.T.);
#2299=IFCFACEOUTERBOUND(#1085,.T.);
#2300=IFCFACEOUTERBOUND(#1086,.T.);
#2301=IFCFACEOUTERBOUND(#1087,.T.);
#2302=IFCFACEOUTERBOUND(#1088,.T.);
#2303=IFCFACEOUTERBOUND(#1089,.T.);
#2304=IFCFACEOUTERBOUND(#1090,.T.);
#2305=IFCFACEOUTERBOUND(#1091,.T.);
#2306=IFCFACEOUTERBOUND(#1092,.T.);
#2307=IFCFACEOUTERBOUND(#1093,.T.);
#2308=IFCFACEOUTERBOUND(#1094,.T.);
#2309=IFCFACEOUTERBOUND(#1095,.T.);
#2310=IFCFACEOUTERBOUND(#1096,.T.);
#2311=IFCFACEOUTERBOUND(#1097,.T.);
#2312=IFCFACEOUTERBOUND(#1098,.T.);
#2313=IFCFACEOUTERBOUND(#1099,.T.);
#2314=IFCFACEOUTERBOUND(#1100,.T.);
#2315=IFCFACEOUTERBOUND(#1101,.T.);
#2316=IFCFACEOUTERBOUND(#1102,.T.);
#2317=IFCFACEOUTERBOUND(#1103,.T.);
#2318=IFCFACEOUTERBOUND(#1104,.T.);
#2319=IFCFACEOUTERBOUND(#1105,.T.);
#2320=IFCFACEOUTERBOUND(#1106,.T.);
#2321=IFCFACEOUTERBOUND(#1107,.T.);
#2322=IFCFACEOUTERBOUND(#1108,.T.);
#2323=IFCFACEOUTERBOUND(#1109,.T.);
#2324=IFCFACEOUTERBOUND(#1110,.T.);
#2325=IFCFACEOUTERBOUND(#1111,.T.);
#2326=IFCFACEOUTERBOUND(#1112,.T.);
#2327=IFCFACEOUTERBOUND(#1113,.T.);
#2328=IFCFACEOUTERBOUND(#1114,.T.);
#2329=IFCFACEOUTERBOUND(#1115,.T.);
#2330=IFCFACEOUTERBOUND(#1116,.T.);
#2331=IFCFACEOUTERBOUND(#1117,.T.);
#2332=IFCFACEOUTERBOUND(#1118,.T.);
#2333=IFCFACEOUTERBOUND(#1119,.T.);
#2334=IFCFACEOUTERBOUND(#1120,.T.);
#2335=IFCFACEOUTERBOUND(#1121,.T.);
#2336=IFCFACEOUTERBOUND(#1122,.T.);
#2337=IFCFACEOUTERBOUND(#1123,.T.);
#2338=IFCFACEOUTERBOUND(#1124,.T.);
#2339=IFCFACEOUTERBOUND(#1125,.T.);
#2340=IFCFACEOUTERBOUND(#1126,.T.);
#2341=IFCFACEOUTERBOUND(#1127,.T.);
#2342=IFCFACEOUTERBOUND(#1128,.T.);
#2343=IFCFACEOUTERBOUND(#1129,.T.);
#2344=IFCFACEOUTERBOUND(#1130,.T.);
#2345=IFCFACEOUTERBOUND(#1131,.T.);
#2346=IFCFACEOUTERBOUND(#1132,.T.);
#2347=IFCFACEOUTERBOUND(#1133,.T.);
#2348=IFCFACEOUTERBOUND(#1134,.T.);
#2349=IFCFACEOUTERBOUND(#1135,.T.);
#2350=IFCFACEOUTERBOUND(#1136,.T.);
#2351=IFCFACEOUTERBOUND(#1137,.T.);
#2352=IFCFACEOUTERBOUND(#1138,.T.);
#2353=IFCFACEOUTERBOUND(#1139,.T.);
#2354=IFCFACEOUTERBOUND(#1140,.T.);
#2355=IFCFACEOUTERBOUND(#1141,.T.);
#2356=IFCFACEOUTERBOUND(#1142,.T.);
#2357=IFCFACEOUTERBOUND(#1143,.T.);
#2358=IFCFACEOUTERBOUND(#1144,.T.);
#2359=IFCFACEOUTERBOUND(#1145,.T.);
#2360=IFCFACEOUTERBOUND(#1146,.T.);
#2361=IFCFACEOUTERBOUND(#1147,.T.);
#2362=IFCFACEOUTERBOUND(#1148,.T.);
#2363=IFCFACEOUTERBOUND(#1149,.T.);
#2364=IFCFACEOUTERBOUND(#1150,.T.);
#2365=IFCFACEOUTERBOUND(#1151,.T.);
#2366=IFCFACEOUTERBOUND(#1152,.T.);
#2367=IFCFACEOUTERBOUND(#1153,.T.);
#2368=IFCFACEOUTERBOUND(#1154,.T.);
#2369=IFCFACEOUTERBOUND(#1155,.T.);
#2370=IFCFACEOUTERBOUND(#1156,.T.);
#2371=IFCFACEOUTERBOUND(#1157,.T.);
#2372=IFCFACEOUTERBOUND(#1158,.T.);
#2373=IFCFACEOUTERBOUND(#1159,.T.);
#2374=IFCFACEOUTERBOUND(#1160,.T.);
#2375=IFCFACEOUTERBOUND(#1161,.T.);
#2376=IFCFACEOUTERBOUND(#1162,.T.);
#2377=IFCFACEOUTERBOUND(#1163,.T.);
#2378=IFCFACEOUTERBOUND(#1164,.T.);
#2379=IFCFACEOUTERBOUND(#1165,.T.);
#2380=IFCFACEOUTERBOUND(#1166,.T.);
#2381=IFCFACEOUTERBOUND(#1167,.T.);
#2382=IFCFACEOUTERBOUND(#1168,.T.);
#2383=IFCFACEOUTERBOUND(#1169,.T.);
#2384=IFCFACEOUTERBOUND(#1170,.T.);
#2385=IFCFACEOUTERBOUND(#1171,.T.);
#2386=IFCFACEOUTERBOUND(#1172,.T.);
#2387=IFCFACEOUTERBOUND(#1173,.T.);
#2388=IFCFACEOUTERBOUND(#1174,.T.);
#2389=IFCFACEOUTERBOUND(#1175,.T.);
#2390=IFCFACEOUTERBOUND(#1176,.T.);
#2391=IFCFACEOUTERBOUND(#1177,.T.);
#2392=IFCFACEOUTERBOUND(#1178,.T.);
#2393=IFCFACEOUTERBOUND(#1179,.T.);
#2394=IFCFACEOUTERBOUND(#1180,.T.);
#2395=IFCFACEOUTERBOUND(#1181,.T.);
#2396=IFCFACEOUTERBOUND(#1182,.T.);
#2397=IFCFACEOUTERBOUND(#1183,.T.);
#2398=IFCFACEOUTERBOUND(#1184,.T.);
#2399=IFCFACEOUTERBOUND(#1185,.T.);
#2400=IFCFACEOUTERBOUND(#1186,.T.);
#2401=IFCFACEOUTERBOUND(#1187,.T.);
#2402=IFCFACEOUTERBOUND(#1188,.T.);
#2403=IFCFACEOUTERBOUND(#1189,.T.);
#2404=IFCFACEOUTERBOUND(#1190,.T.);
#2405=IFCFACEOUTERBOUND(#1191,.T.);
#2406=IFCFACEOUTERBOUND(#1192,.T.);
#2407=IFCFACEOUTERBOUND(#1193,.T.);
#2408=IFCFACEOUTERBOUND(#1194,.T.);
#2409=IFCFACEOUTERBOUND(#1195,.T.);
#2410=IFCFACEOUTERBOUND(#1196,.T.);
#2411=IFCFACEOUTERBOUND(#1197,.T.);
#2412=IFCFACEOUTERBOUND(#1198,.T.);
#2413=IFCFACEOUTERBOUND(#1199,.T.);
#2414=IFCFACEOUTERBOUND(#1200,.T.);
#2415=IFCFACEOUTERBOUND(#1201,.T.);
#2416=IFCFACEOUTERBOUND(#1202,.T.);
#2417=IFCFACEOUTERBOUND(#1203,.T.);
#2418=IFCFACEOUTERBOUND(#1204,.T.);
#2419=IFCFACEOUTERBOUND(#1205,.T.);
#2420=IFCFACEOUTERBOUND(#1206,.T.);
#2421=IFCFACEOUTERBOUND(#1207,.T.);
#2422=IFCFACEOUTERBOUND(#1208,.T.);
#2423=IFCFACEOUTERBOUND(#1209,.T.);
#2424=IFCFACEOUTERBOUND(#1210,.T.);
#2425=IFCFACEOUTERBOUND(#1211,.T.);
#2426=IFCFACEOUTERBOUND(#1212,.T.);
#2427=IFCFACEOUTERBOUND(#1213,.T.);
#2428=IFCFACEOUTERBOUND(#1214,.T.);
#2429=IFCFACEOUTERBOUND(#1215,.T.);
#2430=IFCFACEOUTERBOUND(#1216,.T.);
#2431=IFCFACEOUTERBOUND(#1217,.T.);
#2432=IFCFACEOUTERBOUND(#1218,.T.);
#2433=IFCFACEOUTERBOUND(#1219,.T.);
#2434=IFCFACEOUTERBOUND(#1220,.T.);
#2435=IFCFACEOUTERBOUND(#1221,.T.);
#2436=IFCFACEOUTERBOUND(#1222,.T.);
#2437=IFCFACEOUTERBOUND(#1223,.T.);
#2438=IFCFACEOUTERBOUND(#1224,.T.);
#2439=IFCFACEOUTERBOUND(#1225,.T.);
#2440=IFCFACE((#1226));
#2441=IFCFACE((#1227));
#2442=IFCFACE((#1228));
#2443=IFCFACE((#1229));
#2444=IFCFACE((#1230));
#2445=IFCFACE((#1231));
#2446=IFCFACE((#1232));
#2447=IFCFACE((#1233));
#2448=IFCFACE((#1234));
#2449=IFCFACE((#1235));
#2450=IFCFACE((#1236));
#2451=IFCFACE((#1237));
#2452=IFCFACE((#1238));
#2453=IFCFACE((#1239));
#2454=IFCFACE((#1240));
#2455=IFCFACE((#1241));
#2456=IFCFACE((#1242));
#2457=IFCFACE((#1243));
#2458=IFCFACE((#1244));
#2459=IFCFACE((#1245));
#2460=IFCFACE((#1246));
#2461=IFCFACE((#1247));
#2462=IFCFACE((#1248));
#2463=IFCFACE((#1249));
#2464=IFCFACE((#1250));
#2465=IFCFACE((#1251));
#2466=IFCFACE((#1252));
#2467=IFCFACE((#1253));
#2468=IFCFACE((#1254));
#2469=IFCFACE((#1255));
#2470=IFCFACE((#1256));
#2471=IFCFACE((#1257));
#2472=IFCFACE((#1258));
#2473=IFCFACE((#1259));
#2474=IFCFACE((#1260));
#2475=IFCFACE((#1261));
#2476=IFCFACE((#1262));
#2477=IFCFACE((#1263));
#2478=IFCFACE((#1264));
#2479=IFCFACE((#1265));
#2480=IFCFACE((#1266));
#2481=IFCFACE((#1267));
#2482=IFCFACE((#1268));
#2483=IFCFACE((#1269));
#2484=IFCFACE((#1270));
#2485=IFCFACE((#1271));
#2486=IFCFACE((#1272));
#2487=IFCFACE((#1273));
#2488=IFCFACE((#1274));
#2489=IFCFACE((#1275));
#2490=IFCFACE((#1276));
#2491=IFCFACE((#1277));
#2492=IFCFACE((#1278));
#2493=IFCFACE((#1279));
#2494=IFCFACE((#1280));
#2495=IFCFACE((#1281));
#2496=IFCFACE((#1282));
#2497=IFCFACE((#1283));
#2498=IFCFACE((#1284));
#2499=IFCFACE((#1285));
#2500=IFCFACE((#1286));
#2501=IFCFACE((#1287));
#2502=IFCFACE((#1288));
#2503=IFCFACE((#1289));
#2504=IFCFACE((#1290));
#2505=IFCFACE((#1291));
#2506=IFCFACE((#1292));
#2507=IFCFACE((#1293));
#2508=IFCFACE((#1294));
#2509=IFCFACE((#1295));
#2510=IFCFACE((#1296));
#2511=IFCFACE((#1297));
#2512=IFCFACE((#1298));
#2513=IFCFACE((#1299));
#2514=IFCFACE((#1300));
#2515=IFCFACE((#1301));
#2516=IFCFACE((#1302));
#2517=IFCFACE((#1303));
#2518=IFCFACE((#1304));
#2519=IFCFACE((#1305));
#2520=IFCFACE((#1306));
#2521=IFCFACE((#1307));
#2522=IFCFACE((#1308));
#2523=IFCFACE((#1309));
#2524=IFCFACE((#1310));
#2525=IFCFACE((#1311));
#2526=IFCFACE((#1312));
#2527=IFCFACE((#1313));
#2528=IFCFACE((#1314));
#2529=IFCFACE((#1315));
#2530=IFCFACE((#1316));
#2531=IFCFACE((#1317));
#2532=IFCFACE((#1318));
#2533=IFCFACE((#1319));
#2534=IFCFACE((#1320));
#2535=IFCFACE((#1321));
#2536=IFCFACE((#1322));
#2537=IFCFACE((#1323));
#2538=IFCFACE((#1324));
#2539=IFCFACE((#1325));
#2540=IFCFACE((#1326));
#2541=IFCFACE((#1327));
#2542=IFCFACE((#1328));
#2543=IFCFACE((#1329));
#2544=IFCFACE((#1330));
#2545=IFCFACE((#1331));
#2546=IFCFACE((#1332));
#2547=IFCFACE((#1333));
#2548=IFCFACE((#1334));
#2549=IFCFACE((#1335));
#2550=IFCFACE((#1336));
#2551=IFCFACE((#1337));
#2552=IFCFACE((#1338));
#2553=IFCFACE((#1339));
#2554=IFCFACE((#1340));
#2555=IFCFACE((#1341));
#2556=IFCFACE((#1342));
#2557=IFCFACE((#1343));
#2558=IFCFACE((#1344));
#2559=IFCFACE((#1345));
#2560=IFCFACE((#1346));
#2561=IFCFACE((#1347));
#2562=IFCFACE((#1348));
#2563=IFCFACE((#1349));
#2564=IFCFACE((#1350));
#2565=IFCFACE((#1351));
#2566=IFCFACE((#1352));
#2567=IFCFACE((#1353));
#2568=IFCFACE((#1354));
#2569=IFCFACE((#1355));
#2570=IFCFACE((#1356));
#2571=IFCFACE((#1357));
#2572=IFCFACE((#1358));
#2573=IFCFACE((#1359));
#2574=IFCFACE((#1360));
#2575=IFCFACE((#1361));
#2576=IFCFACE((#1362));
#2577=IFCFACE((#1363));
#2578=IFCFACE((#1364));
#2579=IFCFACE((#1365));
#2580=IFCFACE((#1366));
#2581=IFCFACE((#1367));
#2582=IFCFACE((#1368));
#2583=IFCFACE((#1369));
#2584=IFCFACE((#1370));
#2585=IFCFACE((#1371));
#2586=IFCFACE((#1372));
#2587=IFCFACE((#1373));
#2588=IFCFACE((#1374));
#2589=IFCFACE((#1375));
#2590=IFCFACE((#1376));
#2591=IFCFACE((#1377));
#2592=IFCFACE((#1378));
#2593=IFCFACE((#1379));
#2594=IFCFACE((#1380));
#2595=IFCFACE((#1381));
#2596=IFCFACE((#1382));
#2597=IFCFACE((#1383));
#2598=IFCFACE((#1384));
#2599=IFCFACE((#1385));
#2600=IFCFACE((#1386));
#2601=IFCFACE((#1387));
#2602=IFCFACE((#1388));
#2603=IFCFACE((#1389));
#2604=IFCFACE((#1390));
#2605=IFCFACE((#1391));
#2606=IFCFACE((#1392));
#2607=IFCFACE((#1393));
#2608=IFCFACE((#1394));
#2609=IFCFACE((#1395));
#2610=IFCFACE((#1396));
#2611=IFCFACE((#1397));
#2612=IFCFACE((#1398));
#2613=IFCFACE((#1399));
#2614=IFCFACE((#1400));
#2615=IFCFACE((#1401));
#2616=IFCFACE((#1402));
#2617=IFCFACE((#1403));
#2618=IFCFACE((#1404));
#2619=IFCFACE((#1405));
#2620=IFCFACE((#1406));
#2621=IFCFACE((#1407));
#2622=IFCFACE((#1408));
#2623=IFCFACE((#1409));
#2624=IFCFACE((#1410));
#2625=IFCFACE((#1411));
#2626=IFCFACE((#1412));
#2627=IFCFACE((#1413));
#2628=IFCFACE((#1414));
#2629=IFCFACE((#1415));
#2630=IFCFACE((#1416));
#2631=IFCFACE((#1417));
#2632=IFCFACE((#1418));
#2633=IFCFACE((#1419));
#2634=IFCFACE((#1420));
#2635=IFCFACE((#1421));
#2636=IFCFACE((#1422));
#2637=IFCFACE((#1423));
#2638=IFCFACE((#1424));
#2639=IFCFACE((#1425));
#2640=IFCFACE((#1426));
#2641=IFCFACE((#1427));
#2642=IFCFACE((#1428));
#2643=IFCFACE((#1429));
#2644=IFCFACE((#1430));
#2645=IFCFACE((#1431));
#2646=IFCFACE((#1432));
#2647=IFCFACE((#1433));
#2648=IFCFACE((#1434));
#2649=IFCFACE((#1435));
#2650=IFCFACE((#1436));
#2651=IFCFACE((#1437));
#2652=IFCFACE((#1438));
#2653=IFCFACE((#1439));
#2654=IFCFACE((#1440));
#2655=IFCFACE((#1441));
#2656=IFCFACE((#1442));
#2657=IFCFACE((#1443));
#2658=IFCFACE((#1444));
#2659=IFCFACE((#1445));
#2660=IFCFACE((#1446));
#2661=IFCFACE((#1447));
#2662=IFCFACE((#1448));
#2663=IFCFACE((#1449));
#2664=IFCFACE((#1450));
#2665=IFCFACE((#1451));
#2666=IFCFACE((#1452));
#2667=IFCFACE((#1453));
#2668=IFCFACE((#1454));
#2669=IFCFACE((#1455));
#2670=IFCFACE((#1456));
#2671=IFCFACE((#1457));
#2672=IFCFACE((#1458));
#2673=IFCFACE((#1459));
#2674=IFCFACE((#1460));
#2675=IFCFACE((#1461));
#2676=IFCFACE((#1462));
#2677=IFCFACE((#1463));
#2678=IFCFACE((#1464));
#2679=IFCFACE((#1465));
#2680=IFCFACE((#1466));
#2681=IFCFACE((#1467));
#2682=IFCFACE((#1468));
#2683=IFCFACE((#1469));
#2684=IFCFACE((#1470));
#2685=IFCFACE((#1471));
#2686=IFCFACE((#1472));
#2687=IFCFACE((#1473));
#2688=IFCFACE((#1474));
#2689=IFCFACE((#1475));
#2690=IFCFACE((#1476));
#2691=IFCFACE((#1477));
#2692=IFCFACE((#1478));
#2693=IFCFACE((#1479));
#2694=IFCFACE((#1480));
#2695=IFCFACE((#1481));
#2696=IFCFACE((#1482));
#2697=IFCFACE((#1483));
#2698=IFCFACE((#1484));
#2699=IFCFACE((#1485));
#2700=IFCFACE((#1486));
#2701=IFCFACE((#1487));
#2702=IFCFACE((#1488));
#2703=IFCFACE((#1489));
#2704=IFCFACE((#1490));
#2705=IFCFACE((#1491));
#2706=IFCFACE((#1492));
#2707=IFCFACE((#1493));
#2708=IFCFACE((#1494));
#2709=IFCFACE((#1495));
#2710=IFCFACE((#1496));
#2711=IFCFACE((#1497));
#2712=IFCFACE((#1498));
#2713=IFCFACE((#1499));
#2714=IFCFACE((#1500));
#2715=IFCFACE((#1501));
#2716=IFCFACE((#1502));
#2717=IFCFACE((#1503));
#2718=IFCFACE((#1504));
#2719=IFCFACE((#1505));
#2720=IFCFACE((#1506));
#2721=IFCFACE((#1507));
#2722=IFCFACE((#1508));
#2723=IFCFACE((#1509));
#2724=IFCFACE((#1510));
#2725=IFCFACE((#1511));
#2726=IFCFACE((#1512));
#2727=IFCFACE((#1513));
#2728=IFCFACE((#1514));
#2729=IFCFACE((#1515));
#2730=IFCFACE((#1516));
#2731=IFCFACE((#1517));
#2732=IFCFACE((#1518));
#2733=IFCFACE((#1519));
#2734=IFCFACE((#1520));
#2735=IFCFACE((#1521));
#2736=IFCFACE((#1522));
#2737=IFCFACE((#1523));
#2738=IFCFACE((#1524));
#2739=IFCFACE((#1525));
#2740=IFCFACE((#1526));
#2741=IFCFACE((#1527));
#2742=IFCFACE((#1528));
#2743=IFCFACE((#1529));
#2744=IFCFACE((#1530));
#2745=IFCFACE((#1531));
#2746=IFCFACE((#1532));
#2747=IFCFACE((#1533));
#2748=IFCFACE((#1534));
#2749=IFCFACE((#1535));
#2750=IFCFACE((#1536));
#2751=IFCFACE((#1537));
#2752=IFCFACE((#1538));
#2753=IFCFACE((#1539));
#2754=IFCFACE((#1540));
#2755=IFCFACE((#1541));
#2756=IFCFACE((#1542));
#2757=IFCFACE((#1543));
#2758=IFCFACE((#1544));
#2759=IFCFACE((#1545));
#2760=IFCFACE((#1546));
#2761=IFCFACE((#1547));
#2762=IFCFACE((#1548));
#2763=IFCFACE((#1549));
#2764=IFCFACE((#1550));
#2765=IFCFACE((#1551));
#2766=IFCFACE((#1552));
#2767=IFCFACE((#1553));
#2768=IFCFACE((#1554));
#2769=IFCFACE((#1555));
#2770=IFCFACE((#1556));
#2771=IFCFACE((#1557));
#2772=IFCFACE((#1558));
#2773=IFCFACE((#1559));
#2774=IFCFACE((#1560));
#2775=IFCFACE((#1561));
#2776=IFCFACE((#1562));
#2777=IFCFACE((#1563));
#2778=IFCFACE((#1564));
#2779=IFCFACE((#1565));
#2780=IFCFACE((#1566));
#2781=IFCFACE((#1567));
#2782=IFCFACE((#1568));
#2783=IFCFACE((#1569));
#2784=IFCFACE((#1570));
#2785=IFCFACE((#1571));
#2786=IFCFACE((#1572));
#2787=IFCFACE((#1573));
#2788=IFCFACE((#1574));
#2789=IFCFACE((#1575));
#2790=IFCFACE((#1576));
#2791=IFCFACE((#1577));
#2792=IFCFACE((#1578));
#2793=IFCFACE((#1579));
#2794=IFCFACE((#1580));
#2795=IFCFACE((#1581));
#2796=IFCFACE((#1582));
#2797=IFCFACE((#1583));
#2798=IFCFACE((#1584));
#2799=IFCFACE((#1585));
#2800=IFCFACE((#1586));
#2801=IFCFACE((#1587));
#2802=IFCFACE((#1588));
#2803=IFCFACE((#1589));
#2804=IFCFACE((#1590));
#2805=IFCFACE((#1591));
#2806=IFCFACE((#1592));
#2807=IFCFACE((#1593));
#2808=IFCFACE((#1594));
#2809=IFCFACE((#1595));
#2810=IFCFACE((#1596));
#2811=IFCFACE((#1597));
#2812=IFCFACE((#1598));
#2813=IFCFACE((#1599));
#2814=IFCFACE((#1600));
#2815=IFCFACE((#1601));
#2816=IFCFACE((#1602));
#2817=IFCFACE((#1603));
#2818=IFCFACE((#1604));
#2819=IFCFACE((#1605));
#2820=IFCFACE((#1606));
#2821=IFCFACE((#1607));
#2822=IFCFACE((#1608));
#2823=IFCFACE((#1609));
#2824=IFCFACE((#1610));
#2825=IFCFACE((#1611));
#2826=IFCFACE((#1612));
#2827=IFCFACE((#1613));
#2828=IFCFACE((#1614));
#2829=IFCFACE((#1615));
#2830=IFCFACE((#1616));
#2831=IFCFACE((#1617));
#2832=IFCFACE((#1618));
#2833=IFCFACE((#1619));
#2834=IFCFACE((#1620));
#2835=IFCFACE((#1621));
#2836=IFCFACE((#1622));
#2837=IFCFACE((#1623));
#2838=IFCFACE((#1624));
#2839=IFCFACE((#1625));
#2840=IFCFACE((#1626));
#2841=IFCFACE((#1627));
#2842=IFCFACE((#1628));
#2843=IFCFACE((#1629));
#2844=IFCFACE((#1630));
#2845=IFCFACE((#1631));
#2846=IFCFACE((#1632));
#2847=IFCFACE((#1633));
#2848=IFCFACE((#1634));
#2849=IFCFACE((#1635));
#2850=IFCFACE((#1636));
#2851=IFCFACE((#1637));
#2852=IFCFACE((#1638));
#2853=IFCFACE((#1639));
#2854=IFCFACE((#1640));
#2855=IFCFACE((#1641));
#2856=IFCFACE((#1642));
#2857=IFCFACE((#1643));
#2858=IFCFACE((#1644));
#2859=IFCFACE((#1645));
#2860=IFCFACE((#1646));
#2861=IFCFACE((#1647));
#2862=IFCFACE((#1648));
#2863=IFCFACE((#1649));
#2864=IFCFACE((#1650));
#2865=IFCFACE((#1651));
#2866=IFCFACE((#1652));
#2867=IFCFACE((#1653));
#2868=IFCFACE((#1654));
#2869=IFCFACE((#1655));
#2870=IFCFACE((#1656));
#2871=IFCFACE((#1657));
#2872=IFCFACE((#1658));
#2873=IFCFACE((#1659));
#2874=IFCFACE((#1660));
#2875=IFCFACE((#1661));
#2876=IFCFACE((#1662));
#2877=IFCFACE((#1663));
#2878=IFCFACE((#1664));
#2879=IFCFACE((#1665));
#2880=IFCFACE((#1666));
#2881=IFCFACE((#1667));
#2882=IFCFACE((#1668));
#2883=IFCFACE((#1669));
#2884=IFCFACE((#1670));
#2885=IFCFACE((#1671));
#2886=IFCFACE((#1672));
#2887=IFCFACE((#1673));
#2888=IFCFACE((#1674));
#2889=IFCFACE((#1675));
#2890=IFCFACE((#1676));
#2891=IFCFACE((#1677));
#2892=IFCFACE((#1678));
#2893=IFCFACE((#1679));
#2894=IFCFACE((#1680));
#2895=IFCFACE((#1681));
#2896=IFCFACE((#1682));
#2897=IFCFACE((#1683));
#2898=IFCFACE((#1684));
#2899=IFCFACE((#1685));
#2900=IFCFACE((#1686));
#2901=IFCFACE((#1687));
#2902=IFCFACE((#1688));
#2903=IFCFACE((#1689));
#2904=IFCFACE((#1690));
#2905=IFCFACE((#1691));
#2906=IFCFACE((#1692));
#2907=IFCFACE((#1693));
#2908=IFCFACE((#1694));
#2909=IFCFACE((#1695));
#2910=IFCFACE((#1696));
#2911=IFCFACE((#1697));
#2912=IFCFACE((#1698));
#2913=IFCFACE((#1699));
#2914=IFCFACE((#1700));
#2915=IFCFACE((#1701));
#2916=IFCFACE((#1702));
#2917=IFCFACE((#1703));
#2918=IFCFACE((#1704));
#2919=IFCFACE((#1705));
#2920=IFCFACE((#1706));
#2921=IFCFACE((#1707));
#2922=IFCFACE((#1708));
#2923=IFCFACE((#1709));
#2924=IFCFACE((#1710));
#2925=IFCFACE((#1711));
#2926=IFCFACE((#1712));
#2927=IFCFACE((#1713));
#2928=IFCFACE((#1714));
#2929=IFCFACE((#1715));
#2930=IFCFACE((#1716));
#2931=IFCFACE((#1717));
#2932=IFCFACE((#1718));
#2933=IFCFACE((#1719));
#2934=IFCFACE((#1720));
#2935=IFCFACE((#1721));
#2936=IFCFACE((#1722));
#2937=IFCFACE((#1723));
#2938=IFCFACE((#1724));
#2939=IFCFACE((#1725));
#2940=IFCFACE((#1726));
#2941=IFCFACE((#1727));
#2942=IFCFACE((#1728));
#2943=IFCFACE((#1729));
#2944=IFCFACE((#1730));
#2945=IFCFACE((#1731));
#2946=IFCFACE((#1732));
#2947=IFCFACE((#1733));
#2948=IFCFACE((#1734));
#2949=IFCFACE((#1735));
#2950=IFCFACE((#1736));
#2951=IFCFACE((#1737));
#2952=IFCFACE((#1738));
#2953=IFCFACE((#1739));
#2954=IFCFACE((#1740));
#2955=IFCFACE((#1741));
#2956=IFCFACE((#1742));
#2957=IFCFACE((#1743));
#2958=IFCFACE((#1744));
#2959=IFCFACE((#1745));
#2960=IFCFACE((#1746));
#2961=IFCFACE((#1747));
#2962=IFCFACE((#1748));
#2963=IFCFACE((#1749));
#2964=IFCFACE((#1750));
#2965=IFCFACE((#1751));
#2966=IFCFACE((#1752));
#2967=IFCFACE((#1753));
#2968=IFCFACE((#1754));
#2969=IFCFACE((#1755));
#2970=IFCFACE((#1756));
#2971=IFCFACE((#1757));
#2972=IFCFACE((#1758));
#2973=IFCFACE((#1759));
#2974=IFCFACE((#1760));
#2975=IFCFACE((#1761));
#2976=IFCFACE((#1762));
#2977=IFCFACE((#1763));
#2978=IFCFACE((#1764));
#2979=IFCFACE((#1765));
#2980=IFCFACE((#1766));
#2981=IFCFACE((#1767));
#2982=IFCFACE((#1768));
#2983=IFCFACE((#1769));
#2984=IFCFACE((#1770));
#2985=IFCFACE((#1771));
#2986=IFCFACE((#1772));
#2987=IFCFACE((#1773));
#2988=IFCFACE((#1774));
#2989=IFCFACE((#1775));
#2990=IFCFACE((#1776));
#2991=IFCFACE((#1777));
#2992=IFCFACE((#1778));
#2993=IFCFACE((#1779));
#2994=IFCFACE((#1780));
#2995=IFCFACE((#1781));
#2996=IFCFACE((#1782));
#2997=IFCFACE((#1783));
#2998=IFCFACE((#1784));
#2999=IFCFACE((#1785));
#3000=IFCFACE((#1786));
#3001=IFCFACE((#1787));
#3002=IFCFACE((#1788));
#3003=IFCFACE((#1789));
#3004=IFCFACE((#1790));
#3005=IFCFACE((#1791));
#3006=IFCFACE((#1792));
#3007=IFCFACE((#1793));
#3008=IFCFACE((#1794));
#3009=IFCFACE((#1795));
#3010=IFCFACE((#1796));
#3011=IFCFACE((#1797));
#3012=IFCFACE((#1798));
#3013=IFCFACE((#1799));
#3014=IFCFACE((#1800));
#3015=IFCFACE((#1801));
#3016=IFCFACE((#1802));
#3017=IFCFACE((#1803));
#3018=IFCFACE((#1804));
#3019=IFCFACE((#1805));
#3020=IFCFACE((#1806));
#3021=IFCFACE((#1807));
#3022=IFCFACE((#1808));
#3023=IFCFACE((#1809));
#3024=IFCFACE((#1810));
#3025=IFCFACE((#1811));
#3026=IFCFACE((#1812));
#3027=IFCFACE((#1813));
#3028=IFCFACE((#1814));
#3029=IFCFACE((#1815));
#3030=IFCFACE((#1816));
#3031=IFCFACE((#1817));
#3032=IFCFACE((#1818));
#3033=IFCFACE((#1819));
#3034=IFCFACE((#1820));
#3035=IFCFACE((#1821));
#3036=IFCFACE((#1822));
#3037=IFCFACE((#1823));
#3038=IFCFACE((#1824));
#3039=IFCFACE((#1825));
#3040=IFCFACE((#1826));
#3041=IFCFACE((#1827));
#3042=IFCFACE((#1828));
#3043=IFCFACE((#1829));
#3044=IFCFACE((#1830));
#3045=IFCFACE((#1831));
#3046=IFCFACE((#1832));
#3047=IFCFACE((#1833));
#3048=IFCFACE((#1834));
#3049=IFCFACE((#1835));
#3050=IFCFACE((#1836));
#3051=IFCFACE((#1837));
#3052=IFCFACE((#1838));
#3053=IFCFACE((#1839));
#3054=IFCFACE((#1840));
#3055=IFCFACE((#1841));
#3056=IFCFACE((#1842));
#3057=IFCFACE((#1843));
#3058=IFCFACE((#1844));
#3059=IFCFACE((#1845));
#3060=IFCFACE((#1846));
#3061=IFCFACE((#1847));
#3062=IFCFACE((#1848));
#3063=IFCFACE((#1849));
#3064=IFCFACE((#1850));
#3065=IFCFACE((#1851));
#3066=IFCFACE((#1852));
#3067=IFCFACE((#1853));
#3068=IFCFACE((#1854));
#3069=IFCFACE((#1855));
#3070=IFCFACE((#1856));
#3071=IFCFACE((#1857));
#3072=IFCFACE((#1858));
#3073=IFCFACE((#1859));
#3074=IFCFACE((#1860));
#3075=IFCFACE((#1861));
#3076=IFCFACE((#1862));
#3077=IFCFACE((#1863));
#3078=IFCFACE((#1864));
#3079=IFCFACE((#1865));
#3080=IFCFACE((#1866));
#3081=IFCFACE((#1867));
#3082=IFCFACE((#1868));
#3083=IFCFACE((#1869));
#3084=IFCFACE((#1870));
#3085=IFCFACE((#1871));
#3086=IFCFACE((#1872));
#3087=IFCFACE((#1873));
#3088=IFCFACE((#1874));
#3089=IFCFACE((#1875));
#3090=IFCFACE((#1876));
#3091=IFCFACE((#1877));
#3092=IFCFACE((#1878));
#3093=IFCFACE((#1879));
#3094=IFCFACE((#1880));
#3095=IFCFACE((#1881));
#3096=IFCFACE((#1882));
#3097=IFCFACE((#1883));
#3098=IFCFACE((#1884));
#3099=IFCFACE((#1885));
#3100=IFCFACE((#1886));
#3101=IFCFACE((#1887));
#3102=IFCFACE((#1888));
#3103=IFCFACE((#1889));
#3104=IFCFACE((#1890));
#3105=IFCFACE((#1891));
#3106=IFCFACE((#1892));
#3107=IFCFACE((#1893));
#3108=IFCFACE((#1894));
#3109=IFCFACE((#1895));
#3110=IFCFACE((#1896));
#3111=IFCFACE((#1897));
#3112=IFCFACE((#1898));
#3113=IFCFACE((#1899));
#3114=IFCFACE((#1900));
#3115=IFCFACE((#1901));
#3116=IFCFACE((#1902));
#3117=IFCFACE((#1903));
#3118=IFCFACE((#1904));
#3119=IFCFACE((#1905));
#3120=IFCFACE((#1906));
#3121=IFCFACE((#1907));
#3122=IFCFACE((#1908));
#3123=IFCFACE((#1909));
#3124=IFCFACE((#1910));
#3125=IFCFACE((#1911));
#3126=IFCFACE((#1912));
#3127=IFCFACE((#1913));
#3128=IFCFACE((#1914));
#3129=IFCFACE((#1915));
#3130=IFCFACE((#1916));
#3131=IFCFACE((#1917));
#3132=IFCFACE((#1918));
#3133=IFCFACE((#1919));
#3134=IFCFACE((#1920));
#3135=IFCFACE((#1921));
#3136=IFCFACE((#1922));
#3137=IFCFACE((#1923));
#3138=IFCFACE((#1924));
#3139=IFCFACE((#1925));
#3140=IFCFACE((#1926));
#3141=IFCFACE((#1927));
#3142=IFCFACE((#1928));
#3143=IFCFACE((#1929));
#3144=IFCFACE((#1930));
#3145=IFCFACE((#1931));
#3146=IFCFACE((#1932));
#3147=IFCFACE((#1933));
#3148=IFCFACE((#1934));
#3149=IFCFACE((#1935));
#3150=IFCFACE((#1936));
#3151=IFCFACE((#1937));
#3152=IFCFACE((#1938));
#3153=IFCFACE((#1939));
#3154=IFCFACE((#1940));
#3155=IFCFACE((#1941));
#3156=IFCFACE((#1942));
#3157=IFCFACE((#1943));
#3158=IFCFACE((#1944));
#3159=IFCFACE((#1945));
#3160=IFCFACE((#1946));
#3161=IFCFACE((#1947));
#3162=IFCFACE((#1948));
#3163=IFCFACE((#1949));
#3164=IFCFACE((#1950));
#3165=IFCFACE((#1951));
#3166=IFCFACE((#1952));
#3167=IFCFACE((#1953));
#3168=IFCFACE((#1954));
#3169=IFCFACE((#1955));
#3170=IFCFACE((#1956));
#3171=IFCFACE((#1957));
#3172=IFCFACE((#1958));
#3173=IFCFACE((#1959));
#3174=IFCFACE((#1960));
#3175=IFCFACE((#1961));
#3176=IFCFACE((#1962));
#3177=IFCFACE((#1963));
#3178=IFCFACE((#1964));
#3179=IFCFACE((#1965));
#3180=IFCFACE((#1966));
#3181=IFCFACE((#1967));
#3182=IFCFACE((#1968));
#3183=IFCFACE((#1969));
#3184=IFCFACE((#1970));
#3185=IFCFACE((#1971));
#3186=IFCFACE((#1972));
#3187=IFCFACE((#1973));
#3188=IFCFACE((#1974));
#3189=IFCFACE((#1975));
#3190=IFCFACE((#1976));
#3191=IFCFACE((#1977));
#3192=IFCFACE((#1978));
#3193=IFCFACE((#1979));
#3194=IFCFACE((#1980));
#3195=IFCFACE((#1981));
#3196=IFCFACE((#1982));
#3197=IFCFACE((#1983));
#3198=IFCFACE((#1984));
#3199=IFCFACE((#1985));
#3200=IFCFACE((#1986));
#3201=IFCFACE((#1987));
#3202=IFCFACE((#1988));
#3203=IFCFACE((#1989));
#3204=IFCFACE((#1990));
#3205=IFCFACE((#1991));
#3206=IFCFACE((#1992));
#3207=IFCFACE((#1993));
#3208=IFCFACE((#1994));
#3209=IFCFACE((#1995));
#3210=IFCFACE((#1996));
#3211=IFCFACE((#1997));
#3212=IFCFACE((#1998));
#3213=IFCFACE((#1999));
#3214=IFCFACE((#2000));
#3215=IFCFACE((#2001));
#3216=IFCFACE((#2002));
#3217=IFCFACE((#2003));
#3218=IFCFACE((#2004));
#3219=IFCFACE((#2005));
#3220=IFCFACE((#2006));
#3221=IFCFACE((#2007));
#3222=IFCFACE((#2008));
#3223=IFCFACE((#2009));
#3224=IFCFACE((#2010));
#3225=IFCFACE((#2011));
#3226=IFCFACE((#2012));
#3227=IFCFACE((#2013));
#3228=IFCFACE((#2014));
#3229=IFCFACE((#2015));
#3230=IFCFACE((#2016));
#3231=IFCFACE((#2017));
#3232=IFCFACE((#2018));
#3233=IFCFACE((#2019));
#3234=IFCFACE((#2020));
#3235=IFCFACE((#2021));
#3236=IFCFACE((#2022));
#3237=IFCFACE((#2023));
#3238=IFCFACE((#2024));
#3239=IFCFACE((#2025));
#3240=IFCFACE((#2026));
#3241=IFCFACE((#2027));
#3242=IFCFACE((#2028));
#3243=IFCFACE((#2029));
#3244=IFCFACE((#2030));
#3245=IFCFACE((#2031));
#3246=IFCFACE((#2032));
#3247=IFCFACE((#2033));
#3248=IFCFACE((#2034));
#3249=IFCFACE((#2035));
#3250=IFCFACE((#2036));
#3251=IFCFACE((#2037));
#3252=IFCFACE((#2038));
#3253=IFCFACE((#2039));
#3254=IFCFACE((#2040));
#3255=IFCFACE((#2041));
#3256=IFCFACE((#2042));
#3257=IFCFACE((#2043));
#3258=IFCFACE((#2044));
#3259=IFCFACE((#2045));
#3260=IFCFACE((#2046));
#3261=IFCFACE((#2047));
#3262=IFCFACE((#2048));
#3263=IFCFACE((#2049));
#3264=IFCFACE((#2050));
#3265=IFCFACE((#2051));
#3266=IFCFACE((#2052));
#3267=IFCFACE((#2053));
#3268=IFCFACE((#2054));
#3269=IFCFACE((#2055));
#3270=IFCFACE((#2056));
#3271=IFCFACE((#2057));
#3272=IFCFACE((#2058));
#3273=IFCFACE((#2059));
#3274=IFCFACE((#2060));
#3275=IFCFACE((#2061));
#3276=IFCFACE((#2062));
#3277=IFCFACE((#2063));
#3278=IFCFACE((#2064));
#3279=IFCFACE((#2065));
#3280=IFCFACE((#2066));
#3281=IFCFACE((#2067));
#3282=IFCFACE((#2068));
#3283=IFCFACE((#2069));
#3284=IFCFACE((#2070));
#3285=IFCFACE((#2071));
#3286=IFCFACE((#2072));
#3287=IFCFACE((#2073));
#3288=IFCFACE((#2074));
#3289=IFCFACE((#2075));
#3290=IFCFACE((#2076));
#3291=IFCFACE((#2077));
#3292=IFCFACE((#2078));
#3293=IFCFACE((#2079));
#3294=IFCFACE((#2080));
#3295=IFCFACE((#2081));
#3296=IFCFACE((#2082));
#3297=IFCFACE((#2083));
#3298=IFCFACE((#2084));
#3299=IFCFACE((#2085));
#3300=IFCFACE((#2086));
#3301=IFCFACE((#2087));
#3302=IFCFACE((#2088));
#3303=IFCFACE((#2089));
#3304=IFCFACE((#2090));
#3305=IFCFACE((#2091));
#3306=IFCFACE((#2092));
#3307=IFCFACE((#2093));
#3308=IFCFACE((#2094));
#3309=IFCFACE((#2095));
#3310=IFCFACE((#2096));
#3311=IFCFACE((#2097));
#3312=IFCFACE((#2098));
#3313=IFCFACE((#2099));
#3314=IFCFACE((#2100));
#3315=IFCFACE((#2101));
#3316=IFCFACE((#2102));
#3317=IFCFACE((#2103));
#3318=IFCFACE((#2104));
#3319=IFCFACE((#2105));
#3320=IFCFACE((#2106));
#3321=IFCFACE((#2107));
#3322=IFCFACE((#2108));
#3323=IFCFACE((#2109));
#3324=IFCFACE((#2110));
#3325=IFCFACE((#2111));
#3326=IFCFACE((#2112));
#3327=IFCFACE((#2113));
#3328=IFCFACE((#2114));
#3329=IFCFACE((#2115));
#3330=IFCFACE((#2116));
#3331=IFCFACE((#2117));
#3332=IFCFACE((#2118));
#3333=IFCFACE((#2119));
#3334=IFCFACE((#2120));
#3335=IFCFACE((#2121));
#3336=IFCFACE((#2122));
#3337=IFCFACE((#2123));
#3338=IFCFACE((#2124));
#3339=IFCFACE((#2125));
#3340=IFCFACE((#2126));
#3341=IFCFACE((#2127));
#3342=IFCFACE((#2128));
#3343=IFCFACE((#2129));
#3344=IFCFACE((#2130));
#3345=IFCFACE((#2131));
#3346=IFCFACE((#2132));
#3347=IFCFACE((#2133));
#3348=IFCFACE((#2134));
#3349=IFCFACE((#2135));
#3350=IFCFACE((#2136));
#3351=IFCFACE((#2137));
#3352=IFCFACE((#2138));
#3353=IFCFACE((#2139));
#3354=IFCFACE((#2140));
#3355=IFCFACE((#2141));
#3356=IFCFACE((#2142));
#3357=IFCFACE((#2143));
#3358=IFCFACE((#2144));
#3359=IFCFACE((#2145));
#3360=IFCFACE((#2146));
#3361=IFCFACE((#2147));
#3362=IFCFACE((#2148));
#3363=IFCFACE((#2149));
#3364=IFCFACE((#2150));
#3365=IFCFACE((#2151));
#3366=IFCFACE((#2152));
#3367=IFCFACE((#2153));
#3368=IFCFACE((#2154));
#3369=IFCFACE((#2155));
#3370=IFCFACE((#2156));
#3371=IFCFACE((#2157));
#3372=IFCFACE((#2158));
#3373=IFCFACE((#2159));
#3374=IFCFACE((#2160));
#3375=IFCFACE((#2161));
#3376=IFCFACE((#2162));
#3377=IFCFACE((#2163));
#3378=IFCFACE((#2164));
#3379=IFCFACE((#2165));
#3380=IFCFACE((#2166));
#3381=IFCFACE((#2167));
#3382=IFCFACE((#2168));
#3383=IFCFACE((#2169));
#3384=IFCFACE((#2170));
#3385=IFCFACE((#2171));
#3386=IFCFACE((#2172));
#3387=IFCFACE((#2173));
#3388=IFCFACE((#2174));
#3389=IFCFACE((#2175));
#3390=IFCFACE((#2176));
#3391=IFCFACE((#2177));
#3392=IFCFACE((#2178));
#3393=IFCFACE((#2179));
#3394=IFCFACE((#2180));
#3395=IFCFACE((#2181));
#3396=IFCFACE((#2182));
#3397=IFCFACE((#2183));
#3398=IFCFACE((#2184));
#3399=IFCFACE((#2185));
#3400=IFCFACE((#2186));
#3401=IFCFACE((#2187));
#3402=IFCFACE((#2188));
#3403=IFCFACE((#2189));
#3404=IFCFACE((#2190));
#3405=IFCFACE((#2191));
#3406=IFCFACE((#2192));
#3407=IFCFACE((#2193));
#3408=IFCFACE((#2194));
#3409=IFCFACE((#2195));
#3410=IFCFACE((#2196));
#3411=IFCFACE((#2197));
#3412=IFCFACE((#2198));
#3413=IFCFACE((#2199));
#3414=IFCFACE((#2200));
#3415=IFCFACE((#2201));
#3416=IFCFACE((#2202));
#3417=IFCFACE((#2203));
#3418=IFCFACE((#2204));
#3419=IFCFACE((#2205));
#3420=IFCFACE((#2206));
#3421=IFCFACE((#2207));
#3422=IFCFACE((#2208));
#3423=IFCFACE((#2209));
#3424=IFCFACE((#2210));
#3425=IFCFACE((#2211));
#3426=IFCFACE((#2212));
#3427=IFCFACE((#2213));
#3428=IFCFACE((#2214));
#3429=IFCFACE((#2215));
#3430=IFCFACE((#2216));
#3431=IFCFACE((#2217));
#3432=IFCFACE((#2218));
#3433=IFCFACE((#2219));
#3434=IFCFACE((#2220));
#3435=IFCFACE((#2221));
#3436=IFCFACE((#2222));
#3437=IFCFACE((#2223));
#3438=IFCFACE((#2224));
#3439=IFCFACE((#2225));
#3440=IFCFACE((#2226));
#3441=IFCFACE((#2227));
#3442=IFCFACE((#2228));
#3443=IFCFACE((#2229));
#3444=IFCFACE((#2230));
#3445=IFCFACE((#2231));
#3446=IFCFACE((#2232));
#3447=IFCFACE((#2233));
#3448=IFCFACE((#2234));
#3449=IFCFACE((#2235));
#3450=IFCFACE((#2236));
#3451=IFCFACE((#2237));
#3452=IFCFACE((#2238));
#3453=IFCFACE((#2239));
#3454=IFCFACE((#2240));
#3455=IFCFACE((#2241));
#3456=IFCFACE((#2242));
#3457=IFCFACE((#2243));
#3458=IFCFACE((#2244));
#3459=IFCFACE((#2245));
#3460=IFCFACE((#2246));
#3461=IFCFACE((#2247));
#3462=IFCFACE((#2248));
#3463=IFCFACE((#2249));
#3464=IFCFACE((#2250));
#3465=IFCFACE((#2251));
#3466=IFCFACE((#2252));
#3467=IFCFACE((#2253));
#3468=IFCFACE((#2254));
#3469=IFCFACE((#2255));
#3470=IFCFACE((#2256));
#3471=IFCFACE((#2257));
#3472=IFCFACE((#2258));
#3473=IFCFACE((#2259));
#3474=IFCFACE((#2260));
#3475=IFCFACE((#2261));
#3476=IFCFACE((#2262));
#3477=IFCFACE((#2263));
#3478=IFCFACE((#2264));
#3479=IFCFACE((#2265));
#3480=IFCFACE((#2266));
#3481=IFCFACE((#2267));
#3482=IFCFACE((#2268));
#3483=IFCFACE((#2269));
#3484=IFCFACE((#2270));
#3485=IFCFACE((#2271));
#3486=IFCFACE((#2272));
#3487=IFCFACE((#2273));
#3488=IFCFACE((#2274));
#3489=IFCFACE((#2275));
#3490=IFCFACE((#2276));
#3491=IFCFACE((#2277));
#3492=IFCFACE((#2278));
#3493=IFCFACE((#2279));
#3494=IFCFACE((#2280));
#3495=IFCFACE((#2281));
#3496=IFCFACE((#2282));
#3497=IFCFACE((#2283));
#3498=IFCFACE((#2284));
#3499=IFCFACE((#2285));
#3500=IFCFACE((#2286));
#3501=IFCFACE((#2287));
#3502=IFCFACE((#2288));
#3503=IFCFACE((#2289));
#3504=IFCFACE((#2290));
#3505=IFCFACE((#2291));
#3506=IFCFACE((#2292));
#3507=IFCFACE((#2293));
#3508=IFCFACE((#2294));
#3509=IFCFACE((#2295));
#3510=IFCFACE((#2296));
#3511=IFCFACE((#2297));
#3512=IFCFACE((#2298));
#3513=IFCFACE((#2299));
#3514=IFCFACE((#2300));
#3515=IFCFACE((#2301));
#3516=IFCFACE((#2302));
#3517=IFCFACE((#2303));
#3518=IFCFACE((#2304));
#3519=IFCFACE((#2305));
#3520=IFCFACE((#2306));
#3521=IFCFACE((#2307));
#3522=IFCFACE((#2308));
#3523=IFCFACE((#2309));
#3524=IFCFACE((#2310));
#3525=IFCFACE((#2311));
#3526=IFCFACE((#2312));
#3527=IFCFACE((#2313));
#3528=IFCFACE((#2314));
#3529=IFCFACE((#2315));
#3530=IFCFACE((#2316));
#3531=IFCFACE((#2317));
#3532=IFCFACE((#2318));
#3533=IFCFACE((#2319));
#3534=IFCFACE((#2320));
#3535=IFCFACE((#2321));
#3536=IFCFACE((#2322));
#3537=IFCFACE((#2323));
#3538=IFCFACE((#2324));
#3539=IFCFACE((#2325));
#3540=IFCFACE((#2326));
#3541=IFCFACE((#2327));
#3542=IFCFACE((#2328));
#3543=IFCFACE((#2329));
#3544=IFCFACE((#2330));
#3545=IFCFACE((#2331));
#3546=IFCFACE((#2332));
#3547=IFCFACE((#2333));
#3548=IFCFACE((#2334));
#3549=IFCFACE((#2335));
#3550=IFCFACE((#2336));
#3551=IFCFACE((#2337));
#3552=IFCFACE((#2338));
#3553=IFCFACE((#2339));
#3554=IFCFACE((#2340));
#3555=IFCFACE((#2341));
#3556=IFCFACE((#2342));
#3557=IFCFACE((#2343));
#3558=IFCFACE((#2344));
#3559=IFCFACE((#2345));
#3560=IFCFACE((#2346));
#3561=IFCFACE((#2347));
#3562=IFCFACE((#2348));
#3563=IFCFACE((#2349));
#3564=IFCFACE((#2350));
#3565=IFCFACE((#2351));
#3566=IFCFACE((#2352));
#3567=IFCFACE((#2353));
#3568=IFCFACE((#2354));
#3569=IFCFACE((#2355));
#3570=IFCFACE((#2356));
#3571=IFCFACE((#2357));
#3572=IFCFACE((#2358));
#3573=IFCFACE((#2359));
#3574=IFCFACE((#2360));
#3575=IFCFACE((#2361));
#3576=IFCFACE((#2362));
#3577=IFCFACE((#2363));
#3578=IFCFACE((#2364));
#3579=IFCFACE((#2365));
#3580=IFCFACE((#2366));
#3581=IFCFACE((#2367));
#3582=IFCFACE((#2368));
#3583=IFCFACE((#2369));
#3584=IFCFACE((#2370));
#3585=IFCFACE((#2371));
#3586=IFCFACE((#2372));
#3587=IFCFACE((#2373));
#3588=IFCFACE((#2374));
#3589=IFCFACE((#2375));
#3590=IFCFACE((#2376));
#3591=IFCFACE((#2377));
#3592=IFCFACE((#2378));
#3593=IFCFACE((#2379));
#3594=IFCFACE((#2380));
#3595=IFCFACE((#2381));
#3596=IFCFACE((#2382));
#3597=IFCFACE((#2383));
#3598=IFCFACE((#2384));
#3599=IFCFACE((#2385));
#3600=IFCFACE((#2386));
#3601=IFCFACE((#2387));
#3602=IFCFACE((#2388));
#3603=IFCFACE((#2389));
#3604=IFCFACE((#2390));
#3605=IFCFACE((#2391));
#3606=IFCFACE((#2392));
#3607=IFCFACE((#2393));
#3608=IFCFACE((#2394));
#3609=IFCFACE((#2395));
#3610=IFCFACE((#2396));
#3611=IFCFACE((#2397));
#3612=IFCFACE((#2398));
#3613=IFCFACE((#2399));
#3614=IFCFACE((#2400));
#3615=IFCFACE((#2401));
#3616=IFCFACE((#2402));
#3617=IFCFACE((#2403));
#3618=IFCFACE((#2404));
#3619=IFCFACE((#2405));
#3620=IFCFACE((#2406));
#3621=IFCFACE((#2407));
#3622=IFCFACE((#2408));
#3623=IFCFACE((#2409));
#3624=IFCFACE((#2410));
#3625=IFCFACE((#2411));
#3626=IFCFACE((#2412));
#3627=IFCFACE((#2413));
#3628=IFCFACE((#2414));
#3629=IFCFACE((#2415));
#3630=IFCFACE((#2416));
#3631=IFCFACE((#2417));
#3632=IFCFACE((#2418));
#3633=IFCFACE((#2419));
#3634=IFCFACE((#2420));
#3635=IFCFACE((#2421));
#3636=IFCFACE((#2422));
#3637=IFCFACE((#2423));
#3638=IFCFACE((#2424));
#3639=IFCFACE((#2425));
#3640=IFCFACE((#2426));
#3641=IFCFACE((#2427));
#3642=IFCFACE((#2428));
#3643=IFCFACE((#2429));
#3644=IFCFACE((#2430));
#3645=IFCFACE((#2431));
#3646=IFCFACE((#2432));
#3647=IFCFACE((#2433));
#3648=IFCFACE((#2434));
#3649=IFCFACE((#2435));
#3650=IFCFACE((#2436));
#3651=IFCFACE((#2437));
#3652=IFCFACE((#2438));
#3653=IFCFACE((#2439));
#3654=IFCCLOSEDSHELL((#2440,#2441,#2442,#2443,#2444));
#3655=IFCCLOSEDSHELL((#2445,#2446,#2447,#2448,#2449,#2450,#2451,#2452,#2453,#2454,#2455,#2456,#2457,#2458,#2459,#2460,#2461,#2462,#2463,#2464,#2465,#2466,#2467,#2468,#2469,#2470));
#3656=IFCCLOSEDSHELL((#2471,#2472,#2473,#2474,#2475,#2476));
#3657=IFCCLOSEDSHELL((#2477,#2478,#2479,#2480,#2481,#2482,#2483,#2484,#2485,#2486,#2487,#2488,#2489,#2490,#2491,#2492,#2493,#2494));
#3658=IFCCLOSEDSHELL((#2495,#2496,#2497,#2498,#2499,#2500,#2501,#2502,#2503,#2504,#2505,#2506,#2507,#2508,#2509,#2510,#2511,#2512));
#3659=IFCCLOSEDSHELL((#2513,#2514,#2515,#2516,#2517,#2518,#2519,#2520,#2521,#2522,#2523,#2524,#2525,#2526,#2527,#2528,#2529,#2530));
#3660=IFCCLOSEDSHELL((#2531,#2532,#2533,#2534,#2535,#2536,#2537,#2538,#2539,#2540,#2541,#2542,#2543,#2544,#2545,#2546,#2547,#2548));
#3661=IFCCLOSEDSHELL((#2549,#2550,#2551,#2552,#2553,#2554,#2555,#2556,#2557,#2558,#2559,#2560,#2561,#2562,#2563,#2564,#2565,#2566));
#3662=IFCCLOSEDSHELL((#2567,#2568,#2569,#2570,#2571,#2572,#2573,#2574,#2575,#2576,#2577,#2578,#2579,#2580,#2581,#2582,#2583,#2584));
#3663=IFCCLOSEDSHELL((#2585,#2586,#2587,#2588,#2589,#2590,#2591,#2592,#2593,#2594,#2595,#2596,#2597,#2598,#2599,#2600,#2601,#2602));
#3664=IFCCLOSEDSHELL((#2603,#2604,#2605,#2606,#2607,#2608,#2609,#2610,#2611,#2612,#2613,#2614,#2615,#2616,#2617,#2618,#2619,#2620));
#3665=IFCCLOSEDSHELL((#2621,#2622,#2623,#2624,#2625,#2626,#2627,#2628,#2629,#2630,#2631,#2632,#2633,#2634,#2635,#2636,#2637,#2638));
#3666=IFCCLOSEDSHELL((#2639,#2640,#2641,#2642,#2643,#2644,#2645,#2646,#2647,#2648,#2649,#2650,#2651,#2652,#2653,#2654,#2655,#2656));
#3667=IFCCLOSEDSHELL((#2657,#2658,#2659,#2660,#2661,#2662,#2663,#2664,#2665,#2666,#2667,#2668,#2669,#2670,#2671,#2672,#2673,#2674));
#3668=IFCCLOSEDSHELL((#2675,#2676,#2677,#2678,#2679,#2680,#2681,#2682,#2683,#2684,#2685,#2686,#2687,#2688,#2689,#2690,#2691,#2692));
#3669=IFCCLOSEDSHELL((#2693,#2694,#2695,#2696,#2697,#2698,#2699,#2700,#2701,#2702,#2703,#2704,#2705,#2706,#2707,#2708,#2709,#2710));
#3670=IFCCLOSEDSHELL((#2711,#2712,#2713,#2714,#2715,#2716,#2717,#2718,#2719,#2720,#2721,#2722,#2723,#2724,#2725,#2726,#2727,#2728));
#3671=IFCCLOSEDSHELL((#2729,#2730,#2731,#2732,#2733,#2734,#2735,#2736,#2737,#2738,#2739,#2740,#2741,#2742,#2743,#2744,#2745,#2746));
#3672=IFCCLOSEDSHELL((#2747,#2748,#2749,#2750,#2751,#2752,#2753,#2754,#2755,#2756,#2757,#2758,#2759,#2760,#2761,#2762,#2763,#2764,#2765,#2766,#2767,#2768,#2769,#2770,#2771,#2772,#2773,#2774,#2775,#2776,#2777,#2778,#2779,#2780,#2781,#2782,#2783,#2784,#2785,#2786,#2787,#2788,#2789,#2790,#2791,#2792,#2793,#2794,#2795,#2796,#2797,#2798,#2799,#2800,#2801,#2802,#2803,#2804,#2805,#2806,#2807,#2808));
#3673=IFCCLOSEDSHELL((#2809,#2810,#2811,#2812,#2813,#2814,#2815,#2816,#2817,#2818,#2819,#2820,#2821,#2822,#2823,#2824,#2825,#2826));
#3674=IFCCLOSEDSHELL((#2827,#2828,#2829,#2830,#2831,#2832,#2833,#2834,#2835,#2836,#2837,#2838,#2839,#2840,#2841,#2842,#2843,#2844,#2845,#2846,#2847,#2848,#2849,#2850,#2851,#2852,#2853,#2854,#2855,#2856,#2857,#2858,#2859,#2860,#2861,#2862,#2863,#2864,#2865,#2866,#2867,#2868,#2869,#2870,#2871,#2872,#2873,#2874,#2875,#2876,#2877,#2878,#2879,#2880,#2881,#2882,#2883,#2884,#2885,#2886));
#3675=IFCCLOSEDSHELL((#2887,#2888,#2889,#2890,#2891,#2892,#2893,#2894,#2895,#2896,#2897,#2898,#2899,#2900,#2901,#2902,#2903,#2904));
#3676=IFCCLOSEDSHELL((#2905,#2906,#2907,#2908,#2909,#2910,#2911,#2912,#2913,#2914,#2915,#2916,#2917,#2918,#2919,#2920,#2921,#2922));
#3677=IFCCLOSEDSHELL((#2923,#2924,#2925,#2926,#2927,#2928,#2929,#2930,#2931,#2932,#2933,#2934,#2935,#2936,#2937,#2938,#2939,#2940,#2941,#2942,#2943,#2944,#2945,#2946,#2947,#2948,#2949,#2950,#2951,#2952));
#3678=IFCCLOSEDSHELL((#2953,#2954,#2955,#2956,#2957,#2958,#2959,#2960,#2961,#2962,#2963,#2964,#2965,#2966,#2967,#2968,#2969));
#3679=IFCCLOSEDSHELL((#2970,#2971,#2972,#2973,#2974,#2975,#2976,#2977,#2978,#2979,#2980,#2981,#2982,#2983,#2984,#2985,#2986,#2987));
#3680=IFCCLOSEDSHELL((#2988,#2989,#2990,#2991,#2992,#2993,#2994,#2995,#2996,#2997,#2998,#2999,#3000,#3001,#3002,#3003,#3004));
#3681=IFCCLOSEDSHELL((#3005,#3006,#3007,#3008,#3009,#3010,#3011,#3012,#3013,#3014,#3015,#3016,#3017,#3018,#3019,#3020,#3021));
#3682=IFCCLOSEDSHELL((#3022,#3023,#3024,#3025,#3026,#3027,#3028,#3029,#3030,#3031,#3032,#3033,#3034,#3035,#3036,#3037,#3038,#3039,#3040,#3041,#3042,#3043,#3044,#3045,#3046,#3047));
#3683=IFCCLOSEDSHELL((#3048,#3049,#3050,#3051,#3052,#3053,#3054,#3055,#3056,#3057,#3058,#3059,#3060,#3061,#3062,#3063,#3064));
#3684=IFCCLOSEDSHELL((#3065,#3066,#3067,#3068,#3069,#3070,#3071,#3072,#3073,#3074,#3075,#3076,#3077,#3078,#3079,#3080,#3081));
#3685=IFCCLOSEDSHELL((#3082,#3083,#3084,#3085,#3086,#3087,#3088,#3089,#3090,#3091,#3092,#3093,#3094,#3095,#3096,#3097,#3098));
#3686=IFCCLOSEDSHELL((#3099,#3100,#3101,#3102,#3103,#3104,#3105,#3106,#3107,#3108,#3109,#3110,#3111,#3112,#3113,#3114,#3115,#3116));
#3687=IFCCLOSEDSHELL((#3117,#3118,#3119,#3120,#3121,#3122,#3123,#3124,#3125,#3126,#3127,#3128,#3129,#3130,#3131,#3132,#3133,#3134));
#3688=IFCCLOSEDSHELL((#3135,#3136,#3137,#3138,#3139,#3140,#3141,#3142,#3143,#3144,#3145,#3146,#3147,#3148,#3149,#3150,#3151,#3152));
#3689=IFCCLOSEDSHELL((#3153,#3154,#3155,#3156,#3157,#3158,#3159,#3160,#3161,#3162,#3163,#3164,#3165,#3166,#3167,#3168,#3169,#3170));
#3690=IFCCLOSEDSHELL((#3171,#3172,#3173,#3174,#3175,#3176,#3177,#3178,#3179,#3180,#3181,#3182,#3183,#3184,#3185,#3186,#3187,#3188));
#3691=IFCCLOSEDSHELL((#3189,#3190,#3191,#3192,#3193,#3194,#3195,#3196,#3197,#3198,#3199,#3200,#3201,#3202,#3203,#3204,#3205,#3206));
#3692=IFCCLOSEDSHELL((#3207,#3208,#3209,#3210,#3211,#3212,#3213,#3214,#3215,#3216,#3217,#3218,#3219,#3220,#3221,#3222,#3223,#3224));
#3693=IFCCLOSEDSHELL((#3225,#3226,#3227,#3228,#3229,#3230,#3231,#3232,#3233,#3234,#3235,#3236,#3237,#3238,#3239,#3240,#3241,#3242));
#3694=IFCCLOSEDSHELL((#3243,#3244,#3245,#3246,#3247,#3248,#3249,#3250,#3251,#3252,#3253,#3254,#3255,#3256,#3257,#3258,#3259,#3260));
#3695=IFCCLOSEDSHELL((#3261,#3262,#3263,#3264,#3265,#3266,#3267,#3268,#3269,#3270,#3271,#3272,#3273,#3274,#3275,#3276,#3277,#3278));
#3696=IFCCLOSEDSHELL((#3279,#3280,#3281,#3282,#3283,#3284,#3285,#3286,#3287,#3288,#3289,#3290,#3291,#3292,#3293,#3294,#3295,#3296,#3297,#3298,#3299,#3300,#3301,#3302,#3303,#3304,#3305,#3306,#3307,#3308,#3309,#3310,#3311,#3312,#3313,#3314,#3315,#3316,#3317,#3318,#3319,#3320,#3321,#3322,#3323,#3324,#3325,#3326,#3327,#3328,#3329,#3330,#3331,#3332,#3333,#3334,#3335,#3336,#3337,#3338,#3339,#3340,#3341,#3342,#3343,#3344,#3345,#3346,#3347,#3348,#3349,#3350,#3351,#3352,#3353,#3354,#3355,#3356,#3357,#3358,#3359,#3360,#3361,#3362,#3363,#3364,#3365,#3366,#3367,#3368,#3369,#3370,#3371,#3372,#3373,#3374,#3375,#3376,#3377,#3378,#3379,#3380,#3381,#3382,#3383,#3384,#3385,#3386,#3387,#3388,#3389,#3390,#3391,#3392,#3393,#3394,#3395,#3396,#3397,#3398,#3399,#3400,#3401,#3402,#3403,#3404,#3405,#3406,#3407,#3408,#3409,#3410,#3411,#3412,#3413,#3414,#3415,#3416,#3417,#3418,#3419,#3420,#3421,#3422,#3423,#3424,#3425,#3426,#3427,#3428,#3429,#3430,#3431,#3432,#3433,#3434,#3435,#3436,#3437,#3438,#3439,#3440,#3441,#3442,#3443,#3444,#3445,#3446,#3447,#3448,#3449,#3450,#3451,#3452,#3453,#3454,#3455,#3456,#3457,#3458,#3459,#3460,#3461,#3462,#3463,#3464,#3465,#3466,#3467,#3468,#3469,#3470,#3471,#3472,#3473,#3474,#3475,#3476,#3477,#3478,#3479,#3480,#3481,#3482,#3483,#3484,#3485,#3486,#3487,#3488,#3489,#3490,#3491,#3492,#3493,#3494,#3495,#3496,#3497,#3498,#3499,#3500,#3501,#3502,#3503,#3504,#3505,#3506,#3507,#3508,#3509,#3510,#3511,#3512,#3513,#3514,#3515,#3516,#3517,#3518,#3519,#3520,#3521,#3522,#3523,#3524,#3525,#3526,#3527,#3528,#3529,#3530,#3531,#3532,#3533,#3534,#3535,#3536,#3537,#3538,#3539,#3540,#3541,#3542,#3543,#3544,#3545,#3546,#3547,#3548,#3549,#3550,#3551,#3552,#3553,#3554,#3555,#3556,#3557,#3558,#3559,#3560,#3561,#3562,#3563));
#3697=IFCCLOSEDSHELL((#3564,#3565,#3566,#3567,#3568,#3569,#3570,#3571,#3572,#3573,#3574,#3575,#3576,#3577,#3578,#3579,#3580,#3581));
#3698=IFCCLOSEDSHELL((#3582,#3583,#3584,#3585,#3586,#3587,#3588,#3589,#3590,#3591,#3592,#3593,#3594,#3595,#3596,#3597,#3598,#3599));
#3699=IFCCLOSEDSHELL((#3600,#3601,#3602,#3603,#3604,#3605,#3606,#3607,#3608,#3609,#3610,#3611,#3612,#3613,#3614,#3615,#3616,#3617));
#3700=IFCCLOSEDSHELL((#3618,#3619,#3620,#3621,#3622,#3623,#3624,#3625,#3626,#3627,#3628,#3629,#3630,#3631,#3632,#3633,#3634,#3635));
#3701=IFCCLOSEDSHELL((#3636,#3637,#3638,#3639,#3640,#3641,#3642,#3643,#3644,#3645,#3646,#3647,#3648,#3649,#3650,#3651,#3652,#3653));
#3702=IFCSTYLEDITEM(#3896,(#3750),'');
#3703=IFCSTYLEDITEM(#3897,(#3751),'');
#3704=IFCSTYLEDITEM(#3898,(#3752),'');
#3705=IFCSTYLEDITEM(#3899,(#3753),'');
#3706=IFCSTYLEDITEM(#3900,(#3754),'');
#3707=IFCSTYLEDITEM(#3901,(#3755),'');
#3708=IFCSTYLEDITEM(#3902,(#3756),'');
#3709=IFCSTYLEDITEM(#3903,(#3757),'');
#3710=IFCSTYLEDITEM(#3904,(#3758),'');
#3711=IFCSTYLEDITEM(#3905,(#3759),'');
#3712=IFCSTYLEDITEM(#3906,(#3760),'');
#3713=IFCSTYLEDITEM(#3907,(#3761),'');
#3714=IFCSTYLEDITEM(#3908,(#3762),'');
#3715=IFCSTYLEDITEM(#3909,(#3763),'');
#3716=IFCSTYLEDITEM(#3910,(#3764),'');
#3717=IFCSTYLEDITEM(#3911,(#3765),'');
#3718=IFCSTYLEDITEM(#3912,(#3766),'');
#3719=IFCSTYLEDITEM(#3913,(#3767),'');
#3720=IFCSTYLEDITEM(#3914,(#3768),'');
#3721=IFCSTYLEDITEM(#3915,(#3769),'');
#3722=IFCSTYLEDITEM(#3916,(#3770),'');
#3723=IFCSTYLEDITEM(#3917,(#3771),'');
#3724=IFCSTYLEDITEM(#3918,(#3772),'');
#3725=IFCSTYLEDITEM(#3919,(#3773),'');
#3726=IFCSTYLEDITEM(#3920,(#3774),'');
#3727=IFCSTYLEDITEM(#3921,(#3775),'');
#3728=IFCSTYLEDITEM(#3922,(#3776),'');
#3729=IFCSTYLEDITEM(#3923,(#3777),'');
#3730=IFCSTYLEDITEM(#3924,(#3778),'');
#3731=IFCSTYLEDITEM(#3925,(#3779),'');
#3732=IFCSTYLEDITEM(#3926,(#3780),'');
#3733=IFCSTYLEDITEM(#3927,(#3781),'');
#3734=IFCSTYLEDITEM(#3928,(#3782),'');
#3735=IFCSTYLEDITEM(#3929,(#3783),'');
#3736=IFCSTYLEDITEM(#3930,(#3784),'');
#3737=IFCSTYLEDITEM(#3931,(#3785),'');
#3738=IFCSTYLEDITEM(#3932,(#3786),'');
#3739=IFCSTYLEDITEM(#3933,(#3787),'');
#3740=IFCSTYLEDITEM(#3934,(#3788),'');
#3741=IFCSTYLEDITEM(#3935,(#3789),'');
#3742=IFCSTYLEDITEM(#3936,(#3790),'');
#3743=IFCSTYLEDITEM(#3937,(#3791),'');
#3744=IFCSTYLEDITEM(#3938,(#3792),'');
#3745=IFCSTYLEDITEM(#3939,(#3793),'');
#3746=IFCSTYLEDITEM(#3940,(#3794),'');
#3747=IFCSTYLEDITEM(#3941,(#3795),'');
#3748=IFCSTYLEDITEM(#3942,(#3796),'');
#3749=IFCSTYLEDITEM(#3943,(#3797),'');
#3750=IFCPRESENTATIONSTYLEASSIGNMENT((#3798));
#3751=IFCPRESENTATIONSTYLEASSIGNMENT((#3799));
#3752=IFCPRESENTATIONSTYLEASSIGNMENT((#3800));
#3753=IFCPRESENTATIONSTYLEASSIGNMENT((#3801));
#3754=IFCPRESENTATIONSTYLEASSIGNMENT((#3802));
#3755=IFCPRESENTATIONSTYLEASSIGNMENT((#3803));
#3756=IFCPRESENTATIONSTYLEASSIGNMENT((#3804));
#3757=IFCPRESENTATIONSTYLEASSIGNMENT((#3805));
#3758=IFCPRESENTATIONSTYLEASSIGNMENT((#3806));
#3759=IFCPRESENTATIONSTYLEASSIGNMENT((#3807));
#3760=IFCPRESENTATIONSTYLEASSIGNMENT((#3808));
#3761=IFCPRESENTATIONSTYLEASSIGNMENT((#3809));
#3762=IFCPRESENTATIONSTYLEASSIGNMENT((#3810));
#3763=IFCPRESENTATIONSTYLEASSIGNMENT((#3811));
#3764=IFCPRESENTATIONSTYLEASSIGNMENT((#3812));
#3765=IFCPRESENTATIONSTYLEASSIGNMENT((#3813));
#3766=IFCPRESENTATIONSTYLEASSIGNMENT((#3814));
#3767=IFCPRESENTATIONSTYLEASSIGNMENT((#3815));
#3768=IFCPRESENTATIONSTYLEASSIGNMENT((#3816));
#3769=IFCPRESENTATIONSTYLEASSIGNMENT((#3817));
#3770=IFCPRESENTATIONSTYLEASSIGNMENT((#3818));
#3771=IFCPRESENTATIONSTYLEASSIGNMENT((#3819));
#3772=IFCPRESENTATIONSTYLEASSIGNMENT((#3820));
#3773=IFCPRESENTATIONSTYLEASSIGNMENT((#3821));
#3774=IFCPRESENTATIONSTYLEASSIGNMENT((#3822));
#3775=IFCPRESENTATIONSTYLEASSIGNMENT((#3823));
#3776=IFCPRESENTATIONSTYLEASSIGNMENT((#3824));
#3777=IFCPRESENTATIONSTYLEASSIGNMENT((#3825));
#3778=IFCPRESENTATIONSTYLEASSIGNMENT((#3826));
#3779=IFCPRESENTATIONSTYLEASSIGNMENT((#3827));
#3780=IFCPRESENTATIONSTYLEASSIGNMENT((#3828));
#3781=IFCPRESENTATIONSTYLEASSIGNMENT((#3829));
#3782=IFCPRESENTATIONSTYLEASSIGNMENT((#3830));
#3783=IFCPRESENTATIONSTYLEASSIGNMENT((#3831));
#3784=IFCPRESENTATIONSTYLEASSIGNMENT((#3832));
#3785=IFCPRESENTATIONSTYLEASSIGNMENT((#3833));
#3786=IFCPRESENTATIONSTYLEASSIGNMENT((#3834));
#3787=IFCPRESENTATIONSTYLEASSIGNMENT((#3835));
#3788=IFCPRESENTATIONSTYLEASSIGNMENT((#3836));
#3789=IFCPRESENTATIONSTYLEASSIGNMENT((#3837));
#3790=IFCPRESENTATIONSTYLEASSIGNMENT((#3838));
#3791=IFCPRESENTATIONSTYLEASSIGNMENT((#3839));
#3792=IFCPRESENTATIONSTYLEASSIGNMENT((#3840));
#3793=IFCPRESENTATIONSTYLEASSIGNMENT((#3841));
#3794=IFCPRESENTATIONSTYLEASSIGNMENT((#3842));
#3795=IFCPRESENTATIONSTYLEASSIGNMENT((#3843));
#3796=IFCPRESENTATIONSTYLEASSIGNMENT((#3844));
#3797=IFCPRESENTATIONSTYLEASSIGNMENT((#3845));
#3798=IFCSURFACESTYLE('',.BOTH.,(#3846));
#3799=IFCSURFACESTYLE('',.BOTH.,(#3847));
#3800=IFCSURFACESTYLE('',.BOTH.,(#3848));
#3801=IFCSURFACESTYLE('',.BOTH.,(#3849));
#3802=IFCSURFACESTYLE('',.BOTH.,(#3850));
#3803=IFCSURFACESTYLE('',.BOTH.,(#3851));
#3804=IFCSURFACESTYLE('',.BOTH.,(#3852));
#3805=IFCSURFACESTYLE('',.BOTH.,(#3853));
#3806=IFCSURFACESTYLE('',.BOTH.,(#3854));
#3807=IFCSURFACESTYLE('',.BOTH.,(#3855));
#3808=IFCSURFACESTYLE('',.BOTH.,(#3856));
#3809=IFCSURFACESTYLE('',.BOTH.,(#3857));
#3810=IFCSURFACESTYLE('',.BOTH.,(#3858));
#3811=IFCSURFACESTYLE('',.BOTH.,(#3859));
#3812=IFCSURFACESTYLE('',.BOTH.,(#3860));
#3813=IFCSURFACESTYLE('',.BOTH.,(#3861));
#3814=IFCSURFACESTYLE('',.BOTH.,(#3862));
#3815=IFCSURFACESTYLE('',.BOTH.,(#3863));
#3816=IFCSURFACESTYLE('',.BOTH.,(#3864));
#3817=IFCSURFACESTYLE('',.BOTH.,(#3865));
#3818=IFCSURFACESTYLE('',.BOTH.,(#3866));
#3819=IFCSURFACESTYLE('',.BOTH.,(#3867));
#3820=IFCSURFACESTYLE('',.BOTH.,(#3868));
#3821=IFCSURFACESTYLE('',.BOTH.,(#3869));
#3822=IFCSURFACESTYLE('',.BOTH.,(#3870));
#3823=IFCSURFACESTYLE('',.BOTH.,(#3871));
#3824=IFCSURFACESTYLE('',.BOTH.,(#3872));
#3825=IFCSURFACESTYLE('',.BOTH.,(#3873));
#3826=IFCSURFACESTYLE('',.BOTH.,(#3874));
#3827=IFCSURFACESTYLE('',.BOTH.,(#3875));
#3828=IFCSURFACESTYLE('',.BOTH.,(#3876));
#3829=IFCSURFACESTYLE('',.BOTH.,(#3877));
#3830=IFCSURFACESTYLE('',.BOTH.,(#3878));
#3831=IFCSURFACESTYLE('',.BOTH.,(#3879));
#3832=IFCSURFACESTYLE('',.BOTH.,(#3880));
#3833=IFCSURFACESTYLE('',.BOTH.,(#3881));
#3834=IFCSURFACESTYLE('',.BOTH.,(#3882));
#3835=IFCSURFACESTYLE('',.BOTH.,(#3883));
#3836=IFCSURFACESTYLE('',.BOTH.,(#3884));
#3837=IFCSURFACESTYLE('',.BOTH.,(#3885));
#3838=IFCSURFACESTYLE('',.BOTH.,(#3886));
#3839=IFCSURFACESTYLE('',.BOTH.,(#3887));
#3840=IFCSURFACESTYLE('',.BOTH.,(#3888));
#3841=IFCSURFACESTYLE('',.BOTH.,(#3889));
#3842=IFCSURFACESTYLE('',.BOTH.,(#3890));
#3843=IFCSURFACESTYLE('',.BOTH.,(#3891));
#3844=IFCSURFACESTYLE('',.BOTH.,(#3892));
#3845=IFCSURFACESTYLE('',.BOTH.,(#3893));
#3846=IFCSURFACESTYLERENDERING(#3894,0.,$,$,$,$,$,$,.NOTDEFINED.);
#3847=IFCSURFACESTYLERENDERING(#3895,0.5,$,$,$,$,$,$,.NOTDEFINED.);
#3848=IFCSURFACESTYLERENDERING(#3895,0.5,$,$,$,$,$,$,.NOTDEFINED.);
#3849=IFCSURFACESTYLERENDERING(#3895,0.,$,$,$,$,$,$,.NOTDEFINED.);
#3850=IFCSURFACESTYLERENDERING(#3895,0.,$,$,$,$,$,$,.NOTDEFINED.);
#3851=IFCSURFACESTYLERENDERING(#3895,0.,$,$,$,$,$,$,.NOTDEFINED.);
#3852=IFCSURFACESTYLERENDERING(#3895,0.,$,$,$,$,$,$,.NOTDEFINED.);
#3853=IFCSURFACESTYLERENDERING(#3895,0.,$,$,$,$,$,$,.NOTDEFINED.);
#3854=IFCSURFACESTYLERENDERING(#3895,0.,$,$,$,$,$,$,.NOTDEFINED.);
#3855=IFCSURFACESTYLERENDERING(#3895,0.,$,$,$,$,$,$,.NOTDEFINED.);
#3856=IFCSURFACESTYLERENDERING(#3895,0.,$,$,$,$,$,$,.NOTDEFINED.);
#3857=IFCSURFACESTYLERENDERING(#3895,0.,$,$,$,$,$,$,.NOTDEFINED.);
#3858=IFCSURFACESTYLERENDERING(#3895,0.,$,$,$,$,$,$,.NOTDEFINED.);
#3859=IFCSURFACESTYLERENDERING(#3895,0.,$,$,$,$,$,$,.NOTDEFINED.);
#3860=IFCSURFACESTYLERENDERING(#3895,0.,$,$,$,$,$,$,.NOTDEFINED.);
#3861=IFCSURFACESTYLERENDERING(#3895,0.,$,$,$,$,$,$,.NOTDEFINED.);
#3862=IFCSURFACESTYLERENDERING(#3895,0.,$,$,$,$,$,$,.NOTDEFINED.);
#3863=IFCSURFACESTYLERENDERING(#3895,0.,$,$,$,$,$,$,.NOTDEFINED.);
#3864=IFCSURFACESTYLERENDERING(#3895,0.,$,$,$,$,$,$,.NOTDEFINED.);
#3865=IFCSURFACESTYLERENDERING(#3895,0.,$,$,$,$,$,$,.NOTDEFINED.);
#3866=IFCSURFACESTYLERENDERING(#3895,0.,$,$,$,$,$,$,.NOTDEFINED.);
#3867=IFCSURFACESTYLERENDERING(#3895,0.,$,$,$,$,$,$,.NOTDEFINED.);
#3868=IFCSURFACESTYLERENDERING(#3895,0.,$,$,$,$,$,$,.NOTDEFINED.);
#3869=IFCSURFACESTYLERENDERING(#3895,0.,$,$,$,$,$,$,.NOTDEFINED.);
#3870=IFCSURFACESTYLERENDERING(#3895,0.,$,$,$,$,$,$,.NOTDEFINED.);
#3871=IFCSURFACESTYLERENDERING(#3895,0.,$,$,$,$,$,$,.NOTDEFINED.);
#3872=IFCSURFACESTYLERENDERING(#3895,0.,$,$,$,$,$,$,.NOTDEFINED.);
#3873=IFCSURFACESTYLERENDERING(#3895,0.,$,$,$,$,$,$,.NOTDEFINED.);
#3874=IFCSURFACESTYLERENDERING(#3895,0.,$,$,$,$,$,$,.NOTDEFINED.);
#3875=IFCSURFACESTYLERENDERING(#3895,0.,$,$,$,$,$,$,.NOTDEFINED.);
#3876=IFCSURFACESTYLERENDERING(#3895,0.,$,$,$,$,$,$,.NOTDEFINED.);
#3877=IFCSURFACESTYLERENDERING(#3895,0.,$,$,$,$,$,$,.NOTDEFINED.);
#3878=IFCSURFACESTYLERENDERING(#3895,0.,$,$,$,$,$,$,.NOTDEFINED.);
#3879=IFCSURFACESTYLERENDERING(#3895,0.,$,$,$,$,$,$,.NOTDEFINED.);
#3880=IFCSURFACESTYLERENDERING(#3895,0.,$,$,$,$,$,$,.NOTDEFINED.);
#3881=IFCSURFACESTYLERENDERING(#3895,0.,$,$,$,$,$,$,.NOTDEFINED.);
#3882=IFCSURFACESTYLERENDERING(#3895,0.,$,$,$,$,$,$,.NOTDEFINED.);
#3883=IFCSURFACESTYLERENDERING(#3895,0.,$,$,$,$,$,$,.NOTDEFINED.);
#3884=IFCSURFACESTYLERENDERING(#3895,0.,$,$,$,$,$,$,.NOTDEFINED.);
#3885=IFCSURFACESTYLERENDERING(#3895,0.,$,$,$,$,$,$,.NOTDEFINED.);
#3886=IFCSURFACESTYLERENDERING(#3895,0.,$,$,$,$,$,$,.NOTDEFINED.);
#3887=IFCSURFACESTYLERENDERING(#3895,0.,$,$,$,$,$,$,.NOTDEFINED.);
#3888=IFCSURFACESTYLERENDERING(#3895,0.,$,$,$,$,$,$,.NOTDEFINED.);
#3889=IFCSURFACESTYLERENDERING(#3895,0.,$,$,$,$,$,$,.NOTDEFINED.);
#3890=IFCSURFACESTYLERENDERING(#3895,0.,$,$,$,$,$,$,.NOTDEFINED.);
#3891=IFCSURFACESTYLERENDERING(#3895,0.,$,$,$,$,$,$,.NOTDEFINED.);
#3892=IFCSURFACESTYLERENDERING(#3895,0.,$,$,$,$,$,$,.NOTDEFINED.);
#3893=IFCSURFACESTYLERENDERING(#3895,0.,$,$,$,$,$,$,.NOTDEFINED.);
#3894=IFCCOLOURRGB('',0.,1.,0.2);
#3895=IFCCOLOURRGB('',0.6,0.6,0.6);
#3896=IFCFACETEDBREP(#3654);
#3897=IFCFACETEDBREP(#3655);
#3898=IFCFACETEDBREP(#3656);
#3899=IFCFACETEDBREP(#3657);
#3900=IFCFACETEDBREP(#3658);
#3901=IFCFACETEDBREP(#3659);
#3902=IFCFACETEDBREP(#3660);
#3903=IFCFACETEDBREP(#3661);
#3904=IFCFACETEDBREP(#3662);
#3905=IFCFACETEDBREP(#3663);
#3906=IFCFACETEDBREP(#3664);
#3907=IFCFACETEDBREP(#3665);
#3908=IFCFACETEDBREP(#3666);
#3909=IFCFACETEDBREP(#3667);
#3910=IFCFACETEDBREP(#3668);
#3911=IFCFACETEDBREP(#3669);
#3912=IFCFACETEDBREP(#3670);
#3913=IFCFACETEDBREP(#3671);
#3914=IFCFACETEDBREP(#3672);
#3915=IFCFACETEDBREP(#3673);
#3916=IFCFACETEDBREP(#3674);
#3917=IFCFACETEDBREP(#3675);
#3918=IFCFACETEDBREP(#3676);
#3919=IFCFACETEDBREP(#3677);
#3920=IFCFACETEDBREP(#3678);
#3921=IFCFACETEDBREP(#3679);
#3922=IFCFACETEDBREP(#3680);
#3923=IFCFACETEDBREP(#3681);
#3924=IFCFACETEDBREP(#3682);
#3925=IFCFACETEDBREP(#3683);
#3926=IFCFACETEDBREP(#3684);
#3927=IFCFACETEDBREP(#3685);
#3928=IFCFACETEDBREP(#3686);
#3929=IFCFACETEDBREP(#3687);
#3930=IFCFACETEDBREP(#3688);
#3931=IFCFACETEDBREP(#3689);
#3932=IFCFACETEDBREP(#3690);
#3933=IFCFACETEDBREP(#3691);
#3934=IFCFACETEDBREP(#3692);
#3935=IFCFACETEDBREP(#3693);
#3936=IFCFACETEDBREP(#3694);
#3937=IFCFACETEDBREP(#3695);
#3938=IFCFACETEDBREP(#3696);
#3939=IFCFACETEDBREP(#3697);
#3940=IFCFACETEDBREP(#3698);
#3941=IFCFACETEDBREP(#3699);
#3942=IFCFACETEDBREP(#3700);
#3943=IFCFACETEDBREP(#3701);
#3944=IFCPRESENTATIONLAYERASSIGNMENT('62',$,(#5517),$);
#3945=IFCPRESENTATIONLAYERASSIGNMENT('1',$,(#5519,#5522,#5540,#5544,#5554,#5555,#5556,#5557,#5558,#5559,#5560,#5577,#5578,#5579),$);
#3946=IFCPROPERTYSINGLEVALUE('LAYERFILTER000',$,IFCTEXT('LAYCUR=1'),$);
#3947=IFCPROPERTYSINGLEVALUE('LAYERFILTER001',$,IFCTEXT('ALL=1,2,3,4,5,6,7,8,9,10,11,12,13,14,15,16,17,18,19,20,21,22,23,24,25\X2\000D000A\X0\,26,27,28,29,30,31,32,33,34,35,36,37,38,39,40,41,42,43,44,45,46,47,48,\X2\000D000A\X0\49,50,51,52,53,54,55,56,57,58,59,60,61,62,63,64,65,66,67,68,69,70,71,7\X2\000D000A\X0\2,73,74,75,76,77,78,79,80,81,82,83,84,85,86,87,88,89,90,91,92,93,94,95\X2\000D000A\X0\,96,97,98,99,100,101,102,103,104,105,106,107,108,109,110,111,112,113,1\X2\000D000A\X0\14,115,116,117,118,119,120,121,122,123,124,125,126,127,128,129,130,131\X2\000D000A\X0\,132,133,134,135,136,137,138,139,140,141,142,143,144,145,146,147,148,1\X2\000D000A\X0\49,150,151,152,153,154,155,156,157,158,159,160,161,162,163,164,165,166\X2\000D000A\X0\,167,168,169,170,171,172,173,174,175,176,177,178,179,180,181,182,183,1\X2\000D000A\X0\84,185,186,187,188,189,190,191,192,193,194,195,196,197,198,199,200,201\X2\000D000A\X0\,202,203,204,205,206,207,208,209,210,211,212,213,214,215,216,217,218,2\X2\000D000A\X0\19,220,221,222,223,224,225,226,227,228,229,230,231,232,233,234,235,236\X2\000D000A\X0\,237,238,239,240,241,242,243,244,245,246,247,248,249,250,251,252,253,2\X2\000D000A\X0\54,255,256'),$);
#3948=IFCPROPERTYSINGLEVALUE('LAYERFILTER002',$,IFCTEXT('DEFAULT=1'),$);
#3949=IFCPROPERTYSINGLEVALUE('LAYERFILTER003',$,IFCTEXT('SOLIDS=2,3,4,5,6,7,8,9,10,11,12,13'),$);
#3950=IFCPROPERTYSINGLEVALUE('LAYERFILTER004',$,IFCTEXT('HIDDEN_SOLIDS=14'),$);
#3951=IFCPROPERTYSINGLEVALUE('LAYERFILTER005',$,IFCTEXT('LINKED_SOLIDS=15,16,17,18,19'),$);
#3952=IFCPROPERTYSINGLEVALUE('LAYERFILTER006',$,IFCTEXT('HIDDEN_LINKED_SOLIDS=20'),$);
#3953=IFCPROPERTYSINGLEVALUE('LAYERFILTER007',$,IFCTEXT('SKETCHES=21,22,23,24,25,26,27,28,29,30,31,32,33,34,35,36,37,38,39'),$);
#3954=IFCPROPERTYSINGLEVALUE('LAYERFILTER008',$,IFCTEXT('HIDDEN_SKETCHES=40'),$);
#3955=IFCPROPERTYSINGLEVALUE('LAYERFILTER009',$,IFCTEXT('CURVES=41,42,43,44,45,46,47,48,49,50,51,52,53,54,55,56,57,58,59'),$);
#3956=IFCPROPERTYSINGLEVALUE('LAYERFILTER010',$,IFCTEXT('HIDDEN_CURVES=60'),$);
#3957=IFCPROPERTYSINGLEVALUE('LAYERFILTER011',$,IFCTEXT('DATUMS=61,62,63,64,65,66,67,68,69,70,71,72,73,74,75,76,77,78,79'),$);
#3958=IFCPROPERTYSINGLEVALUE('LAYERFILTER012',$,IFCTEXT('HIDDEN_DATUMS=80'),$);
#3959=IFCPROPERTYSINGLEVALUE('LAYERFILTER013',$,IFCTEXT('SHEETS=81,82,83,84,85,86,87,88,89,90,91,92,93,94,95,96,97,98,99'),$);
#3960=IFCPROPERTYSINGLEVALUE('LAYERFILTER014',$,IFCTEXT('HIDDEN_SHEETS=100'),$);
#3961=IFCPROPERTYSINGLEVALUE('LAYERFILTER015',$,IFCTEXT('FORMATS=101,102,103,104,105,106,107,108,109'),$);
#3962=IFCPROPERTYSINGLEVALUE('LAYERFILTER016',$,IFCTEXT('HIDDEN_FORMATS=110'),$);
#3963=IFCPROPERTYSINGLEVALUE('LAYERFILTER017',$,IFCTEXT('CIVIL_DESIGN=191,192,193,194,195,196,197,198,199,200,201,202,203,204,\X2\000D000A\X0\205,206,207,208,209,210'),$);
#3964=IFCPROPERTYSINGLEVALUE('LAYERFILTER018',$,IFCTEXT('DRAWING_BORDERS=101'),$);
#3965=IFCPROPERTYSINGLEVALUE('LAYERFILTER019',$,IFCTEXT('DRAFTING_ANNOTATIONS=102'),$);
#3966=IFCPROPERTYSINGLEVALUE('LAYERFILTER020',$,IFCTEXT('BORDER_REFERENCE=103'),$);
#3967=IFCPROPERTYSINGLEVALUE('LAYERFILTER021',$,IFCTEXT('OUTER_WALLS=191'),$);
#3968=IFCPROPERTYSINGLEVALUE('LAYERFILTER022',$,IFCTEXT('INNER_WALLS=192'),$);
#3969=IFCPROPERTYSINGLEVALUE('LAYERFILTER023',$,IFCTEXT('ROOFS=193'),$);
#3970=IFCPROPERTYSINGLEVALUE('LAYERFILTER024',$,IFCTEXT('GRID_LINES_X_Y=201'),$);
#3971=IFCPROPERTYSINGLEVALUE('LAYERFILTER025',$,IFCTEXT('GRID_LINES_X_Z=202'),$);
#3972=IFCPROPERTYSINGLEVALUE('LAYERFILTER026',$,IFCTEXT('GRID_LINES_Y_Z=203'),$);
#3973=IFCPROPERTYSINGLEVALUE('LAYERFILTER027',$,IFCTEXT('ELECTRICAL_CLEARANCE=221'),$);
#3974=IFCPROPERTYSINGLEVALUE('LAYERFILTER028',$,IFCTEXT('MAGNETIC_CLEARANCE=222'),$);
#3975=IFCPROPERTYSINGLEVALUE('Name',$,IFCTEXT('MVS Cable Ways P1'),$);
#3976=IFCPROPERTYSINGLEVALUE('WEIGHT',$,IFCTEXT('0'),$);
#3977=IFCPROPERTYSINGLEVALUE('DB_PART_NAME',$,IFCTEXT('TPE Top Assembly Common SSE 2GW-Inland'),$);
#3978=IFCPROPERTYSINGLEVALUE('DB_PART_TYPE',$,IFCTEXT('ABB4HVDCDesign'),$);
#3979=IFCPROPERTYSINGLEVALUE('DB_PART_NO',$,IFCTEXT('1JNL9353022'),$);
#3980=IFCPROPERTYSINGLEVALUE('DB_PART_DESC',$,IFCTEXT('1JNL9353022'),$);
#3981=IFCPROPERTYSINGLEVALUE('DB_PART_MFKID',$,IFCTEXT('1JNL9353022'),$);
#3982=IFCPROPERTYSINGLEVALUE('PREPARED_BY',$,IFCTEXT('Larsson, \X2\00D6\X0\rj\X2\000D000A\X0\an'),$);
#3983=IFCPROPERTYSINGLEVALUE('DB_PART_REV',$,IFCTEXT('B'),$);
#3984=IFCPROPERTYSINGLEVALUE('ABB_SUPPLIER',$,IFCTEXT('N/A'),$);
#3985=IFCPROPERTYSINGLEVALUE('ABB_RATED_VOLTAGE',$,IFCTEXT('0'),$);
#3986=IFCPROPERTYSINGLEVALUE('ABB_RATED_CURRENT',$,IFCTEXT('0'),$);
#3987=IFCPROPERTYSINGLEVALUE('ABB_NOTE',$,IFCTEXT(''),$);
#3988=IFCPROPERTYSINGLEVALUE('ABB_MTRL_TYPE',$,IFCTEXT(''),$);
#3989=IFCPROPERTYSINGLEVALUE('ABB_LIWL',$,IFCTEXT('N/A'),$);
#3990=IFCPROPERTYSINGLEVALUE('ABB_APPLICATION',$,IFCTEXT(''),$);
#3991=IFCPROPERTYSINGLEVALUE('ABB_CLASSIFICATION_Y',$,IFCTEXT('N/A'),$);
#3992=IFCPROPERTYSINGLEVALUE('ABB_RESPONSIBLE_DEPT',$,IFCTEXT('PGDC/TPE'),$);
#3993=IFCPROPERTYSINGLEVALUE('ABB_DIMENSION',$,IFCTEXT(''),$);
#3994=IFCPROPERTYSINGLEVALUE('ABB_PROJECT_NAME',$,IFCTEXT('SSE 2GW Frame Agreement'),$);
#3995=IFCPROPERTYSINGLEVALUE('ABB_MASS',$,IFCINTEGER(0),$);
#3996=IFCPROPERTYSINGLEVALUE('Security Level',$,IFCTEXT('Internal'),$);
#3997=IFCPROPERTYSINGLEVALUE('ABB4_DOC_KIND',$,IFCTEXT('Layout drawing'),$);
#3998=IFCPROPERTYSINGLEVALUE('ABB_STATION_NAME',$,IFCTEXT('Banniskirk'),$);
#3999=IFCPROPERTYSINGLEVALUE('ABB_UNIT',$,IFCTEXT('PC'),$);
#4000=IFCPROPERTYSINGLEVALUE('NX_MaterialMultipleAssigned',$,IFCTEXT('FALSE'),$);
#4001=IFCPROPERTYSINGLEVALUE('NX_MaterialMissingAssignments',$,IFCTEXT('TRUE'),$);
#4002=IFCPROPERTYSINGLEVALUE('DB_SEED_PART_USED',$,IFCTEXT('@DB/M10000002/00'),$);
#4003=IFCPROPERTYSINGLEVALUE('NX_ReferenceSet',$,IFCTEXT('MODEL'),$);
#4004=IFCPROPERTYSINGLEVALUE('NX_ComponentGroup',$,IFCTEXT('AllComponents'),$);
#4005=IFCPROPERTYSINGLEVALUE('NX_Arrangement',$,IFCTEXT('AC Yard Cable Ways P2'),$);
#4006=IFCPROPERTYSINGLEVALUE('LAYER',$,IFCTEXT('1'),$);
#4007=IFCPROPERTYSINGLEVALUE('Name',$,IFCTEXT('1JNL9322340_A-1JNL9322340 - Pyramid'),$);
#4008=IFCPROPERTYSINGLEVALUE('NX_MaterialMissingAssignments',$,IFCTEXT('TRUE'),$);
#4009=IFCPROPERTYSINGLEVALUE('NX_MaterialMultipleAssigned',$,IFCTEXT('FALSE'),$);
#4010=IFCPROPERTYSINGLEVALUE('BLOCK_NAME',$,IFCTEXT('Coordination_Pyramid - Coordination_Pyramid-3284033-_3D - maikel_pere\X2\000D000A\X0\z-cabana_'),$);
#4011=IFCPROPERTYSINGLEVALUE('DB_PART_MFKID',$,IFCTEXT('1JNL9322340'),$);
#4012=IFCPROPERTYSINGLEVALUE('DB_PART_TYPE',$,IFCTEXT('ABB4HVDCDesign'),$);
#4013=IFCPROPERTYSINGLEVALUE('DB_PART_NO',$,IFCTEXT('1JNL9322340'),$);
#4014=IFCPROPERTYSINGLEVALUE('DB_PART_NAME',$,IFCTEXT('1JNL9322340 - Pyramid'),$);
#4015=IFCPROPERTYSINGLEVALUE('DB_PART_DESC',$,IFCTEXT('1JNL9322340'),$);
#4016=IFCPROPERTYSINGLEVALUE('DB_PART_REV',$,IFCTEXT('A'),$);
#4017=IFCPROPERTYSINGLEVALUE('ABB_SUPPLIER',$,IFCTEXT('N/A'),$);
#4018=IFCPROPERTYSINGLEVALUE('ABB_RESPONSIBLE_DEPT',$,IFCTEXT('PGDC/TPE'),$);
#4019=IFCPROPERTYSINGLEVALUE('ABB_PROJECT_NAME',$,IFCTEXT('Eastern Green Link 2'),$);
#4020=IFCPROPERTYSINGLEVALUE('ABB_LIWL',$,IFCTEXT('N/A'),$);
#4021=IFCPROPERTYSINGLEVALUE('ABB_CLASSIFICATION_Y',$,IFCTEXT('N/A'),$);
#4022=IFCPROPERTYSINGLEVALUE('Security Level',$,IFCTEXT('Internal'),$);
#4023=IFCPROPERTYSINGLEVALUE('ABB_STATION_NAME',$,IFCTEXT('PeterHead'),$);
#4024=IFCPROPERTYSINGLEVALUE('PREPARED_BY',$,IFCTEXT('Vessman, Jonas'),$);
#4025=IFCPROPERTYSINGLEVALUE('LAYER',$,IFCTEXT('1'),$);
#4026=IFCPROPERTYSINGLEVALUE('DB_SEQUENCE_NO',$,IFCTEXT('380'),$);
#4027=IFCPROPERTYSINGLEVALUE('CALLOUT',$,IFCTEXT('380'),$);
#4028=IFCPROPERTYSINGLEVALUE('BLOCK_NAME',$,IFCTEXT('Coordination_Pyramid - Coordination_Pyramid-3284033-_3D - maikel_pere\X2\000D000A\X0\z-cabana_'),$);
#4029=IFCPROPERTYSINGLEVALUE('NX_MaterialMultipleAssigned',$,IFCTEXT('FALSE'),$);
#4030=IFCPROPERTYSINGLEVALUE('NX_MaterialMissingAssignments',$,IFCTEXT('TRUE'),$);
#4031=IFCPROPERTYSINGLEVALUE('LAYER',$,IFCTEXT('1'),$);
#4032=IFCPROPERTYSINGLEVALUE('Name',$,IFCTEXT('1JNL9442576_A-K6 cable tray MVS P1'),$);
#4033=IFCPROPERTYSINGLEVALUE('WEIGHT',$,IFCTEXT('0'),$);
#4034=IFCPROPERTYSINGLEVALUE('DB_PART_NAME',$,IFCTEXT('K6 cable tray MVS P1'),$);
#4035=IFCPROPERTYSINGLEVALUE('DB_PART_TYPE',$,IFCTEXT('ABB4HVDCDesign'),$);
#4036=IFCPROPERTYSINGLEVALUE('DB_PART_NO',$,IFCTEXT('1JNL9442576'),$);
#4037=IFCPROPERTYSINGLEVALUE('DB_PART_DESC',$,IFCTEXT('-'),$);
#4038=IFCPROPERTYSINGLEVALUE('DB_PART_MFKID',$,IFCTEXT('1JNL9442576'),$);
#4039=IFCPROPERTYSINGLEVALUE('PREPARED_BY',$,IFCTEXT('Gon\X2\00E7\X0\alves Junior, Paulo Roberto'),$);
#4040=IFCPROPERTYSINGLEVALUE('DB_PART_REV',$,IFCTEXT('A'),$);
#4041=IFCPROPERTYSINGLEVALUE('ABB_RATED_VOLTAGE',$,IFCTEXT('0'),$);
#4042=IFCPROPERTYSINGLEVALUE('ABB_RATED_CURRENT',$,IFCTEXT('0'),$);
#4043=IFCPROPERTYSINGLEVALUE('ABB_NOTE',$,IFCTEXT(''),$);
#4044=IFCPROPERTYSINGLEVALUE('ABB_MTRL_TYPE',$,IFCTEXT(''),$);
#4045=IFCPROPERTYSINGLEVALUE('ABB_APPLICATION',$,IFCTEXT(''),$);
#4046=IFCPROPERTYSINGLEVALUE('ABB_CLASSIFICATION_Y',$,IFCTEXT('27'),$);
#4047=IFCPROPERTYSINGLEVALUE('ABB_PROJECT_NAME',$,IFCTEXT('SSE 2GW Frame Agreement'),$);
#4048=IFCPROPERTYSINGLEVALUE('ABB_DIMENSION',$,IFCTEXT(''),$);
#4049=IFCPROPERTYSINGLEVALUE('ABB_MASS',$,IFCINTEGER(0),$);
#4050=IFCPROPERTYSINGLEVALUE('Security Level',$,IFCTEXT('Confidential'),$);
#4051=IFCPROPERTYSINGLEVALUE('ABB_RESPONSIBLE_DEPT',$,IFCTEXT('PGDC/TPE'),$);
#4052=IFCPROPERTYSINGLEVALUE('ABB_UNIT',$,IFCTEXT('PC'),$);
#4053=IFCPROPERTYSINGLEVALUE('NX_MaterialMultipleAssigned',$,IFCTEXT('FALSE'),$);
#4054=IFCPROPERTYSINGLEVALUE('NX_MaterialMissingAssignments',$,IFCTEXT('TRUE'),$);
#4055=IFCPROPERTYSINGLEVALUE('NX_Volume',$,IFCREAL(60687900.),$);
#4056=IFCPROPERTYSINGLEVALUE('NX_VolumeSource',$,IFCTEXT('From Design'),$);
#4057=IFCPROPERTYSINGLEVALUE('NX_Area',$,IFCREAL(3259190.),$);
#4058=IFCPROPERTYSINGLEVALUE('NX_AreaSource',$,IFCTEXT('From Design'),$);
#4059=IFCPROPERTYSINGLEVALUE('DB_SEED_PART_USED',$,IFCTEXT('@DB/M10000001/00'),$);
#4060=IFCPROPERTYSINGLEVALUE('NX_ReferenceSet',$,IFCTEXT('MODEL'),$);
#4061=IFCPROPERTYSINGLEVALUE('NX_ComponentGroup',$,IFCTEXT('AllComponents'),$);
#4062=IFCPROPERTYSINGLEVALUE('LAYER',$,IFCTEXT('1'),$);
#4063=IFCPROPERTYSINGLEVALUE('DB_SEQUENCE_NO',$,IFCTEXT('20'),$);
#4064=IFCPROPERTYSINGLEVALUE('CALLOUT',$,IFCTEXT('20'),$);
#4065=IFCPROPERTYSINGLEVALUE('NX_ComponentGroup',$,IFCTEXT('AllComponents'),$);
#4066=IFCPROPERTYSINGLEVALUE('NX_ReferenceSet',$,IFCTEXT('MODEL'),$);
#4067=IFCPROPERTYSINGLEVALUE('NX_AreaSource',$,IFCTEXT('From Design'),$);
#4068=IFCPROPERTYSINGLEVALUE('NX_Area',$,IFCREAL(3259190.),$);
#4069=IFCPROPERTYSINGLEVALUE('NX_VolumeSource',$,IFCTEXT('From Design'),$);
#4070=IFCPROPERTYSINGLEVALUE('NX_Volume',$,IFCREAL(60687900.),$);
#4071=IFCPROPERTYSINGLEVALUE('DB_SEED_PART_USED',$,IFCTEXT('@DB/M10000001/00'),$);
#4072=IFCPROPERTYSINGLEVALUE('NX_MaterialMissingAssignments',$,IFCTEXT('TRUE'),$);
#4073=IFCPROPERTYSINGLEVALUE('NX_MaterialMultipleAssigned',$,IFCTEXT('FALSE'),$);
#4074=IFCPROPERTYSINGLEVALUE('ABB_UNIT',$,IFCTEXT('PC'),$);
#4075=IFCPROPERTYSINGLEVALUE('WEIGHT',$,IFCTEXT('0'),$);
#4076=IFCPROPERTYSINGLEVALUE('LAYER',$,IFCTEXT('1'),$);
#4077=IFCPROPERTYSINGLEVALUE('Name',$,IFCTEXT('1JNL9442633_A-Cable Ladder MVS'),$);
#4078=IFCPROPERTYSINGLEVALUE('WEIGHT',$,IFCTEXT('0'),$);
#4079=IFCPROPERTYSINGLEVALUE('DB_PART_NAME',$,IFCTEXT('Cable Ladder MVS'),$);
#4080=IFCPROPERTYSINGLEVALUE('DB_PART_TYPE',$,IFCTEXT('ABB4HVDCDesign'),$);
#4081=IFCPROPERTYSINGLEVALUE('DB_PART_NO',$,IFCTEXT('1JNL9442633'),$);
#4082=IFCPROPERTYSINGLEVALUE('DB_PART_DESC',$,IFCTEXT('-'),$);
#4083=IFCPROPERTYSINGLEVALUE('DB_PART_MFKID',$,IFCTEXT('1JNL9442633'),$);
#4084=IFCPROPERTYSINGLEVALUE('DB_PART_REV',$,IFCTEXT('A'),$);
#4085=IFCPROPERTYSINGLEVALUE('ABB_SUPPLIER',$,IFCTEXT('N/A'),$);
#4086=IFCPROPERTYSINGLEVALUE('ABB_RATED_VOLTAGE',$,IFCTEXT('0'),$);
#4087=IFCPROPERTYSINGLEVALUE('ABB_RATED_CURRENT',$,IFCTEXT('0'),$);
#4088=IFCPROPERTYSINGLEVALUE('ABB_NOTE',$,IFCTEXT(''),$);
#4089=IFCPROPERTYSINGLEVALUE('ABB_MTRL_TYPE',$,IFCTEXT(''),$);
#4090=IFCPROPERTYSINGLEVALUE('ABB_LIWL',$,IFCTEXT('N/A'),$);
#4091=IFCPROPERTYSINGLEVALUE('ABB_APPLICATION',$,IFCTEXT(''),$);
#4092=IFCPROPERTYSINGLEVALUE('ABB_CLASSIFICATION_Y',$,IFCTEXT('27'),$);
#4093=IFCPROPERTYSINGLEVALUE('ABB_RESPONSIBLE_DEPT',$,IFCTEXT('PGDC/TPE'),$);
#4094=IFCPROPERTYSINGLEVALUE('ABB_DIMENSION',$,IFCTEXT(''),$);
#4095=IFCPROPERTYSINGLEVALUE('ABB_MASS',$,IFCINTEGER(0),$);
#4096=IFCPROPERTYSINGLEVALUE('Security Level',$,IFCTEXT('Confidential'),$);
#4097=IFCPROPERTYSINGLEVALUE('ABB_PROJECT_NAME',$,IFCTEXT('SSE 2GW Frame Agreement'),$);
#4098=IFCPROPERTYSINGLEVALUE('ABB_UNIT',$,IFCTEXT('PC'),$);
#4099=IFCPROPERTYSINGLEVALUE('NX_MaterialMultipleAssigned',$,IFCTEXT('FALSE'),$);
#4100=IFCPROPERTYSINGLEVALUE('NX_MaterialMissingAssignments',$,IFCTEXT('TRUE'),$);
#4101=IFCPROPERTYSINGLEVALUE('NX_Density',$,IFCREAL(7.8E-06),$);
#4102=IFCPROPERTYSINGLEVALUE('NX_DensitySource',$,IFCTEXT('From Design'),$);
#4103=IFCPROPERTYSINGLEVALUE('NX_Volume',$,IFCREAL(10725100.),$);
#4104=IFCPROPERTYSINGLEVALUE('NX_VolumeSource',$,IFCTEXT('From Design'),$);
#4105=IFCPROPERTYSINGLEVALUE('NX_Mass',$,IFCREAL(83.655502),$);
#4106=IFCPROPERTYSINGLEVALUE('NX_MassSource',$,IFCTEXT('From Design'),$);
#4107=IFCPROPERTYSINGLEVALUE('NX_Weight',$,IFCREAL(820.380188),$);
#4108=IFCPROPERTYSINGLEVALUE('NX_WeightSource',$,IFCTEXT('From Design'),$);
#4109=IFCPROPERTYSINGLEVALUE('NX_Area',$,IFCREAL(1711200.),$);
#4110=IFCPROPERTYSINGLEVALUE('NX_AreaSource',$,IFCTEXT('From Design'),$);
#4111=IFCPROPERTYSINGLEVALUE('DB_SEED_PART_USED',$,IFCTEXT('@DB/M10000001/00'),$);
#4112=IFCPROPERTYSINGLEVALUE('PREPARED_BY',$,IFCTEXT('Gon\X2\00E7\X0\alves Junior, Paulo Roberto'),$);
#4113=IFCPROPERTYSINGLEVALUE('NX_ReferenceSet',$,IFCTEXT('MODEL'),$);
#4114=IFCPROPERTYSINGLEVALUE('NX_ComponentGroup',$,IFCTEXT('AllComponents'),$);
#4115=IFCPROPERTYSINGLEVALUE('LAYER',$,IFCTEXT('1'),$);
#4116=IFCPROPERTYSINGLEVALUE('DB_SEQUENCE_NO',$,IFCTEXT('40'),$);
#4117=IFCPROPERTYSINGLEVALUE('CALLOUT',$,IFCTEXT('40'),$);
#4118=IFCPROPERTYSINGLEVALUE('PLibPartType',$,IFCINTEGER(0),$);
#4119=IFCPROPERTYSINGLEVALUE('DISCIPLINE',$,IFCTEXT('Wiring'),$);
#4120=IFCPROPERTYSINGLEVALUE('SPECIFICATION',$,IFCTEXT('None'),$);
#4121=IFCPROPERTYSINGLEVALUE('LOGICAL_ID',$,IFCTEXT(''),$);
#4122=IFCPROPERTYSINGLEVALUE('RECOMMENDED_PRESSURE',$,IFCREAL(0.),$);
#4123=IFCPROPERTYSINGLEVALUE('NUMBER_OF_REPORTS',$,IFCINTEGER(0),$);
#4124=IFCPROPERTYSINGLEVALUE('NX_ComponentGroup',$,IFCTEXT('AllComponents'),$);
#4125=IFCPROPERTYSINGLEVALUE('NX_ReferenceSet',$,IFCTEXT('MODEL'),$);
#4126=IFCPROPERTYSINGLEVALUE('NX_AreaSource',$,IFCTEXT('From Design'),$);
#4127=IFCPROPERTYSINGLEVALUE('NX_Area',$,IFCREAL(1711200.),$);
#4128=IFCPROPERTYSINGLEVALUE('NX_WeightSource',$,IFCTEXT('From Design'),$);
#4129=IFCPROPERTYSINGLEVALUE('NX_Weight',$,IFCREAL(820.380188),$);
#4130=IFCPROPERTYSINGLEVALUE('NX_MassSource',$,IFCTEXT('From Design'),$);
#4131=IFCPROPERTYSINGLEVALUE('NX_Mass',$,IFCREAL(83.655502),$);
#4132=IFCPROPERTYSINGLEVALUE('NX_VolumeSource',$,IFCTEXT('From Design'),$);
#4133=IFCPROPERTYSINGLEVALUE('NX_Volume',$,IFCREAL(10725100.),$);
#4134=IFCPROPERTYSINGLEVALUE('NX_DensitySource',$,IFCTEXT('From Design'),$);
#4135=IFCPROPERTYSINGLEVALUE('NX_Density',$,IFCREAL(7.8E-06),$);
#4136=IFCPROPERTYSINGLEVALUE('DB_SEED_PART_USED',$,IFCTEXT('@DB/M10000001/00'),$);
#4137=IFCPROPERTYSINGLEVALUE('NX_MaterialMissingAssignments',$,IFCTEXT('TRUE'),$);
#4138=IFCPROPERTYSINGLEVALUE('NX_MaterialMultipleAssigned',$,IFCTEXT('FALSE'),$);
#4139=IFCPROPERTYSINGLEVALUE('ABB_UNIT',$,IFCTEXT('PC'),$);
#4140=IFCPROPERTYSINGLEVALUE('WEIGHT',$,IFCTEXT('0'),$);
#4141=IFCPROPERTYSINGLEVALUE('LAYER',$,IFCTEXT('1'),$);
#4142=IFCPROPERTYSINGLEVALUE('Name',$,IFCTEXT('1JNL9442631_A-Cable Ladder MVS'),$);
#4143=IFCPROPERTYSINGLEVALUE('WEIGHT',$,IFCTEXT('0'),$);
#4144=IFCPROPERTYSINGLEVALUE('DB_PART_NAME',$,IFCTEXT('Cable Ladder MVS'),$);
#4145=IFCPROPERTYSINGLEVALUE('DB_PART_TYPE',$,IFCTEXT('ABB4HVDCDesign'),$);
#4146=IFCPROPERTYSINGLEVALUE('DB_PART_NO',$,IFCTEXT('1JNL9442631'),$);
#4147=IFCPROPERTYSINGLEVALUE('DB_PART_DESC',$,IFCTEXT('-'),$);
#4148=IFCPROPERTYSINGLEVALUE('DB_PART_MFKID',$,IFCTEXT('1JNL9442631'),$);
#4149=IFCPROPERTYSINGLEVALUE('DB_PART_REV',$,IFCTEXT('A'),$);
#4150=IFCPROPERTYSINGLEVALUE('ABB_SUPPLIER',$,IFCTEXT('N/A'),$);
#4151=IFCPROPERTYSINGLEVALUE('ABB_RATED_VOLTAGE',$,IFCTEXT('0'),$);
#4152=IFCPROPERTYSINGLEVALUE('ABB_RATED_CURRENT',$,IFCTEXT('0'),$);
#4153=IFCPROPERTYSINGLEVALUE('ABB_NOTE',$,IFCTEXT(''),$);
#4154=IFCPROPERTYSINGLEVALUE('ABB_MTRL_TYPE',$,IFCTEXT(''),$);
#4155=IFCPROPERTYSINGLEVALUE('ABB_LIWL',$,IFCTEXT('N/A'),$);
#4156=IFCPROPERTYSINGLEVALUE('ABB_APPLICATION',$,IFCTEXT(''),$);
#4157=IFCPROPERTYSINGLEVALUE('ABB_CLASSIFICATION_Y',$,IFCTEXT('27'),$);
#4158=IFCPROPERTYSINGLEVALUE('ABB_RESPONSIBLE_DEPT',$,IFCTEXT('PGDC/TPE'),$);
#4159=IFCPROPERTYSINGLEVALUE('ABB_DIMENSION',$,IFCTEXT(''),$);
#4160=IFCPROPERTYSINGLEVALUE('ABB_MASS',$,IFCINTEGER(0),$);
#4161=IFCPROPERTYSINGLEVALUE('Security Level',$,IFCTEXT('Confidential'),$);
#4162=IFCPROPERTYSINGLEVALUE('ABB_PROJECT_NAME',$,IFCTEXT('SSE 2GW Frame Agreement'),$);
#4163=IFCPROPERTYSINGLEVALUE('ABB_UNIT',$,IFCTEXT('PC'),$);
#4164=IFCPROPERTYSINGLEVALUE('NX_MaterialMultipleAssigned',$,IFCTEXT('FALSE'),$);
#4165=IFCPROPERTYSINGLEVALUE('NX_MaterialMissingAssignments',$,IFCTEXT('TRUE'),$);
#4166=IFCPROPERTYSINGLEVALUE('NX_Density',$,IFCREAL(7.8E-06),$);
#4167=IFCPROPERTYSINGLEVALUE('NX_DensitySource',$,IFCTEXT('From Design'),$);
#4168=IFCPROPERTYSINGLEVALUE('NX_Volume',$,IFCREAL(2344410.),$);
#4169=IFCPROPERTYSINGLEVALUE('NX_VolumeSource',$,IFCTEXT('From Design'),$);
#4170=IFCPROPERTYSINGLEVALUE('NX_Mass',$,IFCREAL(18.286425),$);
#4171=IFCPROPERTYSINGLEVALUE('NX_MassSource',$,IFCTEXT('From Design'),$);
#4172=IFCPROPERTYSINGLEVALUE('NX_Weight',$,IFCREAL(179.328568),$);
#4173=IFCPROPERTYSINGLEVALUE('NX_WeightSource',$,IFCTEXT('From Design'),$);
#4174=IFCPROPERTYSINGLEVALUE('NX_Area',$,IFCREAL(370824.71875),$);
#4175=IFCPROPERTYSINGLEVALUE('NX_AreaSource',$,IFCTEXT('From Design'),$);
#4176=IFCPROPERTYSINGLEVALUE('DB_SEED_PART_USED',$,IFCTEXT('@DB/M10000001/00'),$);
#4177=IFCPROPERTYSINGLEVALUE('PREPARED_BY',$,IFCTEXT('Gon\X2\00E7\X0\alves Junior, Paulo Roberto'),$);
#4178=IFCPROPERTYSINGLEVALUE('NX_ReferenceSet',$,IFCTEXT('MODEL'),$);
#4179=IFCPROPERTYSINGLEVALUE('NX_ComponentGroup',$,IFCTEXT('AllComponents'),$);
#4180=IFCPROPERTYSINGLEVALUE('LAYER',$,IFCTEXT('1'),$);
#4181=IFCPROPERTYSINGLEVALUE('DB_SEQUENCE_NO',$,IFCTEXT('120'),$);
#4182=IFCPROPERTYSINGLEVALUE('CALLOUT',$,IFCTEXT('120'),$);
#4183=IFCPROPERTYSINGLEVALUE('NUMBER_OF_REPORTS',$,IFCINTEGER(0),$);
#4184=IFCPROPERTYSINGLEVALUE('RECOMMENDED_PRESSURE',$,IFCREAL(0.),$);
#4185=IFCPROPERTYSINGLEVALUE('LOGICAL_ID',$,IFCTEXT(''),$);
#4186=IFCPROPERTYSINGLEVALUE('SPECIFICATION',$,IFCTEXT('None'),$);
#4187=IFCPROPERTYSINGLEVALUE('DISCIPLINE',$,IFCTEXT('Wiring'),$);
#4188=IFCPROPERTYSINGLEVALUE('PLibPartType',$,IFCINTEGER(0),$);
#4189=IFCPROPERTYSINGLEVALUE('NX_ComponentGroup',$,IFCTEXT('AllComponents'),$);
#4190=IFCPROPERTYSINGLEVALUE('NX_ReferenceSet',$,IFCTEXT('MODEL'),$);
#4191=IFCPROPERTYSINGLEVALUE('NX_AreaSource',$,IFCTEXT('From Design'),$);
#4192=IFCPROPERTYSINGLEVALUE('NX_Area',$,IFCREAL(370824.71875),$);
#4193=IFCPROPERTYSINGLEVALUE('NX_WeightSource',$,IFCTEXT('From Design'),$);
#4194=IFCPROPERTYSINGLEVALUE('NX_Weight',$,IFCREAL(179.328568),$);
#4195=IFCPROPERTYSINGLEVALUE('NX_MassSource',$,IFCTEXT('From Design'),$);
#4196=IFCPROPERTYSINGLEVALUE('NX_Mass',$,IFCREAL(18.286425),$);
#4197=IFCPROPERTYSINGLEVALUE('NX_VolumeSource',$,IFCTEXT('From Design'),$);
#4198=IFCPROPERTYSINGLEVALUE('NX_Volume',$,IFCREAL(2344410.),$);
#4199=IFCPROPERTYSINGLEVALUE('NX_DensitySource',$,IFCTEXT('From Design'),$);
#4200=IFCPROPERTYSINGLEVALUE('NX_Density',$,IFCREAL(7.8E-06),$);
#4201=IFCPROPERTYSINGLEVALUE('DB_SEED_PART_USED',$,IFCTEXT('@DB/M10000001/00'),$);
#4202=IFCPROPERTYSINGLEVALUE('NX_MaterialMissingAssignments',$,IFCTEXT('TRUE'),$);
#4203=IFCPROPERTYSINGLEVALUE('NX_MaterialMultipleAssigned',$,IFCTEXT('FALSE'),$);
#4204=IFCPROPERTYSINGLEVALUE('ABB_UNIT',$,IFCTEXT('PC'),$);
#4205=IFCPROPERTYSINGLEVALUE('WEIGHT',$,IFCTEXT('0'),$);
#4206=IFCPROPERTYSINGLEVALUE('LAYER',$,IFCTEXT('1'),$);
#4207=IFCPROPERTYSINGLEVALUE('Name',$,IFCTEXT('1JNL9441111_A-Cable Ladder 90 450'),$);
#4208=IFCPROPERTYSINGLEVALUE('WEIGHT',$,IFCTEXT('0'),$);
#4209=IFCPROPERTYSINGLEVALUE('DB_PART_NAME',$,IFCTEXT('Cable Ladder 90 450'),$);
#4210=IFCPROPERTYSINGLEVALUE('DB_PART_TYPE',$,IFCTEXT('ABB4HVDCDesign'),$);
#4211=IFCPROPERTYSINGLEVALUE('DB_PART_NO',$,IFCTEXT('1JNL9441111'),$);
#4212=IFCPROPERTYSINGLEVALUE('DB_PART_DESC',$,IFCTEXT('-'),$);
#4213=IFCPROPERTYSINGLEVALUE('DB_PART_MFKID',$,IFCTEXT('1JNL9441111'),$);
#4214=IFCPROPERTYSINGLEVALUE('DB_PART_REV',$,IFCTEXT('A'),$);
#4215=IFCPROPERTYSINGLEVALUE('ABB_SUPPLIER',$,IFCTEXT('N/A'),$);
#4216=IFCPROPERTYSINGLEVALUE('ABB_RATED_VOLTAGE',$,IFCTEXT('0'),$);
#4217=IFCPROPERTYSINGLEVALUE('ABB_RATED_CURRENT',$,IFCTEXT('0'),$);
#4218=IFCPROPERTYSINGLEVALUE('ABB_NOTE',$,IFCTEXT(''),$);
#4219=IFCPROPERTYSINGLEVALUE('ABB_MTRL_TYPE',$,IFCTEXT(''),$);
#4220=IFCPROPERTYSINGLEVALUE('ABB_LIWL',$,IFCTEXT('N/A'),$);
#4221=IFCPROPERTYSINGLEVALUE('ABB_APPLICATION',$,IFCTEXT(''),$);
#4222=IFCPROPERTYSINGLEVALUE('ABB_CLASSIFICATION_Y',$,IFCTEXT('27'),$);
#4223=IFCPROPERTYSINGLEVALUE('ABB_RESPONSIBLE_DEPT',$,IFCTEXT('PGDC/TPE'),$);
#4224=IFCPROPERTYSINGLEVALUE('ABB_DIMENSION',$,IFCTEXT(''),$);
#4225=IFCPROPERTYSINGLEVALUE('ABB_MASS',$,IFCINTEGER(0),$);
#4226=IFCPROPERTYSINGLEVALUE('Security Level',$,IFCTEXT('Confidential'),$);
#4227=IFCPROPERTYSINGLEVALUE('ABB_PROJECT_NAME',$,IFCTEXT('SSE 2GW Frame Agreement'),$);
#4228=IFCPROPERTYSINGLEVALUE('ABB_UNIT',$,IFCTEXT('PC'),$);
#4229=IFCPROPERTYSINGLEVALUE('NX_MaterialMultipleAssigned',$,IFCTEXT('FALSE'),$);
#4230=IFCPROPERTYSINGLEVALUE('NX_MaterialMissingAssignments',$,IFCTEXT('TRUE'),$);
#4231=IFCPROPERTYSINGLEVALUE('NX_Density',$,IFCREAL(7.8E-06),$);
#4232=IFCPROPERTYSINGLEVALUE('NX_DensitySource',$,IFCTEXT('From Design'),$);
#4233=IFCPROPERTYSINGLEVALUE('NX_Volume',$,IFCREAL(2469840.),$);
#4234=IFCPROPERTYSINGLEVALUE('NX_VolumeSource',$,IFCTEXT('From Design'),$);
#4235=IFCPROPERTYSINGLEVALUE('NX_Mass',$,IFCREAL(19.264772),$);
#4236=IFCPROPERTYSINGLEVALUE('NX_MassSource',$,IFCTEXT('From Design'),$);
#4237=IFCPROPERTYSINGLEVALUE('NX_Weight',$,IFCREAL(188.922882),$);
#4238=IFCPROPERTYSINGLEVALUE('NX_WeightSource',$,IFCTEXT('From Design'),$);
#4239=IFCPROPERTYSINGLEVALUE('NX_Area',$,IFCREAL(422497.5625),$);
#4240=IFCPROPERTYSINGLEVALUE('NX_AreaSource',$,IFCTEXT('From Design'),$);
#4241=IFCPROPERTYSINGLEVALUE('DB_SEED_PART_USED',$,IFCTEXT('@DB/M10000001/00'),$);
#4242=IFCPROPERTYSINGLEVALUE('PREPARED_BY',$,IFCTEXT('Gon\X2\00E7\X0\alves Junior, Paulo Roberto'),$);
#4243=IFCPROPERTYSINGLEVALUE('NX_ReferenceSet',$,IFCTEXT('MODEL'),$);
#4244=IFCPROPERTYSINGLEVALUE('NX_ComponentGroup',$,IFCTEXT('AllComponents'),$);
#4245=IFCPROPERTYSINGLEVALUE('LAYER',$,IFCTEXT('1'),$);
#4246=IFCPROPERTYSINGLEVALUE('DB_SEQUENCE_NO',$,IFCTEXT('70'),$);
#4247=IFCPROPERTYSINGLEVALUE('CALLOUT',$,IFCTEXT('70'),$);
#4248=IFCPROPERTYSINGLEVALUE('EXISTING_PART_BLOCK',$,IFCINTEGER(1),$);
#4249=IFCPROPERTYSINGLEVALUE('PLibPartType',$,IFCINTEGER(0),$);
#4250=IFCPROPERTYSINGLEVALUE('DISCIPLINE',$,IFCTEXT('Wiring'),$);
#4251=IFCPROPERTYSINGLEVALUE('SPECIFICATION',$,IFCTEXT('None'),$);
#4252=IFCPROPERTYSINGLEVALUE('LOGICAL_ID',$,IFCTEXT(''),$);
#4253=IFCPROPERTYSINGLEVALUE('RECOMMENDED_PRESSURE',$,IFCREAL(0.),$);
#4254=IFCPROPERTYSINGLEVALUE('NUMBER_OF_REPORTS',$,IFCINTEGER(0),$);
#4255=IFCPROPERTYSINGLEVALUE('NX_ComponentGroup',$,IFCTEXT('AllComponents'),$);
#4256=IFCPROPERTYSINGLEVALUE('NX_ReferenceSet',$,IFCTEXT('MODEL'),$);
#4257=IFCPROPERTYSINGLEVALUE('NX_AreaSource',$,IFCTEXT('From Design'),$);
#4258=IFCPROPERTYSINGLEVALUE('NX_Area',$,IFCREAL(422497.5625),$);
#4259=IFCPROPERTYSINGLEVALUE('NX_WeightSource',$,IFCTEXT('From Design'),$);
#4260=IFCPROPERTYSINGLEVALUE('NX_Weight',$,IFCREAL(188.922882),$);
#4261=IFCPROPERTYSINGLEVALUE('NX_MassSource',$,IFCTEXT('From Design'),$);
#4262=IFCPROPERTYSINGLEVALUE('NX_Mass',$,IFCREAL(19.264772),$);
#4263=IFCPROPERTYSINGLEVALUE('NX_VolumeSource',$,IFCTEXT('From Design'),$);
#4264=IFCPROPERTYSINGLEVALUE('NX_Volume',$,IFCREAL(2469840.),$);
#4265=IFCPROPERTYSINGLEVALUE('NX_DensitySource',$,IFCTEXT('From Design'),$);
#4266=IFCPROPERTYSINGLEVALUE('NX_Density',$,IFCREAL(7.8E-06),$);
#4267=IFCPROPERTYSINGLEVALUE('DB_SEED_PART_USED',$,IFCTEXT('@DB/M10000001/00'),$);
#4268=IFCPROPERTYSINGLEVALUE('NX_MaterialMissingAssignments',$,IFCTEXT('TRUE'),$);
#4269=IFCPROPERTYSINGLEVALUE('NX_MaterialMultipleAssigned',$,IFCTEXT('FALSE'),$);
#4270=IFCPROPERTYSINGLEVALUE('ABB_UNIT',$,IFCTEXT('PC'),$);
#4271=IFCPROPERTYSINGLEVALUE('WEIGHT',$,IFCTEXT('0'),$);
#4272=IFCPROPERTYSINGLEVALUE('LAYER',$,IFCTEXT('1'),$);
#4273=IFCPROPERTYSINGLEVALUE('Name',$,IFCTEXT('1JNL9441111_A-Cable Ladder 90 450'),$);
#4274=IFCPROPERTYSINGLEVALUE('WEIGHT',$,IFCTEXT('0'),$);
#4275=IFCPROPERTYSINGLEVALUE('DB_PART_NAME',$,IFCTEXT('Cable Ladder 90 450'),$);
#4276=IFCPROPERTYSINGLEVALUE('DB_PART_TYPE',$,IFCTEXT('ABB4HVDCDesign'),$);
#4277=IFCPROPERTYSINGLEVALUE('DB_PART_NO',$,IFCTEXT('1JNL9441111'),$);
#4278=IFCPROPERTYSINGLEVALUE('DB_PART_DESC',$,IFCTEXT('-'),$);
#4279=IFCPROPERTYSINGLEVALUE('DB_PART_MFKID',$,IFCTEXT('1JNL9441111'),$);
#4280=IFCPROPERTYSINGLEVALUE('DB_PART_REV',$,IFCTEXT('A'),$);
#4281=IFCPROPERTYSINGLEVALUE('ABB_SUPPLIER',$,IFCTEXT('N/A'),$);
#4282=IFCPROPERTYSINGLEVALUE('ABB_RATED_VOLTAGE',$,IFCTEXT('0'),$);
#4283=IFCPROPERTYSINGLEVALUE('ABB_RATED_CURRENT',$,IFCTEXT('0'),$);
#4284=IFCPROPERTYSINGLEVALUE('ABB_NOTE',$,IFCTEXT(''),$);
#4285=IFCPROPERTYSINGLEVALUE('ABB_MTRL_TYPE',$,IFCTEXT(''),$);
#4286=IFCPROPERTYSINGLEVALUE('ABB_LIWL',$,IFCTEXT('N/A'),$);
#4287=IFCPROPERTYSINGLEVALUE('ABB_APPLICATION',$,IFCTEXT(''),$);
#4288=IFCPROPERTYSINGLEVALUE('ABB_CLASSIFICATION_Y',$,IFCTEXT('27'),$);
#4289=IFCPROPERTYSINGLEVALUE('ABB_RESPONSIBLE_DEPT',$,IFCTEXT('PGDC/TPE'),$);
#4290=IFCPROPERTYSINGLEVALUE('ABB_DIMENSION',$,IFCTEXT(''),$);
#4291=IFCPROPERTYSINGLEVALUE('ABB_MASS',$,IFCINTEGER(0),$);
#4292=IFCPROPERTYSINGLEVALUE('Security Level',$,IFCTEXT('Confidential'),$);
#4293=IFCPROPERTYSINGLEVALUE('ABB_PROJECT_NAME',$,IFCTEXT('SSE 2GW Frame Agreement'),$);
#4294=IFCPROPERTYSINGLEVALUE('ABB_UNIT',$,IFCTEXT('PC'),$);
#4295=IFCPROPERTYSINGLEVALUE('NX_MaterialMultipleAssigned',$,IFCTEXT('FALSE'),$);
#4296=IFCPROPERTYSINGLEVALUE('NX_MaterialMissingAssignments',$,IFCTEXT('TRUE'),$);
#4297=IFCPROPERTYSINGLEVALUE('NX_Density',$,IFCREAL(7.8E-06),$);
#4298=IFCPROPERTYSINGLEVALUE('NX_DensitySource',$,IFCTEXT('From Design'),$);
#4299=IFCPROPERTYSINGLEVALUE('NX_Volume',$,IFCREAL(2469840.),$);
#4300=IFCPROPERTYSINGLEVALUE('NX_VolumeSource',$,IFCTEXT('From Design'),$);
#4301=IFCPROPERTYSINGLEVALUE('NX_Mass',$,IFCREAL(19.264772),$);
#4302=IFCPROPERTYSINGLEVALUE('NX_MassSource',$,IFCTEXT('From Design'),$);
#4303=IFCPROPERTYSINGLEVALUE('NX_Weight',$,IFCREAL(188.922882),$);
#4304=IFCPROPERTYSINGLEVALUE('NX_WeightSource',$,IFCTEXT('From Design'),$);
#4305=IFCPROPERTYSINGLEVALUE('NX_Area',$,IFCREAL(422497.5625),$);
#4306=IFCPROPERTYSINGLEVALUE('NX_AreaSource',$,IFCTEXT('From Design'),$);
#4307=IFCPROPERTYSINGLEVALUE('DB_SEED_PART_USED',$,IFCTEXT('@DB/M10000001/00'),$);
#4308=IFCPROPERTYSINGLEVALUE('PREPARED_BY',$,IFCTEXT('Gon\X2\00E7\X0\alves Junior, Paulo Roberto'),$);
#4309=IFCPROPERTYSINGLEVALUE('NX_ReferenceSet',$,IFCTEXT('MODEL'),$);
#4310=IFCPROPERTYSINGLEVALUE('NX_ComponentGroup',$,IFCTEXT('AllComponents'),$);
#4311=IFCPROPERTYSINGLEVALUE('LAYER',$,IFCTEXT('1'),$);
#4312=IFCPROPERTYSINGLEVALUE('DB_SEQUENCE_NO',$,IFCTEXT('80'),$);
#4313=IFCPROPERTYSINGLEVALUE('CALLOUT',$,IFCTEXT('80'),$);
#4314=IFCPROPERTYSINGLEVALUE('NUMBER_OF_REPORTS',$,IFCINTEGER(0),$);
#4315=IFCPROPERTYSINGLEVALUE('RECOMMENDED_PRESSURE',$,IFCREAL(0.),$);
#4316=IFCPROPERTYSINGLEVALUE('LOGICAL_ID',$,IFCTEXT(''),$);
#4317=IFCPROPERTYSINGLEVALUE('SPECIFICATION',$,IFCTEXT('None'),$);
#4318=IFCPROPERTYSINGLEVALUE('DISCIPLINE',$,IFCTEXT('Wiring'),$);
#4319=IFCPROPERTYSINGLEVALUE('PLibPartType',$,IFCINTEGER(0),$);
#4320=IFCPROPERTYSINGLEVALUE('EXISTING_PART_BLOCK',$,IFCINTEGER(1),$);
#4321=IFCPROPERTYSINGLEVALUE('NX_ComponentGroup',$,IFCTEXT('AllComponents'),$);
#4322=IFCPROPERTYSINGLEVALUE('NX_ReferenceSet',$,IFCTEXT('MODEL'),$);
#4323=IFCPROPERTYSINGLEVALUE('NX_AreaSource',$,IFCTEXT('From Design'),$);
#4324=IFCPROPERTYSINGLEVALUE('NX_Area',$,IFCREAL(422497.5625),$);
#4325=IFCPROPERTYSINGLEVALUE('NX_WeightSource',$,IFCTEXT('From Design'),$);
#4326=IFCPROPERTYSINGLEVALUE('NX_Weight',$,IFCREAL(188.922882),$);
#4327=IFCPROPERTYSINGLEVALUE('NX_MassSource',$,IFCTEXT('From Design'),$);
#4328=IFCPROPERTYSINGLEVALUE('NX_Mass',$,IFCREAL(19.264772),$);
#4329=IFCPROPERTYSINGLEVALUE('NX_VolumeSource',$,IFCTEXT('From Design'),$);
#4330=IFCPROPERTYSINGLEVALUE('NX_Volume',$,IFCREAL(2469840.),$);
#4331=IFCPROPERTYSINGLEVALUE('NX_DensitySource',$,IFCTEXT('From Design'),$);
#4332=IFCPROPERTYSINGLEVALUE('NX_Density',$,IFCREAL(7.8E-06),$);
#4333=IFCPROPERTYSINGLEVALUE('PREPARED_BY',$,IFCTEXT('Gon\X2\00E7\X0\alves Junior, Paulo Roberto'),$);
#4334=IFCPROPERTYSINGLEVALUE('ABB_PROJECT_NAME',$,IFCTEXT('SSE 2GW Frame Agreement'),$);
#4335=IFCPROPERTYSINGLEVALUE('Security Level',$,IFCTEXT('Confidential'),$);
#4336=IFCPROPERTYSINGLEVALUE('DB_SEED_PART_USED',$,IFCTEXT('@DB/M10000001/00'),$);
#4337=IFCPROPERTYSINGLEVALUE('ABB_MASS',$,IFCINTEGER(0),$);
#4338=IFCPROPERTYSINGLEVALUE('DB_PART_MFKID',$,IFCTEXT('1JNL9441111'),$);
#4339=IFCPROPERTYSINGLEVALUE('NX_MaterialMissingAssignments',$,IFCTEXT('TRUE'),$);
#4340=IFCPROPERTYSINGLEVALUE('NX_MaterialMultipleAssigned',$,IFCTEXT('FALSE'),$);
#4341=IFCPROPERTYSINGLEVALUE('ABB_UNIT',$,IFCTEXT('PC'),$);
#4342=IFCPROPERTYSINGLEVALUE('ABB_DIMENSION',$,IFCTEXT(''),$);
#4343=IFCPROPERTYSINGLEVALUE('ABB_RESPONSIBLE_DEPT',$,IFCTEXT('PGDC/TPE'),$);
#4344=IFCPROPERTYSINGLEVALUE('WEIGHT',$,IFCTEXT('0'),$);
#4345=IFCPROPERTYSINGLEVALUE('ABB_CLASSIFICATION_Y',$,IFCTEXT('27'),$);
#4346=IFCPROPERTYSINGLEVALUE('ABB_APPLICATION',$,IFCTEXT(''),$);
#4347=IFCPROPERTYSINGLEVALUE('ABB_LIWL',$,IFCTEXT('N/A'),$);
#4348=IFCPROPERTYSINGLEVALUE('ABB_MTRL_TYPE',$,IFCTEXT(''),$);
#4349=IFCPROPERTYSINGLEVALUE('ABB_NOTE',$,IFCTEXT(''),$);
#4350=IFCPROPERTYSINGLEVALUE('ABB_RATED_CURRENT',$,IFCTEXT('0'),$);
#4351=IFCPROPERTYSINGLEVALUE('ABB_RATED_VOLTAGE',$,IFCTEXT('0'),$);
#4352=IFCPROPERTYSINGLEVALUE('ABB_SUPPLIER',$,IFCTEXT('N/A'),$);
#4353=IFCPROPERTYSINGLEVALUE('DB_PART_DESC',$,IFCTEXT('-'),$);
#4354=IFCPROPERTYSINGLEVALUE('DB_PART_NO',$,IFCTEXT('1JNL9441111'),$);
#4355=IFCPROPERTYSINGLEVALUE('DB_PART_REV',$,IFCTEXT('A'),$);
#4356=IFCPROPERTYSINGLEVALUE('DB_PART_TYPE',$,IFCTEXT('ABB4HVDCDesign'),$);
#4357=IFCPROPERTYSINGLEVALUE('DB_PART_NAME',$,IFCTEXT('Cable Ladder 90 450'),$);
#4358=IFCPROPERTYSINGLEVALUE('LAYER',$,IFCTEXT('1'),$);
#4359=IFCPROPERTYSINGLEVALUE('Name',$,IFCTEXT('1JNL9442633_A-Cable Ladder MVS'),$);
#4360=IFCPROPERTYSINGLEVALUE('WEIGHT',$,IFCTEXT('0'),$);
#4361=IFCPROPERTYSINGLEVALUE('DB_PART_NAME',$,IFCTEXT('Cable Ladder MVS'),$);
#4362=IFCPROPERTYSINGLEVALUE('DB_PART_TYPE',$,IFCTEXT('ABB4HVDCDesign'),$);
#4363=IFCPROPERTYSINGLEVALUE('DB_PART_NO',$,IFCTEXT('1JNL9442633'),$);
#4364=IFCPROPERTYSINGLEVALUE('DB_PART_DESC',$,IFCTEXT('-'),$);
#4365=IFCPROPERTYSINGLEVALUE('DB_PART_MFKID',$,IFCTEXT('1JNL9442633'),$);
#4366=IFCPROPERTYSINGLEVALUE('DB_PART_REV',$,IFCTEXT('A'),$);
#4367=IFCPROPERTYSINGLEVALUE('ABB_SUPPLIER',$,IFCTEXT('N/A'),$);
#4368=IFCPROPERTYSINGLEVALUE('ABB_RATED_VOLTAGE',$,IFCTEXT('0'),$);
#4369=IFCPROPERTYSINGLEVALUE('ABB_RATED_CURRENT',$,IFCTEXT('0'),$);
#4370=IFCPROPERTYSINGLEVALUE('ABB_NOTE',$,IFCTEXT(''),$);
#4371=IFCPROPERTYSINGLEVALUE('ABB_MTRL_TYPE',$,IFCTEXT(''),$);
#4372=IFCPROPERTYSINGLEVALUE('ABB_LIWL',$,IFCTEXT('N/A'),$);
#4373=IFCPROPERTYSINGLEVALUE('ABB_APPLICATION',$,IFCTEXT(''),$);
#4374=IFCPROPERTYSINGLEVALUE('ABB_CLASSIFICATION_Y',$,IFCTEXT('27'),$);
#4375=IFCPROPERTYSINGLEVALUE('ABB_RESPONSIBLE_DEPT',$,IFCTEXT('PGDC/TPE'),$);
#4376=IFCPROPERTYSINGLEVALUE('ABB_DIMENSION',$,IFCTEXT(''),$);
#4377=IFCPROPERTYSINGLEVALUE('ABB_MASS',$,IFCINTEGER(0),$);
#4378=IFCPROPERTYSINGLEVALUE('Security Level',$,IFCTEXT('Confidential'),$);
#4379=IFCPROPERTYSINGLEVALUE('ABB_PROJECT_NAME',$,IFCTEXT('SSE 2GW Frame Agreement'),$);
#4380=IFCPROPERTYSINGLEVALUE('ABB_UNIT',$,IFCTEXT('PC'),$);
#4381=IFCPROPERTYSINGLEVALUE('NX_MaterialMultipleAssigned',$,IFCTEXT('FALSE'),$);
#4382=IFCPROPERTYSINGLEVALUE('NX_MaterialMissingAssignments',$,IFCTEXT('TRUE'),$);
#4383=IFCPROPERTYSINGLEVALUE('NX_Density',$,IFCREAL(7.8E-06),$);
#4384=IFCPROPERTYSINGLEVALUE('NX_DensitySource',$,IFCTEXT('From Design'),$);
#4385=IFCPROPERTYSINGLEVALUE('NX_Volume',$,IFCREAL(10725100.),$);
#4386=IFCPROPERTYSINGLEVALUE('NX_VolumeSource',$,IFCTEXT('From Design'),$);
#4387=IFCPROPERTYSINGLEVALUE('NX_Mass',$,IFCREAL(83.655502),$);
#4388=IFCPROPERTYSINGLEVALUE('NX_MassSource',$,IFCTEXT('From Design'),$);
#4389=IFCPROPERTYSINGLEVALUE('NX_Weight',$,IFCREAL(820.380188),$);
#4390=IFCPROPERTYSINGLEVALUE('NX_WeightSource',$,IFCTEXT('From Design'),$);
#4391=IFCPROPERTYSINGLEVALUE('NX_Area',$,IFCREAL(1711200.),$);
#4392=IFCPROPERTYSINGLEVALUE('NX_AreaSource',$,IFCTEXT('From Design'),$);
#4393=IFCPROPERTYSINGLEVALUE('DB_SEED_PART_USED',$,IFCTEXT('@DB/M10000001/00'),$);
#4394=IFCPROPERTYSINGLEVALUE('PREPARED_BY',$,IFCTEXT('Gon\X2\00E7\X0\alves Junior, Paulo Roberto'),$);
#4395=IFCPROPERTYSINGLEVALUE('NX_ReferenceSet',$,IFCTEXT('MODEL'),$);
#4396=IFCPROPERTYSINGLEVALUE('NX_ComponentGroup',$,IFCTEXT('AllComponents'),$);
#4397=IFCPROPERTYSINGLEVALUE('LAYER',$,IFCTEXT('1'),$);
#4398=IFCPROPERTYSINGLEVALUE('DB_SEQUENCE_NO',$,IFCTEXT('30'),$);
#4399=IFCPROPERTYSINGLEVALUE('CALLOUT',$,IFCTEXT('30'),$);
#4400=IFCPROPERTYSINGLEVALUE('NUMBER_OF_REPORTS',$,IFCINTEGER(0),$);
#4401=IFCPROPERTYSINGLEVALUE('RECOMMENDED_PRESSURE',$,IFCREAL(0.),$);
#4402=IFCPROPERTYSINGLEVALUE('LOGICAL_ID',$,IFCTEXT(''),$);
#4403=IFCPROPERTYSINGLEVALUE('SPECIFICATION',$,IFCTEXT('None'),$);
#4404=IFCPROPERTYSINGLEVALUE('DISCIPLINE',$,IFCTEXT('Wiring'),$);
#4405=IFCPROPERTYSINGLEVALUE('PLibPartType',$,IFCINTEGER(0),$);
#4406=IFCPROPERTYSINGLEVALUE('NX_ComponentGroup',$,IFCTEXT('AllComponents'),$);
#4407=IFCPROPERTYSINGLEVALUE('NX_ReferenceSet',$,IFCTEXT('MODEL'),$);
#4408=IFCPROPERTYSINGLEVALUE('NX_AreaSource',$,IFCTEXT('From Design'),$);
#4409=IFCPROPERTYSINGLEVALUE('NX_Area',$,IFCREAL(1711200.),$);
#4410=IFCPROPERTYSINGLEVALUE('NX_WeightSource',$,IFCTEXT('From Design'),$);
#4411=IFCPROPERTYSINGLEVALUE('NX_Weight',$,IFCREAL(820.380188),$);
#4412=IFCPROPERTYSINGLEVALUE('NX_MassSource',$,IFCTEXT('From Design'),$);
#4413=IFCPROPERTYSINGLEVALUE('NX_Mass',$,IFCREAL(83.655502),$);
#4414=IFCPROPERTYSINGLEVALUE('NX_VolumeSource',$,IFCTEXT('From Design'),$);
#4415=IFCPROPERTYSINGLEVALUE('NX_Volume',$,IFCREAL(10725100.),$);
#4416=IFCPROPERTYSINGLEVALUE('NX_DensitySource',$,IFCTEXT('From Design'),$);
#4417=IFCPROPERTYSINGLEVALUE('NX_Density',$,IFCREAL(7.8E-06),$);
#4418=IFCPROPERTYSINGLEVALUE('PREPARED_BY',$,IFCTEXT('Gon\X2\00E7\X0\alves Junior, Paulo Roberto'),$);
#4419=IFCPROPERTYSINGLEVALUE('ABB_PROJECT_NAME',$,IFCTEXT('SSE 2GW Frame Agreement'),$);
#4420=IFCPROPERTYSINGLEVALUE('Security Level',$,IFCTEXT('Confidential'),$);
#4421=IFCPROPERTYSINGLEVALUE('DB_SEED_PART_USED',$,IFCTEXT('@DB/M10000001/00'),$);
#4422=IFCPROPERTYSINGLEVALUE('ABB_MASS',$,IFCINTEGER(0),$);
#4423=IFCPROPERTYSINGLEVALUE('DB_PART_MFKID',$,IFCTEXT('1JNL9442633'),$);
#4424=IFCPROPERTYSINGLEVALUE('NX_MaterialMissingAssignments',$,IFCTEXT('TRUE'),$);
#4425=IFCPROPERTYSINGLEVALUE('NX_MaterialMultipleAssigned',$,IFCTEXT('FALSE'),$);
#4426=IFCPROPERTYSINGLEVALUE('ABB_UNIT',$,IFCTEXT('PC'),$);
#4427=IFCPROPERTYSINGLEVALUE('ABB_DIMENSION',$,IFCTEXT(''),$);
#4428=IFCPROPERTYSINGLEVALUE('ABB_RESPONSIBLE_DEPT',$,IFCTEXT('PGDC/TPE'),$);
#4429=IFCPROPERTYSINGLEVALUE('WEIGHT',$,IFCTEXT('0'),$);
#4430=IFCPROPERTYSINGLEVALUE('ABB_CLASSIFICATION_Y',$,IFCTEXT('27'),$);
#4431=IFCPROPERTYSINGLEVALUE('ABB_APPLICATION',$,IFCTEXT(''),$);
#4432=IFCPROPERTYSINGLEVALUE('ABB_LIWL',$,IFCTEXT('N/A'),$);
#4433=IFCPROPERTYSINGLEVALUE('ABB_MTRL_TYPE',$,IFCTEXT(''),$);
#4434=IFCPROPERTYSINGLEVALUE('ABB_NOTE',$,IFCTEXT(''),$);
#4435=IFCPROPERTYSINGLEVALUE('ABB_RATED_CURRENT',$,IFCTEXT('0'),$);
#4436=IFCPROPERTYSINGLEVALUE('ABB_RATED_VOLTAGE',$,IFCTEXT('0'),$);
#4437=IFCPROPERTYSINGLEVALUE('ABB_SUPPLIER',$,IFCTEXT('N/A'),$);
#4438=IFCPROPERTYSINGLEVALUE('DB_PART_DESC',$,IFCTEXT('-'),$);
#4439=IFCPROPERTYSINGLEVALUE('DB_PART_NO',$,IFCTEXT('1JNL9442633'),$);
#4440=IFCPROPERTYSINGLEVALUE('DB_PART_REV',$,IFCTEXT('A'),$);
#4441=IFCPROPERTYSINGLEVALUE('DB_PART_TYPE',$,IFCTEXT('ABB4HVDCDesign'),$);
#4442=IFCPROPERTYSINGLEVALUE('DB_PART_NAME',$,IFCTEXT('Cable Ladder MVS'),$);
#4443=IFCPROPERTYSINGLEVALUE('LAYER',$,IFCTEXT('1'),$);
#4444=IFCPROPERTYSINGLEVALUE('Name',$,IFCTEXT('1JNL9442631_A-Cable Ladder MVS'),$);
#4445=IFCPROPERTYSINGLEVALUE('WEIGHT',$,IFCTEXT('0'),$);
#4446=IFCPROPERTYSINGLEVALUE('DB_PART_NAME',$,IFCTEXT('Cable Ladder MVS'),$);
#4447=IFCPROPERTYSINGLEVALUE('DB_PART_TYPE',$,IFCTEXT('ABB4HVDCDesign'),$);
#4448=IFCPROPERTYSINGLEVALUE('DB_PART_NO',$,IFCTEXT('1JNL9442631'),$);
#4449=IFCPROPERTYSINGLEVALUE('DB_PART_DESC',$,IFCTEXT('-'),$);
#4450=IFCPROPERTYSINGLEVALUE('DB_PART_MFKID',$,IFCTEXT('1JNL9442631'),$);
#4451=IFCPROPERTYSINGLEVALUE('DB_PART_REV',$,IFCTEXT('A'),$);
#4452=IFCPROPERTYSINGLEVALUE('ABB_SUPPLIER',$,IFCTEXT('N/A'),$);
#4453=IFCPROPERTYSINGLEVALUE('ABB_RATED_VOLTAGE',$,IFCTEXT('0'),$);
#4454=IFCPROPERTYSINGLEVALUE('ABB_RATED_CURRENT',$,IFCTEXT('0'),$);
#4455=IFCPROPERTYSINGLEVALUE('ABB_NOTE',$,IFCTEXT(''),$);
#4456=IFCPROPERTYSINGLEVALUE('ABB_MTRL_TYPE',$,IFCTEXT(''),$);
#4457=IFCPROPERTYSINGLEVALUE('ABB_LIWL',$,IFCTEXT('N/A'),$);
#4458=IFCPROPERTYSINGLEVALUE('ABB_APPLICATION',$,IFCTEXT(''),$);
#4459=IFCPROPERTYSINGLEVALUE('ABB_CLASSIFICATION_Y',$,IFCTEXT('27'),$);
#4460=IFCPROPERTYSINGLEVALUE('ABB_RESPONSIBLE_DEPT',$,IFCTEXT('PGDC/TPE'),$);
#4461=IFCPROPERTYSINGLEVALUE('ABB_DIMENSION',$,IFCTEXT(''),$);
#4462=IFCPROPERTYSINGLEVALUE('ABB_MASS',$,IFCINTEGER(0),$);
#4463=IFCPROPERTYSINGLEVALUE('Security Level',$,IFCTEXT('Confidential'),$);
#4464=IFCPROPERTYSINGLEVALUE('ABB_PROJECT_NAME',$,IFCTEXT('SSE 2GW Frame Agreement'),$);
#4465=IFCPROPERTYSINGLEVALUE('ABB_UNIT',$,IFCTEXT('PC'),$);
#4466=IFCPROPERTYSINGLEVALUE('NX_MaterialMultipleAssigned',$,IFCTEXT('FALSE'),$);
#4467=IFCPROPERTYSINGLEVALUE('NX_MaterialMissingAssignments',$,IFCTEXT('TRUE'),$);
#4468=IFCPROPERTYSINGLEVALUE('NX_Density',$,IFCREAL(7.8E-06),$);
#4469=IFCPROPERTYSINGLEVALUE('NX_DensitySource',$,IFCTEXT('From Design'),$);
#4470=IFCPROPERTYSINGLEVALUE('NX_Volume',$,IFCREAL(2344410.),$);
#4471=IFCPROPERTYSINGLEVALUE('NX_VolumeSource',$,IFCTEXT('From Design'),$);
#4472=IFCPROPERTYSINGLEVALUE('NX_Mass',$,IFCREAL(18.286425),$);
#4473=IFCPROPERTYSINGLEVALUE('NX_MassSource',$,IFCTEXT('From Design'),$);
#4474=IFCPROPERTYSINGLEVALUE('NX_Weight',$,IFCREAL(179.328568),$);
#4475=IFCPROPERTYSINGLEVALUE('NX_WeightSource',$,IFCTEXT('From Design'),$);
#4476=IFCPROPERTYSINGLEVALUE('NX_Area',$,IFCREAL(370824.71875),$);
#4477=IFCPROPERTYSINGLEVALUE('NX_AreaSource',$,IFCTEXT('From Design'),$);
#4478=IFCPROPERTYSINGLEVALUE('DB_SEED_PART_USED',$,IFCTEXT('@DB/M10000001/00'),$);
#4479=IFCPROPERTYSINGLEVALUE('PREPARED_BY',$,IFCTEXT('Gon\X2\00E7\X0\alves Junior, Paulo Roberto'),$);
#4480=IFCPROPERTYSINGLEVALUE('NX_ReferenceSet',$,IFCTEXT('MODEL'),$);
#4481=IFCPROPERTYSINGLEVALUE('NX_ComponentGroup',$,IFCTEXT('AllComponents'),$);
#4482=IFCPROPERTYSINGLEVALUE('LAYER',$,IFCTEXT('1'),$);
#4483=IFCPROPERTYSINGLEVALUE('DB_SEQUENCE_NO',$,IFCTEXT('60'),$);
#4484=IFCPROPERTYSINGLEVALUE('CALLOUT',$,IFCTEXT('60'),$);
#4485=IFCPROPERTYSINGLEVALUE('PLibPartType',$,IFCINTEGER(0),$);
#4486=IFCPROPERTYSINGLEVALUE('DISCIPLINE',$,IFCTEXT('Wiring'),$);
#4487=IFCPROPERTYSINGLEVALUE('SPECIFICATION',$,IFCTEXT('None'),$);
#4488=IFCPROPERTYSINGLEVALUE('LOGICAL_ID',$,IFCTEXT(''),$);
#4489=IFCPROPERTYSINGLEVALUE('RECOMMENDED_PRESSURE',$,IFCREAL(0.),$);
#4490=IFCPROPERTYSINGLEVALUE('NUMBER_OF_REPORTS',$,IFCINTEGER(0),$);
#4491=IFCPROPERTYSINGLEVALUE('NX_ComponentGroup',$,IFCTEXT('AllComponents'),$);
#4492=IFCPROPERTYSINGLEVALUE('NX_ReferenceSet',$,IFCTEXT('MODEL'),$);
#4493=IFCPROPERTYSINGLEVALUE('NX_AreaSource',$,IFCTEXT('From Design'),$);
#4494=IFCPROPERTYSINGLEVALUE('NX_Area',$,IFCREAL(370824.71875),$);
#4495=IFCPROPERTYSINGLEVALUE('NX_WeightSource',$,IFCTEXT('From Design'),$);
#4496=IFCPROPERTYSINGLEVALUE('NX_Weight',$,IFCREAL(179.328568),$);
#4497=IFCPROPERTYSINGLEVALUE('NX_MassSource',$,IFCTEXT('From Design'),$);
#4498=IFCPROPERTYSINGLEVALUE('NX_Mass',$,IFCREAL(18.286425),$);
#4499=IFCPROPERTYSINGLEVALUE('NX_VolumeSource',$,IFCTEXT('From Design'),$);
#4500=IFCPROPERTYSINGLEVALUE('NX_Volume',$,IFCREAL(2344410.),$);
#4501=IFCPROPERTYSINGLEVALUE('NX_DensitySource',$,IFCTEXT('From Design'),$);
#4502=IFCPROPERTYSINGLEVALUE('NX_Density',$,IFCREAL(7.8E-06),$);
#4503=IFCPROPERTYSINGLEVALUE('PREPARED_BY',$,IFCTEXT('Gon\X2\00E7\X0\alves Junior, Paulo Roberto'),$);
#4504=IFCPROPERTYSINGLEVALUE('ABB_PROJECT_NAME',$,IFCTEXT('SSE 2GW Frame Agreement'),$);
#4505=IFCPROPERTYSINGLEVALUE('Security Level',$,IFCTEXT('Confidential'),$);
#4506=IFCPROPERTYSINGLEVALUE('DB_SEED_PART_USED',$,IFCTEXT('@DB/M10000001/00'),$);
#4507=IFCPROPERTYSINGLEVALUE('ABB_MASS',$,IFCINTEGER(0),$);
#4508=IFCPROPERTYSINGLEVALUE('DB_PART_MFKID',$,IFCTEXT('1JNL9442631'),$);
#4509=IFCPROPERTYSINGLEVALUE('NX_MaterialMissingAssignments',$,IFCTEXT('TRUE'),$);
#4510=IFCPROPERTYSINGLEVALUE('NX_MaterialMultipleAssigned',$,IFCTEXT('FALSE'),$);
#4511=IFCPROPERTYSINGLEVALUE('ABB_UNIT',$,IFCTEXT('PC'),$);
#4512=IFCPROPERTYSINGLEVALUE('ABB_DIMENSION',$,IFCTEXT(''),$);
#4513=IFCPROPERTYSINGLEVALUE('ABB_RESPONSIBLE_DEPT',$,IFCTEXT('PGDC/TPE'),$);
#4514=IFCPROPERTYSINGLEVALUE('WEIGHT',$,IFCTEXT('0'),$);
#4515=IFCPROPERTYSINGLEVALUE('ABB_CLASSIFICATION_Y',$,IFCTEXT('27'),$);
#4516=IFCPROPERTYSINGLEVALUE('ABB_APPLICATION',$,IFCTEXT(''),$);
#4517=IFCPROPERTYSINGLEVALUE('ABB_LIWL',$,IFCTEXT('N/A'),$);
#4518=IFCPROPERTYSINGLEVALUE('ABB_MTRL_TYPE',$,IFCTEXT(''),$);
#4519=IFCPROPERTYSINGLEVALUE('ABB_NOTE',$,IFCTEXT(''),$);
#4520=IFCPROPERTYSINGLEVALUE('ABB_RATED_CURRENT',$,IFCTEXT('0'),$);
#4521=IFCPROPERTYSINGLEVALUE('ABB_RATED_VOLTAGE',$,IFCTEXT('0'),$);
#4522=IFCPROPERTYSINGLEVALUE('ABB_SUPPLIER',$,IFCTEXT('N/A'),$);
#4523=IFCPROPERTYSINGLEVALUE('DB_PART_DESC',$,IFCTEXT('-'),$);
#4524=IFCPROPERTYSINGLEVALUE('DB_PART_NO',$,IFCTEXT('1JNL9442631'),$);
#4525=IFCPROPERTYSINGLEVALUE('DB_PART_REV',$,IFCTEXT('A'),$);
#4526=IFCPROPERTYSINGLEVALUE('DB_PART_TYPE',$,IFCTEXT('ABB4HVDCDesign'),$);
#4527=IFCPROPERTYSINGLEVALUE('DB_PART_NAME',$,IFCTEXT('Cable Ladder MVS'),$);
#4528=IFCPROPERTYSINGLEVALUE('LAYER',$,IFCTEXT('1'),$);
#4529=IFCPROPERTYSINGLEVALUE('Name',$,IFCTEXT('1JNL9442631_A-Cable Ladder MVS'),$);
#4530=IFCPROPERTYSINGLEVALUE('WEIGHT',$,IFCTEXT('0'),$);
#4531=IFCPROPERTYSINGLEVALUE('DB_PART_NAME',$,IFCTEXT('Cable Ladder MVS'),$);
#4532=IFCPROPERTYSINGLEVALUE('DB_PART_TYPE',$,IFCTEXT('ABB4HVDCDesign'),$);
#4533=IFCPROPERTYSINGLEVALUE('DB_PART_NO',$,IFCTEXT('1JNL9442631'),$);
#4534=IFCPROPERTYSINGLEVALUE('DB_PART_DESC',$,IFCTEXT('-'),$);
#4535=IFCPROPERTYSINGLEVALUE('DB_PART_MFKID',$,IFCTEXT('1JNL9442631'),$);
#4536=IFCPROPERTYSINGLEVALUE('DB_PART_REV',$,IFCTEXT('A'),$);
#4537=IFCPROPERTYSINGLEVALUE('ABB_SUPPLIER',$,IFCTEXT('N/A'),$);
#4538=IFCPROPERTYSINGLEVALUE('ABB_RATED_VOLTAGE',$,IFCTEXT('0'),$);
#4539=IFCPROPERTYSINGLEVALUE('ABB_RATED_CURRENT',$,IFCTEXT('0'),$);
#4540=IFCPROPERTYSINGLEVALUE('ABB_NOTE',$,IFCTEXT(''),$);
#4541=IFCPROPERTYSINGLEVALUE('ABB_MTRL_TYPE',$,IFCTEXT(''),$);
#4542=IFCPROPERTYSINGLEVALUE('ABB_LIWL',$,IFCTEXT('N/A'),$);
#4543=IFCPROPERTYSINGLEVALUE('ABB_APPLICATION',$,IFCTEXT(''),$);
#4544=IFCPROPERTYSINGLEVALUE('ABB_CLASSIFICATION_Y',$,IFCTEXT('27'),$);
#4545=IFCPROPERTYSINGLEVALUE('ABB_RESPONSIBLE_DEPT',$,IFCTEXT('PGDC/TPE'),$);
#4546=IFCPROPERTYSINGLEVALUE('ABB_DIMENSION',$,IFCTEXT(''),$);
#4547=IFCPROPERTYSINGLEVALUE('ABB_MASS',$,IFCINTEGER(0),$);
#4548=IFCPROPERTYSINGLEVALUE('Security Level',$,IFCTEXT('Confidential'),$);
#4549=IFCPROPERTYSINGLEVALUE('ABB_PROJECT_NAME',$,IFCTEXT('SSE 2GW Frame Agreement'),$);
#4550=IFCPROPERTYSINGLEVALUE('ABB_UNIT',$,IFCTEXT('PC'),$);
#4551=IFCPROPERTYSINGLEVALUE('NX_MaterialMultipleAssigned',$,IFCTEXT('FALSE'),$);
#4552=IFCPROPERTYSINGLEVALUE('NX_MaterialMissingAssignments',$,IFCTEXT('TRUE'),$);
#4553=IFCPROPERTYSINGLEVALUE('NX_Density',$,IFCREAL(7.8E-06),$);
#4554=IFCPROPERTYSINGLEVALUE('NX_DensitySource',$,IFCTEXT('From Design'),$);
#4555=IFCPROPERTYSINGLEVALUE('NX_Volume',$,IFCREAL(2344410.),$);
#4556=IFCPROPERTYSINGLEVALUE('NX_VolumeSource',$,IFCTEXT('From Design'),$);
#4557=IFCPROPERTYSINGLEVALUE('NX_Mass',$,IFCREAL(18.286425),$);
#4558=IFCPROPERTYSINGLEVALUE('NX_MassSource',$,IFCTEXT('From Design'),$);
#4559=IFCPROPERTYSINGLEVALUE('NX_Weight',$,IFCREAL(179.328568),$);
#4560=IFCPROPERTYSINGLEVALUE('NX_WeightSource',$,IFCTEXT('From Design'),$);
#4561=IFCPROPERTYSINGLEVALUE('NX_Area',$,IFCREAL(370824.71875),$);
#4562=IFCPROPERTYSINGLEVALUE('NX_AreaSource',$,IFCTEXT('From Design'),$);
#4563=IFCPROPERTYSINGLEVALUE('DB_SEED_PART_USED',$,IFCTEXT('@DB/M10000001/00'),$);
#4564=IFCPROPERTYSINGLEVALUE('PREPARED_BY',$,IFCTEXT('Gon\X2\00E7\X0\alves Junior, Paulo Roberto'),$);
#4565=IFCPROPERTYSINGLEVALUE('NX_ReferenceSet',$,IFCTEXT('MODEL'),$);
#4566=IFCPROPERTYSINGLEVALUE('NX_ComponentGroup',$,IFCTEXT('AllComponents'),$);
#4567=IFCPROPERTYSINGLEVALUE('LAYER',$,IFCTEXT('1'),$);
#4568=IFCPROPERTYSINGLEVALUE('DB_SEQUENCE_NO',$,IFCTEXT('110'),$);
#4569=IFCPROPERTYSINGLEVALUE('CALLOUT',$,IFCTEXT('110'),$);
#4570=IFCPROPERTYSINGLEVALUE('NUMBER_OF_REPORTS',$,IFCINTEGER(0),$);
#4571=IFCPROPERTYSINGLEVALUE('RECOMMENDED_PRESSURE',$,IFCREAL(0.),$);
#4572=IFCPROPERTYSINGLEVALUE('LOGICAL_ID',$,IFCTEXT(''),$);
#4573=IFCPROPERTYSINGLEVALUE('SPECIFICATION',$,IFCTEXT('None'),$);
#4574=IFCPROPERTYSINGLEVALUE('DISCIPLINE',$,IFCTEXT('Wiring'),$);
#4575=IFCPROPERTYSINGLEVALUE('PLibPartType',$,IFCINTEGER(0),$);
#4576=IFCPROPERTYSINGLEVALUE('NX_ComponentGroup',$,IFCTEXT('AllComponents'),$);
#4577=IFCPROPERTYSINGLEVALUE('NX_ReferenceSet',$,IFCTEXT('MODEL'),$);
#4578=IFCPROPERTYSINGLEVALUE('NX_AreaSource',$,IFCTEXT('From Design'),$);
#4579=IFCPROPERTYSINGLEVALUE('NX_Area',$,IFCREAL(370824.71875),$);
#4580=IFCPROPERTYSINGLEVALUE('NX_WeightSource',$,IFCTEXT('From Design'),$);
#4581=IFCPROPERTYSINGLEVALUE('NX_Weight',$,IFCREAL(179.328568),$);
#4582=IFCPROPERTYSINGLEVALUE('NX_MassSource',$,IFCTEXT('From Design'),$);
#4583=IFCPROPERTYSINGLEVALUE('NX_Mass',$,IFCREAL(18.286425),$);
#4584=IFCPROPERTYSINGLEVALUE('NX_VolumeSource',$,IFCTEXT('From Design'),$);
#4585=IFCPROPERTYSINGLEVALUE('NX_Volume',$,IFCREAL(2344410.),$);
#4586=IFCPROPERTYSINGLEVALUE('NX_DensitySource',$,IFCTEXT('From Design'),$);
#4587=IFCPROPERTYSINGLEVALUE('NX_Density',$,IFCREAL(7.8E-06),$);
#4588=IFCPROPERTYSINGLEVALUE('PREPARED_BY',$,IFCTEXT('Gon\X2\00E7\X0\alves Junior, Paulo Roberto'),$);
#4589=IFCPROPERTYSINGLEVALUE('ABB_PROJECT_NAME',$,IFCTEXT('SSE 2GW Frame Agreement'),$);
#4590=IFCPROPERTYSINGLEVALUE('Security Level',$,IFCTEXT('Confidential'),$);
#4591=IFCPROPERTYSINGLEVALUE('DB_SEED_PART_USED',$,IFCTEXT('@DB/M10000001/00'),$);
#4592=IFCPROPERTYSINGLEVALUE('ABB_MASS',$,IFCINTEGER(0),$);
#4593=IFCPROPERTYSINGLEVALUE('DB_PART_MFKID',$,IFCTEXT('1JNL9442631'),$);
#4594=IFCPROPERTYSINGLEVALUE('NX_MaterialMissingAssignments',$,IFCTEXT('TRUE'),$);
#4595=IFCPROPERTYSINGLEVALUE('NX_MaterialMultipleAssigned',$,IFCTEXT('FALSE'),$);
#4596=IFCPROPERTYSINGLEVALUE('ABB_UNIT',$,IFCTEXT('PC'),$);
#4597=IFCPROPERTYSINGLEVALUE('ABB_DIMENSION',$,IFCTEXT(''),$);
#4598=IFCPROPERTYSINGLEVALUE('ABB_RESPONSIBLE_DEPT',$,IFCTEXT('PGDC/TPE'),$);
#4599=IFCPROPERTYSINGLEVALUE('WEIGHT',$,IFCTEXT('0'),$);
#4600=IFCPROPERTYSINGLEVALUE('ABB_CLASSIFICATION_Y',$,IFCTEXT('27'),$);
#4601=IFCPROPERTYSINGLEVALUE('ABB_APPLICATION',$,IFCTEXT(''),$);
#4602=IFCPROPERTYSINGLEVALUE('ABB_LIWL',$,IFCTEXT('N/A'),$);
#4603=IFCPROPERTYSINGLEVALUE('ABB_MTRL_TYPE',$,IFCTEXT(''),$);
#4604=IFCPROPERTYSINGLEVALUE('ABB_NOTE',$,IFCTEXT(''),$);
#4605=IFCPROPERTYSINGLEVALUE('ABB_RATED_CURRENT',$,IFCTEXT('0'),$);
#4606=IFCPROPERTYSINGLEVALUE('ABB_RATED_VOLTAGE',$,IFCTEXT('0'),$);
#4607=IFCPROPERTYSINGLEVALUE('ABB_SUPPLIER',$,IFCTEXT('N/A'),$);
#4608=IFCPROPERTYSINGLEVALUE('DB_PART_DESC',$,IFCTEXT('-'),$);
#4609=IFCPROPERTYSINGLEVALUE('DB_PART_NO',$,IFCTEXT('1JNL9442631'),$);
#4610=IFCPROPERTYSINGLEVALUE('DB_PART_REV',$,IFCTEXT('A'),$);
#4611=IFCPROPERTYSINGLEVALUE('DB_PART_TYPE',$,IFCTEXT('ABB4HVDCDesign'),$);
#4612=IFCPROPERTYSINGLEVALUE('DB_PART_NAME',$,IFCTEXT('Cable Ladder MVS'),$);
#4613=IFCPROPERTYSINGLEVALUE('LAYER',$,IFCTEXT('1'),$);
#4614=IFCPROPERTYSINGLEVALUE('Name',$,IFCTEXT('1JNL9441111_A-Cable Ladder 90 450'),$);
#4615=IFCPROPERTYSINGLEVALUE('WEIGHT',$,IFCTEXT('0'),$);
#4616=IFCPROPERTYSINGLEVALUE('DB_PART_NAME',$,IFCTEXT('Cable Ladder 90 450'),$);
#4617=IFCPROPERTYSINGLEVALUE('DB_PART_TYPE',$,IFCTEXT('ABB4HVDCDesign'),$);
#4618=IFCPROPERTYSINGLEVALUE('DB_PART_NO',$,IFCTEXT('1JNL9441111'),$);
#4619=IFCPROPERTYSINGLEVALUE('DB_PART_DESC',$,IFCTEXT('-'),$);
#4620=IFCPROPERTYSINGLEVALUE('DB_PART_MFKID',$,IFCTEXT('1JNL9441111'),$);
#4621=IFCPROPERTYSINGLEVALUE('DB_PART_REV',$,IFCTEXT('A'),$);
#4622=IFCPROPERTYSINGLEVALUE('ABB_SUPPLIER',$,IFCTEXT('N/A'),$);
#4623=IFCPROPERTYSINGLEVALUE('ABB_RATED_VOLTAGE',$,IFCTEXT('0'),$);
#4624=IFCPROPERTYSINGLEVALUE('ABB_RATED_CURRENT',$,IFCTEXT('0'),$);
#4625=IFCPROPERTYSINGLEVALUE('ABB_NOTE',$,IFCTEXT(''),$);
#4626=IFCPROPERTYSINGLEVALUE('ABB_MTRL_TYPE',$,IFCTEXT(''),$);
#4627=IFCPROPERTYSINGLEVALUE('ABB_LIWL',$,IFCTEXT('N/A'),$);
#4628=IFCPROPERTYSINGLEVALUE('ABB_APPLICATION',$,IFCTEXT(''),$);
#4629=IFCPROPERTYSINGLEVALUE('ABB_CLASSIFICATION_Y',$,IFCTEXT('27'),$);
#4630=IFCPROPERTYSINGLEVALUE('ABB_RESPONSIBLE_DEPT',$,IFCTEXT('PGDC/TPE'),$);
#4631=IFCPROPERTYSINGLEVALUE('ABB_DIMENSION',$,IFCTEXT(''),$);
#4632=IFCPROPERTYSINGLEVALUE('ABB_MASS',$,IFCINTEGER(0),$);
#4633=IFCPROPERTYSINGLEVALUE('Security Level',$,IFCTEXT('Confidential'),$);
#4634=IFCPROPERTYSINGLEVALUE('ABB_PROJECT_NAME',$,IFCTEXT('SSE 2GW Frame Agreement'),$);
#4635=IFCPROPERTYSINGLEVALUE('ABB_UNIT',$,IFCTEXT('PC'),$);
#4636=IFCPROPERTYSINGLEVALUE('NX_MaterialMultipleAssigned',$,IFCTEXT('FALSE'),$);
#4637=IFCPROPERTYSINGLEVALUE('NX_MaterialMissingAssignments',$,IFCTEXT('TRUE'),$);
#4638=IFCPROPERTYSINGLEVALUE('NX_Density',$,IFCREAL(7.8E-06),$);
#4639=IFCPROPERTYSINGLEVALUE('NX_DensitySource',$,IFCTEXT('From Design'),$);
#4640=IFCPROPERTYSINGLEVALUE('NX_Volume',$,IFCREAL(2469840.),$);
#4641=IFCPROPERTYSINGLEVALUE('NX_VolumeSource',$,IFCTEXT('From Design'),$);
#4642=IFCPROPERTYSINGLEVALUE('NX_Mass',$,IFCREAL(19.264772),$);
#4643=IFCPROPERTYSINGLEVALUE('NX_MassSource',$,IFCTEXT('From Design'),$);
#4644=IFCPROPERTYSINGLEVALUE('NX_Weight',$,IFCREAL(188.922882),$);
#4645=IFCPROPERTYSINGLEVALUE('NX_WeightSource',$,IFCTEXT('From Design'),$);
#4646=IFCPROPERTYSINGLEVALUE('NX_Area',$,IFCREAL(422497.5625),$);
#4647=IFCPROPERTYSINGLEVALUE('NX_AreaSource',$,IFCTEXT('From Design'),$);
#4648=IFCPROPERTYSINGLEVALUE('DB_SEED_PART_USED',$,IFCTEXT('@DB/M10000001/00'),$);
#4649=IFCPROPERTYSINGLEVALUE('PREPARED_BY',$,IFCTEXT('Gon\X2\00E7\X0\alves Junior, Paulo Roberto'),$);
#4650=IFCPROPERTYSINGLEVALUE('NX_ReferenceSet',$,IFCTEXT('MODEL'),$);
#4651=IFCPROPERTYSINGLEVALUE('NX_ComponentGroup',$,IFCTEXT('AllComponents'),$);
#4652=IFCPROPERTYSINGLEVALUE('LAYER',$,IFCTEXT('1'),$);
#4653=IFCPROPERTYSINGLEVALUE('DB_SEQUENCE_NO',$,IFCTEXT('10'),$);
#4654=IFCPROPERTYSINGLEVALUE('CALLOUT',$,IFCTEXT('10'),$);
#4655=IFCPROPERTYSINGLEVALUE('EXISTING_PART_BLOCK',$,IFCINTEGER(1),$);
#4656=IFCPROPERTYSINGLEVALUE('PLibPartType',$,IFCINTEGER(0),$);
#4657=IFCPROPERTYSINGLEVALUE('DISCIPLINE',$,IFCTEXT('Wiring'),$);
#4658=IFCPROPERTYSINGLEVALUE('SPECIFICATION',$,IFCTEXT('None'),$);
#4659=IFCPROPERTYSINGLEVALUE('LOGICAL_ID',$,IFCTEXT(''),$);
#4660=IFCPROPERTYSINGLEVALUE('RECOMMENDED_PRESSURE',$,IFCREAL(0.),$);
#4661=IFCPROPERTYSINGLEVALUE('NUMBER_OF_REPORTS',$,IFCINTEGER(0),$);
#4662=IFCPROPERTYSINGLEVALUE('NX_ComponentGroup',$,IFCTEXT('AllComponents'),$);
#4663=IFCPROPERTYSINGLEVALUE('NX_ReferenceSet',$,IFCTEXT('MODEL'),$);
#4664=IFCPROPERTYSINGLEVALUE('NX_AreaSource',$,IFCTEXT('From Design'),$);
#4665=IFCPROPERTYSINGLEVALUE('NX_Area',$,IFCREAL(422497.5625),$);
#4666=IFCPROPERTYSINGLEVALUE('NX_WeightSource',$,IFCTEXT('From Design'),$);
#4667=IFCPROPERTYSINGLEVALUE('NX_Weight',$,IFCREAL(188.922882),$);
#4668=IFCPROPERTYSINGLEVALUE('NX_MassSource',$,IFCTEXT('From Design'),$);
#4669=IFCPROPERTYSINGLEVALUE('NX_Mass',$,IFCREAL(19.264772),$);
#4670=IFCPROPERTYSINGLEVALUE('NX_VolumeSource',$,IFCTEXT('From Design'),$);
#4671=IFCPROPERTYSINGLEVALUE('NX_Volume',$,IFCREAL(2469840.),$);
#4672=IFCPROPERTYSINGLEVALUE('NX_DensitySource',$,IFCTEXT('From Design'),$);
#4673=IFCPROPERTYSINGLEVALUE('NX_Density',$,IFCREAL(7.8E-06),$);
#4674=IFCPROPERTYSINGLEVALUE('PREPARED_BY',$,IFCTEXT('Gon\X2\00E7\X0\alves Junior, Paulo Roberto'),$);
#4675=IFCPROPERTYSINGLEVALUE('ABB_PROJECT_NAME',$,IFCTEXT('SSE 2GW Frame Agreement'),$);
#4676=IFCPROPERTYSINGLEVALUE('Security Level',$,IFCTEXT('Confidential'),$);
#4677=IFCPROPERTYSINGLEVALUE('DB_SEED_PART_USED',$,IFCTEXT('@DB/M10000001/00'),$);
#4678=IFCPROPERTYSINGLEVALUE('ABB_MASS',$,IFCINTEGER(0),$);
#4679=IFCPROPERTYSINGLEVALUE('DB_PART_MFKID',$,IFCTEXT('1JNL9441111'),$);
#4680=IFCPROPERTYSINGLEVALUE('NX_MaterialMissingAssignments',$,IFCTEXT('TRUE'),$);
#4681=IFCPROPERTYSINGLEVALUE('NX_MaterialMultipleAssigned',$,IFCTEXT('FALSE'),$);
#4682=IFCPROPERTYSINGLEVALUE('ABB_UNIT',$,IFCTEXT('PC'),$);
#4683=IFCPROPERTYSINGLEVALUE('ABB_DIMENSION',$,IFCTEXT(''),$);
#4684=IFCPROPERTYSINGLEVALUE('ABB_RESPONSIBLE_DEPT',$,IFCTEXT('PGDC/TPE'),$);
#4685=IFCPROPERTYSINGLEVALUE('WEIGHT',$,IFCTEXT('0'),$);
#4686=IFCPROPERTYSINGLEVALUE('ABB_CLASSIFICATION_Y',$,IFCTEXT('27'),$);
#4687=IFCPROPERTYSINGLEVALUE('ABB_APPLICATION',$,IFCTEXT(''),$);
#4688=IFCPROPERTYSINGLEVALUE('ABB_LIWL',$,IFCTEXT('N/A'),$);
#4689=IFCPROPERTYSINGLEVALUE('ABB_MTRL_TYPE',$,IFCTEXT(''),$);
#4690=IFCPROPERTYSINGLEVALUE('ABB_NOTE',$,IFCTEXT(''),$);
#4691=IFCPROPERTYSINGLEVALUE('ABB_RATED_CURRENT',$,IFCTEXT('0'),$);
#4692=IFCPROPERTYSINGLEVALUE('ABB_RATED_VOLTAGE',$,IFCTEXT('0'),$);
#4693=IFCPROPERTYSINGLEVALUE('ABB_SUPPLIER',$,IFCTEXT('N/A'),$);
#4694=IFCPROPERTYSINGLEVALUE('DB_PART_DESC',$,IFCTEXT('-'),$);
#4695=IFCPROPERTYSINGLEVALUE('DB_PART_NO',$,IFCTEXT('1JNL9441111'),$);
#4696=IFCPROPERTYSINGLEVALUE('DB_PART_REV',$,IFCTEXT('A'),$);
#4697=IFCPROPERTYSINGLEVALUE('DB_PART_TYPE',$,IFCTEXT('ABB4HVDCDesign'),$);
#4698=IFCPROPERTYSINGLEVALUE('DB_PART_NAME',$,IFCTEXT('Cable Ladder 90 450'),$);
#4699=IFCPROPERTYSINGLEVALUE('LAYER',$,IFCTEXT('1'),$);
#4700=IFCPROPERTYSINGLEVALUE('Name',$,IFCTEXT('1JNL9442633_A-Cable Ladder MVS'),$);
#4701=IFCPROPERTYSINGLEVALUE('WEIGHT',$,IFCTEXT('0'),$);
#4702=IFCPROPERTYSINGLEVALUE('DB_PART_NAME',$,IFCTEXT('Cable Ladder MVS'),$);
#4703=IFCPROPERTYSINGLEVALUE('DB_PART_TYPE',$,IFCTEXT('ABB4HVDCDesign'),$);
#4704=IFCPROPERTYSINGLEVALUE('DB_PART_NO',$,IFCTEXT('1JNL9442633'),$);
#4705=IFCPROPERTYSINGLEVALUE('DB_PART_DESC',$,IFCTEXT('-'),$);
#4706=IFCPROPERTYSINGLEVALUE('DB_PART_MFKID',$,IFCTEXT('1JNL9442633'),$);
#4707=IFCPROPERTYSINGLEVALUE('DB_PART_REV',$,IFCTEXT('A'),$);
#4708=IFCPROPERTYSINGLEVALUE('ABB_SUPPLIER',$,IFCTEXT('N/A'),$);
#4709=IFCPROPERTYSINGLEVALUE('ABB_RATED_VOLTAGE',$,IFCTEXT('0'),$);
#4710=IFCPROPERTYSINGLEVALUE('ABB_RATED_CURRENT',$,IFCTEXT('0'),$);
#4711=IFCPROPERTYSINGLEVALUE('ABB_NOTE',$,IFCTEXT(''),$);
#4712=IFCPROPERTYSINGLEVALUE('ABB_MTRL_TYPE',$,IFCTEXT(''),$);
#4713=IFCPROPERTYSINGLEVALUE('ABB_LIWL',$,IFCTEXT('N/A'),$);
#4714=IFCPROPERTYSINGLEVALUE('ABB_APPLICATION',$,IFCTEXT(''),$);
#4715=IFCPROPERTYSINGLEVALUE('ABB_CLASSIFICATION_Y',$,IFCTEXT('27'),$);
#4716=IFCPROPERTYSINGLEVALUE('ABB_RESPONSIBLE_DEPT',$,IFCTEXT('PGDC/TPE'),$);
#4717=IFCPROPERTYSINGLEVALUE('ABB_DIMENSION',$,IFCTEXT(''),$);
#4718=IFCPROPERTYSINGLEVALUE('ABB_MASS',$,IFCINTEGER(0),$);
#4719=IFCPROPERTYSINGLEVALUE('Security Level',$,IFCTEXT('Confidential'),$);
#4720=IFCPROPERTYSINGLEVALUE('ABB_PROJECT_NAME',$,IFCTEXT('SSE 2GW Frame Agreement'),$);
#4721=IFCPROPERTYSINGLEVALUE('ABB_UNIT',$,IFCTEXT('PC'),$);
#4722=IFCPROPERTYSINGLEVALUE('NX_MaterialMultipleAssigned',$,IFCTEXT('FALSE'),$);
#4723=IFCPROPERTYSINGLEVALUE('NX_MaterialMissingAssignments',$,IFCTEXT('TRUE'),$);
#4724=IFCPROPERTYSINGLEVALUE('NX_Density',$,IFCREAL(7.8E-06),$);
#4725=IFCPROPERTYSINGLEVALUE('NX_DensitySource',$,IFCTEXT('From Design'),$);
#4726=IFCPROPERTYSINGLEVALUE('NX_Volume',$,IFCREAL(10725100.),$);
#4727=IFCPROPERTYSINGLEVALUE('NX_VolumeSource',$,IFCTEXT('From Design'),$);
#4728=IFCPROPERTYSINGLEVALUE('NX_Mass',$,IFCREAL(83.655502),$);
#4729=IFCPROPERTYSINGLEVALUE('NX_MassSource',$,IFCTEXT('From Design'),$);
#4730=IFCPROPERTYSINGLEVALUE('NX_Weight',$,IFCREAL(820.380188),$);
#4731=IFCPROPERTYSINGLEVALUE('NX_WeightSource',$,IFCTEXT('From Design'),$);
#4732=IFCPROPERTYSINGLEVALUE('NX_Area',$,IFCREAL(1711200.),$);
#4733=IFCPROPERTYSINGLEVALUE('NX_AreaSource',$,IFCTEXT('From Design'),$);
#4734=IFCPROPERTYSINGLEVALUE('DB_SEED_PART_USED',$,IFCTEXT('@DB/M10000001/00'),$);
#4735=IFCPROPERTYSINGLEVALUE('PREPARED_BY',$,IFCTEXT('Gon\X2\00E7\X0\alves Junior, Paulo Roberto'),$);
#4736=IFCPROPERTYSINGLEVALUE('NX_ReferenceSet',$,IFCTEXT('MODEL'),$);
#4737=IFCPROPERTYSINGLEVALUE('NX_ComponentGroup',$,IFCTEXT('AllComponents'),$);
#4738=IFCPROPERTYSINGLEVALUE('LAYER',$,IFCTEXT('1'),$);
#4739=IFCPROPERTYSINGLEVALUE('DB_SEQUENCE_NO',$,IFCTEXT('90'),$);
#4740=IFCPROPERTYSINGLEVALUE('CALLOUT',$,IFCTEXT('90'),$);
#4741=IFCPROPERTYSINGLEVALUE('PLibPartType',$,IFCINTEGER(0),$);
#4742=IFCPROPERTYSINGLEVALUE('DISCIPLINE',$,IFCTEXT('Wiring'),$);
#4743=IFCPROPERTYSINGLEVALUE('SPECIFICATION',$,IFCTEXT('None'),$);
#4744=IFCPROPERTYSINGLEVALUE('LOGICAL_ID',$,IFCTEXT(''),$);
#4745=IFCPROPERTYSINGLEVALUE('RECOMMENDED_PRESSURE',$,IFCREAL(0.),$);
#4746=IFCPROPERTYSINGLEVALUE('NUMBER_OF_REPORTS',$,IFCINTEGER(0),$);
#4747=IFCPROPERTYSINGLEVALUE('NX_ComponentGroup',$,IFCTEXT('AllComponents'),$);
#4748=IFCPROPERTYSINGLEVALUE('NX_ReferenceSet',$,IFCTEXT('MODEL'),$);
#4749=IFCPROPERTYSINGLEVALUE('NX_AreaSource',$,IFCTEXT('From Design'),$);
#4750=IFCPROPERTYSINGLEVALUE('NX_Area',$,IFCREAL(1711200.),$);
#4751=IFCPROPERTYSINGLEVALUE('NX_WeightSource',$,IFCTEXT('From Design'),$);
#4752=IFCPROPERTYSINGLEVALUE('NX_Weight',$,IFCREAL(820.380188),$);
#4753=IFCPROPERTYSINGLEVALUE('NX_MassSource',$,IFCTEXT('From Design'),$);
#4754=IFCPROPERTYSINGLEVALUE('NX_Mass',$,IFCREAL(83.655502),$);
#4755=IFCPROPERTYSINGLEVALUE('NX_VolumeSource',$,IFCTEXT('From Design'),$);
#4756=IFCPROPERTYSINGLEVALUE('NX_Volume',$,IFCREAL(10725100.),$);
#4757=IFCPROPERTYSINGLEVALUE('NX_DensitySource',$,IFCTEXT('From Design'),$);
#4758=IFCPROPERTYSINGLEVALUE('NX_Density',$,IFCREAL(7.8E-06),$);
#4759=IFCPROPERTYSINGLEVALUE('PREPARED_BY',$,IFCTEXT('Gon\X2\00E7\X0\alves Junior, Paulo Roberto'),$);
#4760=IFCPROPERTYSINGLEVALUE('ABB_PROJECT_NAME',$,IFCTEXT('SSE 2GW Frame Agreement'),$);
#4761=IFCPROPERTYSINGLEVALUE('Security Level',$,IFCTEXT('Confidential'),$);
#4762=IFCPROPERTYSINGLEVALUE('DB_SEED_PART_USED',$,IFCTEXT('@DB/M10000001/00'),$);
#4763=IFCPROPERTYSINGLEVALUE('ABB_MASS',$,IFCINTEGER(0),$);
#4764=IFCPROPERTYSINGLEVALUE('DB_PART_MFKID',$,IFCTEXT('1JNL9442633'),$);
#4765=IFCPROPERTYSINGLEVALUE('NX_MaterialMissingAssignments',$,IFCTEXT('TRUE'),$);
#4766=IFCPROPERTYSINGLEVALUE('NX_MaterialMultipleAssigned',$,IFCTEXT('FALSE'),$);
#4767=IFCPROPERTYSINGLEVALUE('ABB_UNIT',$,IFCTEXT('PC'),$);
#4768=IFCPROPERTYSINGLEVALUE('ABB_DIMENSION',$,IFCTEXT(''),$);
#4769=IFCPROPERTYSINGLEVALUE('ABB_RESPONSIBLE_DEPT',$,IFCTEXT('PGDC/TPE'),$);
#4770=IFCPROPERTYSINGLEVALUE('WEIGHT',$,IFCTEXT('0'),$);
#4771=IFCPROPERTYSINGLEVALUE('ABB_CLASSIFICATION_Y',$,IFCTEXT('27'),$);
#4772=IFCPROPERTYSINGLEVALUE('ABB_APPLICATION',$,IFCTEXT(''),$);
#4773=IFCPROPERTYSINGLEVALUE('ABB_LIWL',$,IFCTEXT('N/A'),$);
#4774=IFCPROPERTYSINGLEVALUE('ABB_MTRL_TYPE',$,IFCTEXT(''),$);
#4775=IFCPROPERTYSINGLEVALUE('ABB_NOTE',$,IFCTEXT(''),$);
#4776=IFCPROPERTYSINGLEVALUE('ABB_RATED_CURRENT',$,IFCTEXT('0'),$);
#4777=IFCPROPERTYSINGLEVALUE('ABB_RATED_VOLTAGE',$,IFCTEXT('0'),$);
#4778=IFCPROPERTYSINGLEVALUE('ABB_SUPPLIER',$,IFCTEXT('N/A'),$);
#4779=IFCPROPERTYSINGLEVALUE('DB_PART_DESC',$,IFCTEXT('-'),$);
#4780=IFCPROPERTYSINGLEVALUE('DB_PART_NO',$,IFCTEXT('1JNL9442633'),$);
#4781=IFCPROPERTYSINGLEVALUE('DB_PART_REV',$,IFCTEXT('A'),$);
#4782=IFCPROPERTYSINGLEVALUE('DB_PART_TYPE',$,IFCTEXT('ABB4HVDCDesign'),$);
#4783=IFCPROPERTYSINGLEVALUE('DB_PART_NAME',$,IFCTEXT('Cable Ladder MVS'),$);
#4784=IFCPROPERTYSINGLEVALUE('LAYER',$,IFCTEXT('1'),$);
#4785=IFCPROPERTYSINGLEVALUE('Name',$,IFCTEXT('1JNL9442632_A-Cable Ladder MVS'),$);
#4786=IFCPROPERTYSINGLEVALUE('WEIGHT',$,IFCTEXT('0'),$);
#4787=IFCPROPERTYSINGLEVALUE('DB_PART_NAME',$,IFCTEXT('Cable Ladder MVS'),$);
#4788=IFCPROPERTYSINGLEVALUE('DB_PART_TYPE',$,IFCTEXT('ABB4HVDCDesign'),$);
#4789=IFCPROPERTYSINGLEVALUE('DB_PART_NO',$,IFCTEXT('1JNL9442632'),$);
#4790=IFCPROPERTYSINGLEVALUE('DB_PART_DESC',$,IFCTEXT('-'),$);
#4791=IFCPROPERTYSINGLEVALUE('DB_PART_MFKID',$,IFCTEXT('1JNL9442632'),$);
#4792=IFCPROPERTYSINGLEVALUE('DB_PART_REV',$,IFCTEXT('A'),$);
#4793=IFCPROPERTYSINGLEVALUE('ABB_SUPPLIER',$,IFCTEXT('N/A'),$);
#4794=IFCPROPERTYSINGLEVALUE('ABB_RATED_VOLTAGE',$,IFCTEXT('0'),$);
#4795=IFCPROPERTYSINGLEVALUE('ABB_RATED_CURRENT',$,IFCTEXT('0'),$);
#4796=IFCPROPERTYSINGLEVALUE('ABB_NOTE',$,IFCTEXT(''),$);
#4797=IFCPROPERTYSINGLEVALUE('ABB_MTRL_TYPE',$,IFCTEXT(''),$);
#4798=IFCPROPERTYSINGLEVALUE('ABB_LIWL',$,IFCTEXT('N/A'),$);
#4799=IFCPROPERTYSINGLEVALUE('ABB_APPLICATION',$,IFCTEXT(''),$);
#4800=IFCPROPERTYSINGLEVALUE('ABB_CLASSIFICATION_Y',$,IFCTEXT('850'),$);
#4801=IFCPROPERTYSINGLEVALUE('ABB_RESPONSIBLE_DEPT',$,IFCTEXT('PGDC/TPE'),$);
#4802=IFCPROPERTYSINGLEVALUE('ABB_DIMENSION',$,IFCTEXT(''),$);
#4803=IFCPROPERTYSINGLEVALUE('ABB_MASS',$,IFCINTEGER(0),$);
#4804=IFCPROPERTYSINGLEVALUE('Security Level',$,IFCTEXT('Confidential'),$);
#4805=IFCPROPERTYSINGLEVALUE('ABB_PROJECT_NAME',$,IFCTEXT('SSE 2GW Frame Agreement'),$);
#4806=IFCPROPERTYSINGLEVALUE('ABB_UNIT',$,IFCTEXT('PC'),$);
#4807=IFCPROPERTYSINGLEVALUE('NX_MaterialMultipleAssigned',$,IFCTEXT('FALSE'),$);
#4808=IFCPROPERTYSINGLEVALUE('NX_MaterialMissingAssignments',$,IFCTEXT('TRUE'),$);
#4809=IFCPROPERTYSINGLEVALUE('NX_Density',$,IFCREAL(7.8E-06),$);
#4810=IFCPROPERTYSINGLEVALUE('NX_DensitySource',$,IFCTEXT('From Design'),$);
#4811=IFCPROPERTYSINGLEVALUE('NX_Volume',$,IFCREAL(12501200.),$);
#4812=IFCPROPERTYSINGLEVALUE('NX_VolumeSource',$,IFCTEXT('From Design'),$);
#4813=IFCPROPERTYSINGLEVALUE('NX_Mass',$,IFCREAL(97.509659),$);
#4814=IFCPROPERTYSINGLEVALUE('NX_MassSource',$,IFCTEXT('From Design'),$);
#4815=IFCPROPERTYSINGLEVALUE('NX_Weight',$,IFCREAL(956.243103),$);
#4816=IFCPROPERTYSINGLEVALUE('NX_WeightSource',$,IFCTEXT('From Design'),$);
#4817=IFCPROPERTYSINGLEVALUE('NX_Area',$,IFCREAL(1990490.),$);
#4818=IFCPROPERTYSINGLEVALUE('NX_AreaSource',$,IFCTEXT('From Design'),$);
#4819=IFCPROPERTYSINGLEVALUE('DB_SEED_PART_USED',$,IFCTEXT('@DB/M10000001/00'),$);
#4820=IFCPROPERTYSINGLEVALUE('PREPARED_BY',$,IFCTEXT('Gon\X2\00E7\X0\alves Junior, Paulo Roberto'),$);
#4821=IFCPROPERTYSINGLEVALUE('NX_ReferenceSet',$,IFCTEXT('MODEL'),$);
#4822=IFCPROPERTYSINGLEVALUE('NX_ComponentGroup',$,IFCTEXT('AllComponents'),$);
#4823=IFCPROPERTYSINGLEVALUE('LAYER',$,IFCTEXT('1'),$);
#4824=IFCPROPERTYSINGLEVALUE('DB_SEQUENCE_NO',$,IFCTEXT('20'),$);
#4825=IFCPROPERTYSINGLEVALUE('CALLOUT',$,IFCTEXT('20'),$);
#4826=IFCPROPERTYSINGLEVALUE('NUMBER_OF_REPORTS',$,IFCINTEGER(0),$);
#4827=IFCPROPERTYSINGLEVALUE('RECOMMENDED_PRESSURE',$,IFCREAL(0.),$);
#4828=IFCPROPERTYSINGLEVALUE('LOGICAL_ID',$,IFCTEXT(''),$);
#4829=IFCPROPERTYSINGLEVALUE('SPECIFICATION',$,IFCTEXT('None'),$);
#4830=IFCPROPERTYSINGLEVALUE('DISCIPLINE',$,IFCTEXT('Wiring'),$);
#4831=IFCPROPERTYSINGLEVALUE('PLibPartType',$,IFCINTEGER(0),$);
#4832=IFCPROPERTYSINGLEVALUE('NX_ComponentGroup',$,IFCTEXT('AllComponents'),$);
#4833=IFCPROPERTYSINGLEVALUE('NX_ReferenceSet',$,IFCTEXT('MODEL'),$);
#4834=IFCPROPERTYSINGLEVALUE('NX_AreaSource',$,IFCTEXT('From Design'),$);
#4835=IFCPROPERTYSINGLEVALUE('NX_Area',$,IFCREAL(1990490.),$);
#4836=IFCPROPERTYSINGLEVALUE('NX_WeightSource',$,IFCTEXT('From Design'),$);
#4837=IFCPROPERTYSINGLEVALUE('NX_Weight',$,IFCREAL(956.243103),$);
#4838=IFCPROPERTYSINGLEVALUE('NX_MassSource',$,IFCTEXT('From Design'),$);
#4839=IFCPROPERTYSINGLEVALUE('NX_Mass',$,IFCREAL(97.509659),$);
#4840=IFCPROPERTYSINGLEVALUE('NX_VolumeSource',$,IFCTEXT('From Design'),$);
#4841=IFCPROPERTYSINGLEVALUE('NX_Volume',$,IFCREAL(12501200.),$);
#4842=IFCPROPERTYSINGLEVALUE('NX_DensitySource',$,IFCTEXT('From Design'),$);
#4843=IFCPROPERTYSINGLEVALUE('NX_Density',$,IFCREAL(7.8E-06),$);
#4844=IFCPROPERTYSINGLEVALUE('DB_SEED_PART_USED',$,IFCTEXT('@DB/M10000001/00'),$);
#4845=IFCPROPERTYSINGLEVALUE('NX_MaterialMissingAssignments',$,IFCTEXT('TRUE'),$);
#4846=IFCPROPERTYSINGLEVALUE('NX_MaterialMultipleAssigned',$,IFCTEXT('FALSE'),$);
#4847=IFCPROPERTYSINGLEVALUE('ABB_UNIT',$,IFCTEXT('PC'),$);
#4848=IFCPROPERTYSINGLEVALUE('WEIGHT',$,IFCTEXT('0'),$);
#4849=IFCPROPERTYSINGLEVALUE('LAYER',$,IFCTEXT('1'),$);
#4850=IFCPROPERTYSINGLEVALUE('Name',$,IFCTEXT('1JNL9442632_A-Cable Ladder MVS'),$);
#4851=IFCPROPERTYSINGLEVALUE('WEIGHT',$,IFCTEXT('0'),$);
#4852=IFCPROPERTYSINGLEVALUE('DB_PART_NAME',$,IFCTEXT('Cable Ladder MVS'),$);
#4853=IFCPROPERTYSINGLEVALUE('DB_PART_TYPE',$,IFCTEXT('ABB4HVDCDesign'),$);
#4854=IFCPROPERTYSINGLEVALUE('DB_PART_NO',$,IFCTEXT('1JNL9442632'),$);
#4855=IFCPROPERTYSINGLEVALUE('DB_PART_DESC',$,IFCTEXT('-'),$);
#4856=IFCPROPERTYSINGLEVALUE('DB_PART_MFKID',$,IFCTEXT('1JNL9442632'),$);
#4857=IFCPROPERTYSINGLEVALUE('DB_PART_REV',$,IFCTEXT('A'),$);
#4858=IFCPROPERTYSINGLEVALUE('ABB_SUPPLIER',$,IFCTEXT('N/A'),$);
#4859=IFCPROPERTYSINGLEVALUE('ABB_RATED_VOLTAGE',$,IFCTEXT('0'),$);
#4860=IFCPROPERTYSINGLEVALUE('ABB_RATED_CURRENT',$,IFCTEXT('0'),$);
#4861=IFCPROPERTYSINGLEVALUE('ABB_NOTE',$,IFCTEXT(''),$);
#4862=IFCPROPERTYSINGLEVALUE('ABB_MTRL_TYPE',$,IFCTEXT(''),$);
#4863=IFCPROPERTYSINGLEVALUE('ABB_LIWL',$,IFCTEXT('N/A'),$);
#4864=IFCPROPERTYSINGLEVALUE('ABB_APPLICATION',$,IFCTEXT(''),$);
#4865=IFCPROPERTYSINGLEVALUE('ABB_CLASSIFICATION_Y',$,IFCTEXT('850'),$);
#4866=IFCPROPERTYSINGLEVALUE('ABB_RESPONSIBLE_DEPT',$,IFCTEXT('PGDC/TPE'),$);
#4867=IFCPROPERTYSINGLEVALUE('ABB_DIMENSION',$,IFCTEXT(''),$);
#4868=IFCPROPERTYSINGLEVALUE('ABB_MASS',$,IFCINTEGER(0),$);
#4869=IFCPROPERTYSINGLEVALUE('Security Level',$,IFCTEXT('Confidential'),$);
#4870=IFCPROPERTYSINGLEVALUE('ABB_PROJECT_NAME',$,IFCTEXT('SSE 2GW Frame Agreement'),$);
#4871=IFCPROPERTYSINGLEVALUE('ABB_UNIT',$,IFCTEXT('PC'),$);
#4872=IFCPROPERTYSINGLEVALUE('NX_MaterialMultipleAssigned',$,IFCTEXT('FALSE'),$);
#4873=IFCPROPERTYSINGLEVALUE('NX_MaterialMissingAssignments',$,IFCTEXT('TRUE'),$);
#4874=IFCPROPERTYSINGLEVALUE('NX_Density',$,IFCREAL(7.8E-06),$);
#4875=IFCPROPERTYSINGLEVALUE('NX_DensitySource',$,IFCTEXT('From Design'),$);
#4876=IFCPROPERTYSINGLEVALUE('NX_Volume',$,IFCREAL(12501200.),$);
#4877=IFCPROPERTYSINGLEVALUE('NX_VolumeSource',$,IFCTEXT('From Design'),$);
#4878=IFCPROPERTYSINGLEVALUE('NX_Mass',$,IFCREAL(97.509659),$);
#4879=IFCPROPERTYSINGLEVALUE('NX_MassSource',$,IFCTEXT('From Design'),$);
#4880=IFCPROPERTYSINGLEVALUE('NX_Weight',$,IFCREAL(956.243103),$);
#4881=IFCPROPERTYSINGLEVALUE('NX_WeightSource',$,IFCTEXT('From Design'),$);
#4882=IFCPROPERTYSINGLEVALUE('NX_Area',$,IFCREAL(1990490.),$);
#4883=IFCPROPERTYSINGLEVALUE('NX_AreaSource',$,IFCTEXT('From Design'),$);
#4884=IFCPROPERTYSINGLEVALUE('DB_SEED_PART_USED',$,IFCTEXT('@DB/M10000001/00'),$);
#4885=IFCPROPERTYSINGLEVALUE('PREPARED_BY',$,IFCTEXT('Gon\X2\00E7\X0\alves Junior, Paulo Roberto'),$);
#4886=IFCPROPERTYSINGLEVALUE('NX_ReferenceSet',$,IFCTEXT('MODEL'),$);
#4887=IFCPROPERTYSINGLEVALUE('NX_ComponentGroup',$,IFCTEXT('AllComponents'),$);
#4888=IFCPROPERTYSINGLEVALUE('LAYER',$,IFCTEXT('1'),$);
#4889=IFCPROPERTYSINGLEVALUE('DB_SEQUENCE_NO',$,IFCTEXT('50'),$);
#4890=IFCPROPERTYSINGLEVALUE('CALLOUT',$,IFCTEXT('50'),$);
#4891=IFCPROPERTYSINGLEVALUE('PLibPartType',$,IFCINTEGER(0),$);
#4892=IFCPROPERTYSINGLEVALUE('DISCIPLINE',$,IFCTEXT('Wiring'),$);
#4893=IFCPROPERTYSINGLEVALUE('SPECIFICATION',$,IFCTEXT('None'),$);
#4894=IFCPROPERTYSINGLEVALUE('LOGICAL_ID',$,IFCTEXT(''),$);
#4895=IFCPROPERTYSINGLEVALUE('RECOMMENDED_PRESSURE',$,IFCREAL(0.),$);
#4896=IFCPROPERTYSINGLEVALUE('NUMBER_OF_REPORTS',$,IFCINTEGER(0),$);
#4897=IFCPROPERTYSINGLEVALUE('NX_ComponentGroup',$,IFCTEXT('AllComponents'),$);
#4898=IFCPROPERTYSINGLEVALUE('NX_ReferenceSet',$,IFCTEXT('MODEL'),$);
#4899=IFCPROPERTYSINGLEVALUE('NX_AreaSource',$,IFCTEXT('From Design'),$);
#4900=IFCPROPERTYSINGLEVALUE('NX_Area',$,IFCREAL(1990490.),$);
#4901=IFCPROPERTYSINGLEVALUE('NX_WeightSource',$,IFCTEXT('From Design'),$);
#4902=IFCPROPERTYSINGLEVALUE('NX_Weight',$,IFCREAL(956.243103),$);
#4903=IFCPROPERTYSINGLEVALUE('NX_MassSource',$,IFCTEXT('From Design'),$);
#4904=IFCPROPERTYSINGLEVALUE('NX_Mass',$,IFCREAL(97.509659),$);
#4905=IFCPROPERTYSINGLEVALUE('NX_VolumeSource',$,IFCTEXT('From Design'),$);
#4906=IFCPROPERTYSINGLEVALUE('NX_Volume',$,IFCREAL(12501200.),$);
#4907=IFCPROPERTYSINGLEVALUE('NX_DensitySource',$,IFCTEXT('From Design'),$);
#4908=IFCPROPERTYSINGLEVALUE('NX_Density',$,IFCREAL(7.8E-06),$);
#4909=IFCPROPERTYSINGLEVALUE('PREPARED_BY',$,IFCTEXT('Gon\X2\00E7\X0\alves Junior, Paulo Roberto'),$);
#4910=IFCPROPERTYSINGLEVALUE('ABB_PROJECT_NAME',$,IFCTEXT('SSE 2GW Frame Agreement'),$);
#4911=IFCPROPERTYSINGLEVALUE('Security Level',$,IFCTEXT('Confidential'),$);
#4912=IFCPROPERTYSINGLEVALUE('DB_SEED_PART_USED',$,IFCTEXT('@DB/M10000001/00'),$);
#4913=IFCPROPERTYSINGLEVALUE('ABB_MASS',$,IFCINTEGER(0),$);
#4914=IFCPROPERTYSINGLEVALUE('DB_PART_MFKID',$,IFCTEXT('1JNL9442632'),$);
#4915=IFCPROPERTYSINGLEVALUE('NX_MaterialMissingAssignments',$,IFCTEXT('TRUE'),$);
#4916=IFCPROPERTYSINGLEVALUE('NX_MaterialMultipleAssigned',$,IFCTEXT('FALSE'),$);
#4917=IFCPROPERTYSINGLEVALUE('ABB_UNIT',$,IFCTEXT('PC'),$);
#4918=IFCPROPERTYSINGLEVALUE('ABB_DIMENSION',$,IFCTEXT(''),$);
#4919=IFCPROPERTYSINGLEVALUE('ABB_RESPONSIBLE_DEPT',$,IFCTEXT('PGDC/TPE'),$);
#4920=IFCPROPERTYSINGLEVALUE('WEIGHT',$,IFCTEXT('0'),$);
#4921=IFCPROPERTYSINGLEVALUE('ABB_CLASSIFICATION_Y',$,IFCTEXT('850'),$);
#4922=IFCPROPERTYSINGLEVALUE('ABB_APPLICATION',$,IFCTEXT(''),$);
#4923=IFCPROPERTYSINGLEVALUE('ABB_LIWL',$,IFCTEXT('N/A'),$);
#4924=IFCPROPERTYSINGLEVALUE('ABB_MTRL_TYPE',$,IFCTEXT(''),$);
#4925=IFCPROPERTYSINGLEVALUE('ABB_NOTE',$,IFCTEXT(''),$);
#4926=IFCPROPERTYSINGLEVALUE('ABB_RATED_CURRENT',$,IFCTEXT('0'),$);
#4927=IFCPROPERTYSINGLEVALUE('ABB_RATED_VOLTAGE',$,IFCTEXT('0'),$);
#4928=IFCPROPERTYSINGLEVALUE('ABB_SUPPLIER',$,IFCTEXT('N/A'),$);
#4929=IFCPROPERTYSINGLEVALUE('DB_PART_DESC',$,IFCTEXT('-'),$);
#4930=IFCPROPERTYSINGLEVALUE('DB_PART_NO',$,IFCTEXT('1JNL9442632'),$);
#4931=IFCPROPERTYSINGLEVALUE('DB_PART_REV',$,IFCTEXT('A'),$);
#4932=IFCPROPERTYSINGLEVALUE('DB_PART_TYPE',$,IFCTEXT('ABB4HVDCDesign'),$);
#4933=IFCPROPERTYSINGLEVALUE('DB_PART_NAME',$,IFCTEXT('Cable Ladder MVS'),$);
#4934=IFCPROPERTYSINGLEVALUE('LAYER',$,IFCTEXT('1'),$);
#4935=IFCPROPERTYSINGLEVALUE('Name',$,IFCTEXT('1JNL9442632_A-Cable Ladder MVS'),$);
#4936=IFCPROPERTYSINGLEVALUE('WEIGHT',$,IFCTEXT('0'),$);
#4937=IFCPROPERTYSINGLEVALUE('DB_PART_NAME',$,IFCTEXT('Cable Ladder MVS'),$);
#4938=IFCPROPERTYSINGLEVALUE('DB_PART_TYPE',$,IFCTEXT('ABB4HVDCDesign'),$);
#4939=IFCPROPERTYSINGLEVALUE('DB_PART_NO',$,IFCTEXT('1JNL9442632'),$);
#4940=IFCPROPERTYSINGLEVALUE('DB_PART_DESC',$,IFCTEXT('-'),$);
#4941=IFCPROPERTYSINGLEVALUE('DB_PART_MFKID',$,IFCTEXT('1JNL9442632'),$);
#4942=IFCPROPERTYSINGLEVALUE('DB_PART_REV',$,IFCTEXT('A'),$);
#4943=IFCPROPERTYSINGLEVALUE('ABB_SUPPLIER',$,IFCTEXT('N/A'),$);
#4944=IFCPROPERTYSINGLEVALUE('ABB_RATED_VOLTAGE',$,IFCTEXT('0'),$);
#4945=IFCPROPERTYSINGLEVALUE('ABB_RATED_CURRENT',$,IFCTEXT('0'),$);
#4946=IFCPROPERTYSINGLEVALUE('ABB_NOTE',$,IFCTEXT(''),$);
#4947=IFCPROPERTYSINGLEVALUE('ABB_MTRL_TYPE',$,IFCTEXT(''),$);
#4948=IFCPROPERTYSINGLEVALUE('ABB_LIWL',$,IFCTEXT('N/A'),$);
#4949=IFCPROPERTYSINGLEVALUE('ABB_APPLICATION',$,IFCTEXT(''),$);
#4950=IFCPROPERTYSINGLEVALUE('ABB_CLASSIFICATION_Y',$,IFCTEXT('850'),$);
#4951=IFCPROPERTYSINGLEVALUE('ABB_RESPONSIBLE_DEPT',$,IFCTEXT('PGDC/TPE'),$);
#4952=IFCPROPERTYSINGLEVALUE('ABB_DIMENSION',$,IFCTEXT(''),$);
#4953=IFCPROPERTYSINGLEVALUE('ABB_MASS',$,IFCINTEGER(0),$);
#4954=IFCPROPERTYSINGLEVALUE('Security Level',$,IFCTEXT('Confidential'),$);
#4955=IFCPROPERTYSINGLEVALUE('ABB_PROJECT_NAME',$,IFCTEXT('SSE 2GW Frame Agreement'),$);
#4956=IFCPROPERTYSINGLEVALUE('ABB_UNIT',$,IFCTEXT('PC'),$);
#4957=IFCPROPERTYSINGLEVALUE('NX_MaterialMultipleAssigned',$,IFCTEXT('FALSE'),$);
#4958=IFCPROPERTYSINGLEVALUE('NX_MaterialMissingAssignments',$,IFCTEXT('TRUE'),$);
#4959=IFCPROPERTYSINGLEVALUE('NX_Density',$,IFCREAL(7.8E-06),$);
#4960=IFCPROPERTYSINGLEVALUE('NX_DensitySource',$,IFCTEXT('From Design'),$);
#4961=IFCPROPERTYSINGLEVALUE('NX_Volume',$,IFCREAL(12501200.),$);
#4962=IFCPROPERTYSINGLEVALUE('NX_VolumeSource',$,IFCTEXT('From Design'),$);
#4963=IFCPROPERTYSINGLEVALUE('NX_Mass',$,IFCREAL(97.509659),$);
#4964=IFCPROPERTYSINGLEVALUE('NX_MassSource',$,IFCTEXT('From Design'),$);
#4965=IFCPROPERTYSINGLEVALUE('NX_Weight',$,IFCREAL(956.243103),$);
#4966=IFCPROPERTYSINGLEVALUE('NX_WeightSource',$,IFCTEXT('From Design'),$);
#4967=IFCPROPERTYSINGLEVALUE('NX_Area',$,IFCREAL(1990490.),$);
#4968=IFCPROPERTYSINGLEVALUE('NX_AreaSource',$,IFCTEXT('From Design'),$);
#4969=IFCPROPERTYSINGLEVALUE('DB_SEED_PART_USED',$,IFCTEXT('@DB/M10000001/00'),$);
#4970=IFCPROPERTYSINGLEVALUE('PREPARED_BY',$,IFCTEXT('Gon\X2\00E7\X0\alves Junior, Paulo Roberto'),$);
#4971=IFCPROPERTYSINGLEVALUE('NX_ReferenceSet',$,IFCTEXT('MODEL'),$);
#4972=IFCPROPERTYSINGLEVALUE('NX_ComponentGroup',$,IFCTEXT('AllComponents'),$);
#4973=IFCPROPERTYSINGLEVALUE('LAYER',$,IFCTEXT('1'),$);
#4974=IFCPROPERTYSINGLEVALUE('DB_SEQUENCE_NO',$,IFCTEXT('100'),$);
#4975=IFCPROPERTYSINGLEVALUE('CALLOUT',$,IFCTEXT('100'),$);
#4976=IFCPROPERTYSINGLEVALUE('NUMBER_OF_REPORTS',$,IFCINTEGER(0),$);
#4977=IFCPROPERTYSINGLEVALUE('RECOMMENDED_PRESSURE',$,IFCREAL(0.),$);
#4978=IFCPROPERTYSINGLEVALUE('LOGICAL_ID',$,IFCTEXT(''),$);
#4979=IFCPROPERTYSINGLEVALUE('SPECIFICATION',$,IFCTEXT('None'),$);
#4980=IFCPROPERTYSINGLEVALUE('DISCIPLINE',$,IFCTEXT('Wiring'),$);
#4981=IFCPROPERTYSINGLEVALUE('PLibPartType',$,IFCINTEGER(0),$);
#4982=IFCPROPERTYSINGLEVALUE('NX_ComponentGroup',$,IFCTEXT('AllComponents'),$);
#4983=IFCPROPERTYSINGLEVALUE('NX_ReferenceSet',$,IFCTEXT('MODEL'),$);
#4984=IFCPROPERTYSINGLEVALUE('NX_AreaSource',$,IFCTEXT('From Design'),$);
#4985=IFCPROPERTYSINGLEVALUE('NX_Area',$,IFCREAL(1990490.),$);
#4986=IFCPROPERTYSINGLEVALUE('NX_WeightSource',$,IFCTEXT('From Design'),$);
#4987=IFCPROPERTYSINGLEVALUE('NX_Weight',$,IFCREAL(956.243103),$);
#4988=IFCPROPERTYSINGLEVALUE('NX_MassSource',$,IFCTEXT('From Design'),$);
#4989=IFCPROPERTYSINGLEVALUE('NX_Mass',$,IFCREAL(97.509659),$);
#4990=IFCPROPERTYSINGLEVALUE('NX_VolumeSource',$,IFCTEXT('From Design'),$);
#4991=IFCPROPERTYSINGLEVALUE('NX_Volume',$,IFCREAL(12501200.),$);
#4992=IFCPROPERTYSINGLEVALUE('NX_DensitySource',$,IFCTEXT('From Design'),$);
#4993=IFCPROPERTYSINGLEVALUE('NX_Density',$,IFCREAL(7.8E-06),$);
#4994=IFCPROPERTYSINGLEVALUE('PREPARED_BY',$,IFCTEXT('Gon\X2\00E7\X0\alves Junior, Paulo Roberto'),$);
#4995=IFCPROPERTYSINGLEVALUE('ABB_PROJECT_NAME',$,IFCTEXT('SSE 2GW Frame Agreement'),$);
#4996=IFCPROPERTYSINGLEVALUE('Security Level',$,IFCTEXT('Confidential'),$);
#4997=IFCPROPERTYSINGLEVALUE('DB_SEED_PART_USED',$,IFCTEXT('@DB/M10000001/00'),$);
#4998=IFCPROPERTYSINGLEVALUE('ABB_MASS',$,IFCINTEGER(0),$);
#4999=IFCPROPERTYSINGLEVALUE('DB_PART_MFKID',$,IFCTEXT('1JNL9442632'),$);
#5000=IFCPROPERTYSINGLEVALUE('NX_MaterialMissingAssignments',$,IFCTEXT('TRUE'),$);
#5001=IFCPROPERTYSINGLEVALUE('NX_MaterialMultipleAssigned',$,IFCTEXT('FALSE'),$);
#5002=IFCPROPERTYSINGLEVALUE('ABB_UNIT',$,IFCTEXT('PC'),$);
#5003=IFCPROPERTYSINGLEVALUE('ABB_DIMENSION',$,IFCTEXT(''),$);
#5004=IFCPROPERTYSINGLEVALUE('ABB_RESPONSIBLE_DEPT',$,IFCTEXT('PGDC/TPE'),$);
#5005=IFCPROPERTYSINGLEVALUE('WEIGHT',$,IFCTEXT('0'),$);
#5006=IFCPROPERTYSINGLEVALUE('ABB_CLASSIFICATION_Y',$,IFCTEXT('850'),$);
#5007=IFCPROPERTYSINGLEVALUE('ABB_APPLICATION',$,IFCTEXT(''),$);
#5008=IFCPROPERTYSINGLEVALUE('ABB_LIWL',$,IFCTEXT('N/A'),$);
#5009=IFCPROPERTYSINGLEVALUE('ABB_MTRL_TYPE',$,IFCTEXT(''),$);
#5010=IFCPROPERTYSINGLEVALUE('ABB_NOTE',$,IFCTEXT(''),$);
#5011=IFCPROPERTYSINGLEVALUE('ABB_RATED_CURRENT',$,IFCTEXT('0'),$);
#5012=IFCPROPERTYSINGLEVALUE('ABB_RATED_VOLTAGE',$,IFCTEXT('0'),$);
#5013=IFCPROPERTYSINGLEVALUE('ABB_SUPPLIER',$,IFCTEXT('N/A'),$);
#5014=IFCPROPERTYSINGLEVALUE('DB_PART_DESC',$,IFCTEXT('-'),$);
#5015=IFCPROPERTYSINGLEVALUE('DB_PART_NO',$,IFCTEXT('1JNL9442632'),$);
#5016=IFCPROPERTYSINGLEVALUE('DB_PART_REV',$,IFCTEXT('A'),$);
#5017=IFCPROPERTYSINGLEVALUE('DB_PART_TYPE',$,IFCTEXT('ABB4HVDCDesign'),$);
#5018=IFCPROPERTYSINGLEVALUE('DB_PART_NAME',$,IFCTEXT('Cable Ladder MVS'),$);
#5019=IFCPROPERTYSINGLEVALUE('LAYER',$,IFCTEXT('1'),$);
#5020=IFCPROPERTYSINGLEVALUE('DB_SEQUENCE_NO',$,IFCTEXT('30'),$);
#5021=IFCPROPERTYSINGLEVALUE('CALLOUT',$,IFCTEXT('30'),$);
#5022=IFCPROPERTYSINGLEVALUE('NX_MassPropRollupVolumeSource',$,IFCTEXT('From Design'),$);
#5023=IFCPROPERTYSINGLEVALUE('NX_MassPropRollupVolume',$,IFCREAL(84121700.),$);
#5024=IFCPROPERTYSINGLEVALUE('NX_MassPropRollupMassSource',$,IFCTEXT('From Design'),$);
#5025=IFCPROPERTYSINGLEVALUE('NX_MassPropRollupMass',$,IFCREAL(656.149109),$);
#5026=IFCPROPERTYSINGLEVALUE('NX_ComponentGroup',$,IFCTEXT('AllComponents'),$);
#5027=IFCPROPERTYSINGLEVALUE('NX_ReferenceSet',$,IFCTEXT('MODEL'),$);
#5028=IFCPROPERTYSINGLEVALUE('DB_SEED_PART_USED',$,IFCTEXT('@DB/M10000001/00'),$);
#5029=IFCPROPERTYSINGLEVALUE('NX_MaterialMissingAssignments',$,IFCTEXT('TRUE'),$);
#5030=IFCPROPERTYSINGLEVALUE('NX_MaterialMultipleAssigned',$,IFCTEXT('FALSE'),$);
#5031=IFCPROPERTYSINGLEVALUE('ABB_UNIT',$,IFCTEXT('PC'),$);
#5032=IFCPROPERTYSINGLEVALUE('WEIGHT',$,IFCTEXT('0'),$);
#5033=IFCPROPERTYSINGLEVALUE('LAYER',$,IFCTEXT('1'),$);
#5034=IFCPROPERTYSINGLEVALUE('NX_Arrangement',$,IFCTEXT('TPE Top Assembly'),$);
#5035=IFCPROPERTYSINGLEVALUE('DB_SEQUENCE_NO',$,IFCTEXT('330'),$);
#5036=IFCPROPERTYSINGLEVALUE('CALLOUT',$,IFCTEXT('330'),$);
#5037=IFCPROPERTYSINGLEVALUE('NX_MassPropRollupVolumeSource',$,IFCTEXT('From Design'),$);
#5038=IFCPROPERTYSINGLEVALUE('NX_MassPropRollupVolume',$,IFCREAL(144810000.),$);
#5039=IFCPROPERTYSINGLEVALUE('NX_MassPropRollupMassSource',$,IFCTEXT('From Design'),$);
#5040=IFCPROPERTYSINGLEVALUE('NX_MassPropRollupMass',$,IFCREAL(656.149109),$);
#5041=IFCPROPERTYSINGLEVALUE('NX_ComponentGroup',$,IFCTEXT('AllComponents'),$);
#5042=IFCPROPERTYSINGLEVALUE('NX_ReferenceSet',$,IFCTEXT('MODEL'),$);
#5043=IFCPROPERTYSINGLEVALUE('DB_SEED_PART_USED',$,IFCTEXT('@DB/M10000001/00'),$);
#5044=IFCPROPERTYSINGLEVALUE('NX_MaterialMissingAssignments',$,IFCTEXT('TRUE'),$);
#5045=IFCPROPERTYSINGLEVALUE('NX_MaterialMultipleAssigned',$,IFCTEXT('FALSE'),$);
#5046=IFCPROPERTYSINGLEVALUE('ABB_UNIT',$,IFCTEXT('PC'),$);
#5047=IFCPROPERTYSINGLEVALUE('WEIGHT',$,IFCTEXT('0'),$);
#5048=IFCRELDEFINESBYPROPERTIES('3pARPvQOqtLBrpVWtf88ee',#7362,$,$,(#5316),#5182);
#5049=IFCRELDEFINESBYPROPERTIES('1r1kJEbsWrAgMP$fbHov5l',#7362,$,$,(#5316),#5183);
#5050=IFCRELDEFINESBYPROPERTIES('0mzLcgzoivmR45339T3fPb',#7362,$,$,(#5316),#5184);
#5051=IFCRELDEFINESBYPROPERTIES('3a8NgkHSmuKBNcFexDGv6f',#7362,$,$,(#5316),#5185);
#5052=IFCRELDEFINESBYPROPERTIES('08o6ecGuumXf1VSnPlMpEl',#7362,$,$,(#5316),#5186);
#5053=IFCRELDEFINESBYPROPERTIES('3YAj0Xidqy98iSh37Vcp9$',#7362,$,$,(#5316),#5187);
#5054=IFCRELDEFINESBYPROPERTIES('1MJAh3MeOzJfcjGxTwy7yj',#7362,$,$,(#5316),#5188);
#5055=IFCRELDEFINESBYPROPERTIES('1G38KGDM0pl852Z8C14DK4',#7362,$,$,(#5316),#5189);
#5056=IFCRELDEFINESBYPROPERTIES('0OjmOTSH8xwAuDGJzVYSEi',#7362,$,$,(#5317),#5190);
#5057=IFCRELDEFINESBYPROPERTIES('2qvw92tpyoCPqWycZWPBvb',#7362,$,$,(#5317),#5191);
#5058=IFCRELDEFINESBYPROPERTIES('0ICqgf_jCplO5txFsw4CNF',#7362,$,$,(#5317),#5192);
#5059=IFCRELDEFINESBYPROPERTIES('3TsUly9tKvl91ACR8sFTDZ',#7362,$,$,(#5317),#5193);
#5060=IFCRELDEFINESBYPROPERTIES('02tEAfm5uucxdRaKG7qqy9',#7362,$,$,(#5317),#5194);
#5061=IFCRELDEFINESBYPROPERTIES('3PDjaUIOuo2QSXO1PkXkVK',#7362,$,$,(#5317),#5195);
#5062=IFCRELDEFINESBYPROPERTIES('3hFyAyOQGwffAUYyJzh_IP',#7362,$,$,(#5317),#5196);
#5063=IFCRELDEFINESBYPROPERTIES('3wIXfDDDenSx7DVOVbKhsS',#7362,$,$,(#5318),#5197);
#5064=IFCRELDEFINESBYPROPERTIES('2dxlnKhy0tJf1KFlsv_vLQ',#7362,$,$,(#5318),#5198);
#5065=IFCRELDEFINESBYPROPERTIES('2e$nA_cE4tAO1dTkKP8WAI',#7362,$,$,(#5318),#5199);
#5066=IFCRELDEFINESBYPROPERTIES('1UxM2xWyW_48Att0yUzmb8',#7362,$,$,(#5318),#5200);
#5067=IFCRELDEFINESBYPROPERTIES('0LPcuJ5Yyv6Bde5KlC$j4C',#7362,$,$,(#5318),#5201);
#5068=IFCRELDEFINESBYPROPERTIES('3G4eDYbhaxvPXG30kS9FGd',#7362,$,$,(#5318),#5202);
#5069=IFCRELDEFINESBYPROPERTIES('25YVvKfjaq0e426BZ6bKU0',#7362,$,$,(#5318),#5203);
#5070=IFCRELDEFINESBYPROPERTIES('1i6JPkgjOuYhUL3vYYmGRo',#7362,$,$,(#5318),#5204);
#5071=IFCRELDEFINESBYPROPERTIES('1x48PrRiim5gls0GnIchEA',#7362,$,$,(#5318),#5205);
#5072=IFCRELDEFINESBYPROPERTIES('1TfFemCdeu1fSmdnr3PlAI',#7362,$,$,(#5319),#5206);
#5073=IFCRELDEFINESBYPROPERTIES('3FOULf6fqyzeJhNN0P9TOi',#7362,$,$,(#5319),#5207);
#5074=IFCRELDEFINESBYPROPERTIES('3EnTgJvnGs8uE1z1Opxm$1',#7362,$,$,(#5319),#5208);
#5075=IFCRELDEFINESBYPROPERTIES('0Xe_hw5Hu$Gg_PhVezJWH4',#7362,$,$,(#5319),#5209);
#5076=IFCRELDEFINESBYPROPERTIES('36DGnH64CtZe9RXyu41y9t',#7362,$,$,(#5319),#5210);
#5077=IFCRELDEFINESBYPROPERTIES('3dHf$YkPiwOePLDuyDCSi5',#7362,$,$,(#5319),#5211);
#5078=IFCRELDEFINESBYPROPERTIES('0j0YpkqjGxAeGggZNTG9JO',#7362,$,$,(#5319),#5212);
#5079=IFCRELDEFINESBYPROPERTIES('0gL2WGmuSqQv6iU5uQXeer',#7362,$,$,(#5319),#5213);
#5080=IFCRELDEFINESBYPROPERTIES('0LabVM6imtb8sW8cKW6zOE',#7362,$,$,(#5319),#5214);
#5081=IFCRELDEFINESBYPROPERTIES('2GDh5g$xyyneB$cIC2aTyK',#7362,$,$,(#5320),#5215);
#5082=IFCRELDEFINESBYPROPERTIES('02kJQsgTWskx_yp1h4Xn7$',#7362,$,$,(#5320),#5216);
#5083=IFCRELDEFINESBYPROPERTIES('3K8DhQdgCuZw60b$UVVBwQ',#7362,$,$,(#5320),#5217);
#5084=IFCRELDEFINESBYPROPERTIES('050hDz4jWm6fr7iIXNo3sX',#7362,$,$,(#5320),#5218);
#5085=IFCRELDEFINESBYPROPERTIES('0lKH2sfTmpfOr4eNpkXnMQ',#7362,$,$,(#5320),#5219);
#5086=IFCRELDEFINESBYPROPERTIES('1MZwvrmlexrRqA1h1JTp9w',#7362,$,$,(#5320),#5220);
#5087=IFCRELDEFINESBYPROPERTIES('2Vt2b1sripVx1r1s3tZmsD',#7362,$,$,(#5320),#5221);
#5088=IFCRELDEFINESBYPROPERTIES('02nK6B37uvlwhk5vXkK9Hc',#7362,$,$,(#5320),#5222);
#5089=IFCRELDEFINESBYPROPERTIES('0Vgf2wodmrGfAijJIYdVrC',#7362,$,$,(#5320),#5223);
#5090=IFCRELDEFINESBYPROPERTIES('15KJQEVHesK9$xdK6I4eWt',#7362,$,$,(#5321),#5224);
#5091=IFCRELDEFINESBYPROPERTIES('1nBlW5KTqxOOFZBsgiyPLj',#7362,$,$,(#5321),#5225);
#5092=IFCRELDEFINESBYPROPERTIES('2lApN8GYupofJwQwbR64PD',#7362,$,$,(#5321),#5226);
#5093=IFCRELDEFINESBYPROPERTIES('0viI1ONbqnRvonRJIVtrL1',#7362,$,$,(#5321),#5227);
#5094=IFCRELDEFINESBYPROPERTIES('3_OgbvRRGp_v$_9vkjxL_q',#7362,$,$,(#5321),#5228);
#5095=IFCRELDEFINESBYPROPERTIES('3Iq5kTng0xXwszqaz_Kd3Z',#7362,$,$,(#5321),#5229);
#5096=IFCRELDEFINESBYPROPERTIES('1cT$R_CsmpnhWSo5lu3DOy',#7362,$,$,(#5321),#5230);
#5097=IFCRELDEFINESBYPROPERTIES('0e$COfD5a_vRvFawpoK8I0',#7362,$,$,(#5321),#5231);
#5098=IFCRELDEFINESBYPROPERTIES('3zPpQ_he8vxRDQeSNXE4kD',#7362,$,$,(#5321),#5232);
#5099=IFCRELDEFINESBYPROPERTIES('0rQVJM9RSubPfHhr3mzXuH',#7362,$,$,(#5322),#5233);
#5100=IFCRELDEFINESBYPROPERTIES('03Dy6nokOvrvmChwQJ8OK0',#7362,$,$,(#5322),#5234);
#5101=IFCRELDEFINESBYPROPERTIES('1FkF7mjjmtgBoHG6kwBab$',#7362,$,$,(#5322),#5235);
#5102=IFCRELDEFINESBYPROPERTIES('3qaQHLcW4uLO0xPGHY2MaK',#7362,$,$,(#5322),#5236);
#5103=IFCRELDEFINESBYPROPERTIES('29_LPPhaGvEO2bttTJ_5eN',#7362,$,$,(#5322),#5237);
#5104=IFCRELDEFINESBYPROPERTIES('3aB98HXP8nCwgNrFJvidU9',#7362,$,$,(#5322),#5238);
#5105=IFCRELDEFINESBYPROPERTIES('0zOGPanNewvOnEJ5A4YUhr',#7362,$,$,(#5322),#5239);
#5106=IFCRELDEFINESBYPROPERTIES('3S$BmBAhuoChupxRYs_dg3',#7362,$,$,(#5322),#5240);
#5107=IFCRELDEFINESBYPROPERTIES('28035P9ZewLfuv03PKRtUV',#7362,$,$,(#5322),#5241);
#5108=IFCRELDEFINESBYPROPERTIES('3T4tA_Ga0pLO2ATvsuow2U',#7362,$,$,(#5323),#5242);
#5109=IFCRELDEFINESBYPROPERTIES('15Ly1E9zGtexfq2_4j$5Xk',#7362,$,$,(#5323),#5243);
#5110=IFCRELDEFINESBYPROPERTIES('2pC59rkFa$dvFt55aGd1_t',#7362,$,$,(#5323),#5244);
#5111=IFCRELDEFINESBYPROPERTIES('1JZ46r5mupG9IxDG$93BL5',#7362,$,$,(#5323),#5245);
#5112=IFCRELDEFINESBYPROPERTIES('3hBCmEwcOrIP1puehhAmUx',#7362,$,$,(#5323),#5246);
#5113=IFCRELDEFINESBYPROPERTIES('0tBDz3hYWsihwCg5o_qP6I',#7362,$,$,(#5323),#5247);
#5114=IFCRELDEFINESBYPROPERTIES('0DEWtpg5m_fAnFKlpDkY2M',#7362,$,$,(#5323),#5248);
#5115=IFCRELDEFINESBYPROPERTIES('0Zl3IWElesigMs$6OU6$Rh',#7362,$,$,(#5323),#5249);
#5116=IFCRELDEFINESBYPROPERTIES('167$T9XdOnrBVshIjo2VNm',#7362,$,$,(#5323),#5250);
#5117=IFCRELDEFINESBYPROPERTIES('2Ysj18DZqswOkVM5msTU1Y',#7362,$,$,(#5324),#5251);
#5118=IFCRELDEFINESBYPROPERTIES('3bidJrqMexmvDenvtEAcQz',#7362,$,$,(#5324),#5252);
#5119=IFCRELDEFINESBYPROPERTIES('13wbvBbo8r$O9mDZa8WRgm',#7362,$,$,(#5324),#5253);
#5120=IFCRELDEFINESBYPROPERTIES('2CXw0IVkSv8P_xg1F4FWxz',#7362,$,$,(#5324),#5254);
#5121=IFCRELDEFINESBYPROPERTIES('2CQL038iSypvAOyqYRo3CK',#7362,$,$,(#5324),#5255);
#5122=IFCRELDEFINESBYPROPERTIES('3NWWOMhDqo8BXFRpcP8PBe',#7362,$,$,(#5324),#5256);
#5123=IFCRELDEFINESBYPROPERTIES('3Gfty8grKq0h_Y6TXZF$qX',#7362,$,$,(#5324),#5257);
#5124=IFCRELDEFINESBYPROPERTIES('1CsaKSH5iyz82A0Ruh0GFQ',#7362,$,$,(#5324),#5258);
#5125=IFCRELDEFINESBYPROPERTIES('19XQ4Or9e_C8dAZqfvGxmF',#7362,$,$,(#5324),#5259);
#5126=IFCRELDEFINESBYPROPERTIES('1dtCMp2F4ykeJuT$hs3Z_d',#7362,$,$,(#5325),#5260);
#5127=IFCRELDEFINESBYPROPERTIES('0O$sf8YCiztgjixqMLJiDo',#7362,$,$,(#5325),#5261);
#5128=IFCRELDEFINESBYPROPERTIES('3gSBvygASrpRvVuDaRLNSE',#7362,$,$,(#5325),#5262);
#5129=IFCRELDEFINESBYPROPERTIES('2_rxaS$7Kz9POeRvGhgp0Z',#7362,$,$,(#5325),#5263);
#5130=IFCRELDEFINESBYPROPERTIES('3cPjOKflyo$wDCSKqvI0Y0',#7362,$,$,(#5325),#5264);
#5131=IFCRELDEFINESBYPROPERTIES('0OUWuNs$8vIBOzN$3qeTMI',#7362,$,$,(#5325),#5265);
#5132=IFCRELDEFINESBYPROPERTIES('2LwZPWpi4qa8IbTy3DXj6H',#7362,$,$,(#5325),#5266);
#5133=IFCRELDEFINESBYPROPERTIES('32581FtHaw8eS8zJVHxO30',#7362,$,$,(#5325),#5267);
#5134=IFCRELDEFINESBYPROPERTIES('27Z9mTQ1WzGAWfHbOQmiQ3',#7362,$,$,(#5325),#5268);
#5135=IFCRELDEFINESBYPROPERTIES('1EWRSIFDWyUgqFck$BCyxj',#7362,$,$,(#5326),#5269);
#5136=IFCRELDEFINESBYPROPERTIES('2NOldZeXyyKPCd715uB30E',#7362,$,$,(#5326),#5270);
#5137=IFCRELDEFINESBYPROPERTIES('0EvsjPfXKy5vfL7Z9WrBrK',#7362,$,$,(#5326),#5271);
#5138=IFCRELDEFINESBYPROPERTIES('0Ign3COI0y2hzmAyXEOUSH',#7362,$,$,(#5326),#5272);
#5139=IFCRELDEFINESBYPROPERTIES('0UYxiN9Tammu9w7RIXHqzR',#7362,$,$,(#5326),#5273);
#5140=IFCRELDEFINESBYPROPERTIES('3mfidottKqFfQLN8DZAEjj',#7362,$,$,(#5326),#5274);
#5141=IFCRELDEFINESBYPROPERTIES('2dTsKUPi0xVeTrlHcww6Qy',#7362,$,$,(#5326),#5275);
#5142=IFCRELDEFINESBYPROPERTIES('3QnslhOUipK8P1W3vx7sFH',#7362,$,$,(#5326),#5276);
#5143=IFCRELDEFINESBYPROPERTIES('3iHjs8dj8ov9t9ch4Cyb3z',#7362,$,$,(#5326),#5277);
#5144=IFCRELDEFINESBYPROPERTIES('0zsKe9AMipHeLxpzLjPXHc',#7362,$,$,(#5327),#5278);
#5145=IFCRELDEFINESBYPROPERTIES('3r$O_3Yx0$JAWoaIfjaW3Q',#7362,$,$,(#5327),#5279);
#5146=IFCRELDEFINESBYPROPERTIES('3aEhLpSE8nOAEoV$YHm5FI',#7362,$,$,(#5327),#5280);
#5147=IFCRELDEFINESBYPROPERTIES('3i4gNbTjamx8HeJ0tV1_el',#7362,$,$,(#5327),#5281);
#5148=IFCRELDEFINESBYPROPERTIES('33Tw9NsQ0smxKt9I5yCX04',#7362,$,$,(#5327),#5282);
#5149=IFCRELDEFINESBYPROPERTIES('0p_C3JXEGzvAkqdgnGUPj6',#7362,$,$,(#5327),#5283);
#5150=IFCRELDEFINESBYPROPERTIES('1w8c4gAo4ogeiILmmp6jXO',#7362,$,$,(#5327),#5284);
#5151=IFCRELDEFINESBYPROPERTIES('2OJl41JLOtQxCuzRJb2DzS',#7362,$,$,(#5327),#5285);
#5152=IFCRELDEFINESBYPROPERTIES('3VviPGJSOnIgKdOtDFOyrf',#7362,$,$,(#5327),#5286);
#5153=IFCRELDEFINESBYPROPERTIES('0eC8zysHC$hArI6tlV6aad',#7362,$,$,(#5328),#5287);
#5154=IFCRELDEFINESBYPROPERTIES('2RgToRpserBvFdvU$880nU',#7362,$,$,(#5328),#5288);
#5155=IFCRELDEFINESBYPROPERTIES('2CvCmds2mu8R8MEmujzCZV',#7362,$,$,(#5328),#5289);
#5156=IFCRELDEFINESBYPROPERTIES('2HeLLqadCs1A3qg$kr$Q5P',#7362,$,$,(#5328),#5290);
#5157=IFCRELDEFINESBYPROPERTIES('3BgjiMb_iv_xzSI8j_qsTK',#7362,$,$,(#5328),#5291);
#5158=IFCRELDEFINESBYPROPERTIES('3jurLV4LyrM9t4o6xwAqDx',#7362,$,$,(#5328),#5292);
#5159=IFCRELDEFINESBYPROPERTIES('2Dfv9c0Byrzu91zARyoOEI',#7362,$,$,(#5328),#5293);
#5160=IFCRELDEFINESBYPROPERTIES('3OhnB3NperOvuRlGbNkQd2',#7362,$,$,(#5328),#5294);
#5161=IFCRELDEFINESBYPROPERTIES('2h$rMG_qOsYg_7LWGQ8p55',#7362,$,$,(#5328),#5295);
#5162=IFCRELDEFINESBYPROPERTIES('3mw2R1iDavLAcv_y0XKxwA',#7362,$,$,(#5329),#5296);
#5163=IFCRELDEFINESBYPROPERTIES('0kG6xAiQ4tDBh5R$Lask8Q',#7362,$,$,(#5329),#5297);
#5164=IFCRELDEFINESBYPROPERTIES('0243lWLSaxnBb91$sPZ9i8',#7362,$,$,(#5329),#5298);
#5165=IFCRELDEFINESBYPROPERTIES('3Oh0JpONO$ffp6ZIxVUAqc',#7362,$,$,(#5329),#5299);
#5166=IFCRELDEFINESBYPROPERTIES('3AF9H4$Q0_9A$$$1aSrXL4',#7362,$,$,(#5329),#5300);
#5167=IFCRELDEFINESBYPROPERTIES('2lNLyJzdOva8oFTfWNW74a',#7362,$,$,(#5329),#5301);
#5168=IFCRELDEFINESBYPROPERTIES('2AEGADSL4ocBGXNHC20cK3',#7362,$,$,(#5329),#5302);
#5169=IFCRELDEFINESBYPROPERTIES('0_DERajfuv0eGrtoJiA2fE',#7362,$,$,(#5329),#5303);
#5170=IFCRELDEFINESBYPROPERTIES('1vn02xMIi$6xz_ue_FjQhd',#7362,$,$,(#5329),#5304);
#5171=IFCRELDEFINESBYPROPERTIES('2kIMTf8tS_6PvyCiODPmNH',#7362,$,$,(#5330),#5305);
#5172=IFCRELDEFINESBYPROPERTIES('2IT0nWBISosx45yyDI2om$',#7362,$,$,(#5330),#5306);
#5173=IFCRELDEFINESBYPROPERTIES('0lcgmlMOmp7x7hc6K5NrL8',#7362,$,$,(#5330),#5307);
#5174=IFCRELDEFINESBYPROPERTIES('2hlvFX7tGwlO6vqWrSs4Ma',#7362,$,$,(#5330),#5308);
#5175=IFCRELDEFINESBYPROPERTIES('23GHpu8KSrTfudQktswsG0',#7362,$,$,(#5330),#5309);
#5176=IFCRELDEFINESBYPROPERTIES('0lVXE3mQC$kfmYwt$I1Ql6',#7362,$,$,(#5330),#5310);
#5177=IFCRELDEFINESBYPROPERTIES('3h$SfvZKKulB8RVYu9IQfc',#7362,$,$,(#5330),#5311);
#5178=IFCRELDEFINESBYPROPERTIES('3HC$zGzimpnBmni8j25Edx',#7362,$,$,(#5330),#5312);
#5179=IFCRELDEFINESBYPROPERTIES('29j3TcsVesPe2aVFldu7v1',#7362,$,$,(#5330),#5313);
#5180=IFCRELDEFINESBYPROPERTIES('2qU6M7E88qM83MSwu8Uf7l',#7362,$,$,(#11),#5314);
#5181=IFCRELDEFINESBYPROPERTIES('0XsAvJ15um7xu8htYhTAqL',#7362,$,$,(#10),#5315);
#5182=IFCPROPERTYSET('0N4cpDg9mvquk2xSWwf4P_',#7362,'empty property set name',$,(#3946,#3947,#3948,#3949,#3950,#3951,#3952,#3953,#3954,#3955,#3956,#3957,#3958,#3959,#3960,#3961,#3962,#3963,#3964,#3965,#3966,#3967,#3968,#3969,#3970,#3971,#3972,#3973,#3974,#3975,#3976));
#5183=IFCPROPERTYSET('3mmRfVc0yoRf0t57aZdK2q',#7362,'ABB4HVDCDesign',$,(#3977,#3978,#3979,#3980,#3981));
#5184=IFCPROPERTYSET('1f7ZM$p7mqmgxtaOMyJy$G',#7362,'owning_user',$,(#3982));
#5185=IFCPROPERTYSET('3CDOuBXn8vF99NYKFgYWGx',#7362,'ABB4HVDCDesignRevision',$,(#3983,#3984,#3985,#3986,#3987,#3988,#3989,#3990,#3991,#3992,#3993,#3994,#3995,#3996,#3997,#3998));
#5186=IFCPROPERTYSET('1gssX$GPKx4xkyviX4BvpY',#7362,'ABB4ModelRevision Master',$,(#3999));
#5187=IFCPROPERTYSET('25QNxNsb0xsw8n560jA0qc',#7362,'Materials',$,(#4000,#4001));
#5188=IFCPROPERTYSET('0ZTq_PLCi$89us1WiNr8sN',#7362,'DB Part',$,(#4002));
#5189=IFCPROPERTYSET('1gCOqgUt0n_voUIwD53HNW',#7362,'Mass Properties Configuration Context',$,(#4003,#4004,#4005));
#5190=IFCPROPERTYSET('1TQoQ3fqOqqfozt5n_JZ7X',#7362,'empty property set name',$,(#4006,#4007));
#5191=IFCPROPERTYSET('0MNBFENmeshfEuFbHJD8lm',#7362,'Materials',$,(#4008,#4009));
#5192=IFCPROPERTYSET('0ivE6mUQ8uERmIb18Sij3s',#7362,'DXF_DWG',$,(#4010));
#5193=IFCPROPERTYSET('2Fl2_NLPy$QgBE7mAVsclB',#7362,'ABB4HVDCDesign',$,(#4011,#4012,#4013,#4014,#4015));
#5194=IFCPROPERTYSET('3mhy53PJOqsvvI$hEXGkkj',#7362,'ABB4HVDCDesignRevision',$,(#4016,#4017,#4018,#4019,#4020,#4021,#4022,#4023));
#5195=IFCPROPERTYSET('2ibRkAXrKuvPoPpgZ6LqAf',#7362,'owning_user',$,(#4024));
#5196=IFCPROPERTYSET('1TI4lqjyq$YAyG$958b6ib',#7362,'Instance Part Properties',$,(#4025,#4026,#4027,#4028,#4029,#4030));
#5197=IFCPROPERTYSET('22EvssW9SvtBAV3gvHR77h',#7362,'empty property set name',$,(#4031,#4032,#4033));
#5198=IFCPROPERTYSET('0NPDHWVTyqARgvkA2Dhh_D',#7362,'ABB4HVDCDesign',$,(#4034,#4035,#4036,#4037,#4038));
#5199=IFCPROPERTYSET('1XVZfLNlmwCRrYp7pQ8DJw',#7362,'owning_user',$,(#4039));
#5200=IFCPROPERTYSET('1RygEHVzy_xw8ZDNOtIa1S',#7362,'ABB4HVDCDesignRevision',$,(#4040,#4041,#4042,#4043,#4044,#4045,#4046,#4047,#4048,#4049,#4050,#4051));
#5201=IFCPROPERTYSET('2_55bLh8WvgR0Yvql30UvL',#7362,'ABB4ModelRevision Master',$,(#4052));
#5202=IFCPROPERTYSET('0oW2KhiKmwgxxnkR$vf67u',#7362,'Materials',$,(#4053,#4054,#4055,#4056,#4057,#4058));
#5203=IFCPROPERTYSET('0avbqkh1qrlAGQrvziUKrU',#7362,'DB Part',$,(#4059));
#5204=IFCPROPERTYSET('0CovGZbR8qRwhI08gaUyvj',#7362,'Mass Properties Configuration Context',$,(#4060,#4061));
#5205=IFCPROPERTYSET('05BX1r79urHQ$ULVGXwj$x',#7362,'Instance Part Properties',$,(#4062,#4063,#4064,#4065,#4066,#4067,#4068,#4069,#4070,#4071,#4072,#4073,#4074,#4075));
#5206=IFCPROPERTYSET('1hl_P0Xyio3vUgbozn_wLX',#7362,'empty property set name',$,(#4076,#4077,#4078));
#5207=IFCPROPERTYSET('1GkUAuMwawYgVNw$9nDPvk',#7362,'ABB4HVDCDesign',$,(#4079,#4080,#4081,#4082,#4083));
#5208=IFCPROPERTYSET('20vCn3OE0pyBk08PVx3D9R',#7362,'ABB4HVDCDesignRevision',$,(#4084,#4085,#4086,#4087,#4088,#4089,#4090,#4091,#4092,#4093,#4094,#4095,#4096,#4097));
#5209=IFCPROPERTYSET('0L$Gm7NFOp2AMgt1IdmG4m',#7362,'ABB4ModelRevision Master',$,(#4098));
#5210=IFCPROPERTYSET('3D$qDNkUKo_PvZfjcsAJio',#7362,'Materials',$,(#4099,#4100,#4101,#4102,#4103,#4104,#4105,#4106,#4107,#4108,#4109,#4110));
#5211=IFCPROPERTYSET('2dVV3E4fayy8VzWPh0jUHZ',#7362,'DB Part',$,(#4111));
#5212=IFCPROPERTYSET('2q3EjDKCCy9BL$R0NnVAr7',#7362,'owning_user',$,(#4112));
#5213=IFCPROPERTYSET('2FdvBDlS8xrfliazaJXslu',#7362,'Mass Properties Configuration Context',$,(#4113,#4114));
#5214=IFCPROPERTYSET('2Zu3Gvs34_pPyOHGX_igDX',#7362,'Instance Part Properties',$,(#4115,#4116,#4117,#4118,#4119,#4120,#4121,#4122,#4123,#4124,#4125,#4126,#4127,#4128,#4129,#4130,#4131,#4132,#4133,#4134,#4135,#4136,#4137,#4138,#4139,#4140));
#5215=IFCPROPERTYSET('1FIBJgDY8mj8LXVtCiftC9',#7362,'empty property set name',$,(#4141,#4142,#4143));
#5216=IFCPROPERTYSET('3eR8ciaKCrFRD8w8oc1G76',#7362,'ABB4HVDCDesign',$,(#4144,#4145,#4146,#4147,#4148));
#5217=IFCPROPERTYSET('2LdMGD2$qt7eLQ5uekO9_J',#7362,'ABB4HVDCDesignRevision',$,(#4149,#4150,#4151,#4152,#4153,#4154,#4155,#4156,#4157,#4158,#4159,#4160,#4161,#4162));
#5218=IFCPROPERTYSET('2sEhp0dmKxjRCzkBsjNEOg',#7362,'ABB4ModelRevision Master',$,(#4163));
#5219=IFCPROPERTYSET('2yhziZyWi$xB4km8ljBWdC',#7362,'Materials',$,(#4164,#4165,#4166,#4167,#4168,#4169,#4170,#4171,#4172,#4173,#4174,#4175));
#5220=IFCPROPERTYSET('3gMdTyA2atm9gjZZ7Bryxr',#7362,'DB Part',$,(#4176));
#5221=IFCPROPERTYSET('3$Y1Md7PWmL9xpuIc7D$qy',#7362,'owning_user',$,(#4177));
#5222=IFCPROPERTYSET('0rdnkbHVa_TPwM3umsW6zP',#7362,'Mass Properties Configuration Context',$,(#4178,#4179));
#5223=IFCPROPERTYSET('1eSDzMIuevauX2MIzGPB2O',#7362,'Instance Part Properties',$,(#4180,#4181,#4182,#4183,#4184,#4185,#4186,#4187,#4188,#4189,#4190,#4191,#4192,#4193,#4194,#4195,#4196,#4197,#4198,#4199,#4200,#4201,#4202,#4203,#4204,#4205));
#5224=IFCPROPERTYSET('3lR7$VA0axQfm_aoAOQaAY',#7362,'empty property set name',$,(#4206,#4207,#4208));
#5225=IFCPROPERTYSET('2A7cFaVcayExGHxefL5_$4',#7362,'ABB4HVDCDesign',$,(#4209,#4210,#4211,#4212,#4213));
#5226=IFCPROPERTYSET('0$Aq$D1pKrzRdtUJ0G_Epl',#7362,'ABB4HVDCDesignRevision',$,(#4214,#4215,#4216,#4217,#4218,#4219,#4220,#4221,#4222,#4223,#4224,#4225,#4226,#4227));
#5227=IFCPROPERTYSET('3fjJ6w$KipG8Qb67evJEIU',#7362,'ABB4ModelRevision Master',$,(#4228));
#5228=IFCPROPERTYSET('2TBHV9oYWwbhAWIAQp8nL0',#7362,'Materials',$,(#4229,#4230,#4231,#4232,#4233,#4234,#4235,#4236,#4237,#4238,#4239,#4240));
#5229=IFCPROPERTYSET('1tGj5chWOxKgW1PiSbTAG_',#7362,'DB Part',$,(#4241));
#5230=IFCPROPERTYSET('3x$ejKG3inj94lv35mU0D2',#7362,'owning_user',$,(#4242));
#5231=IFCPROPERTYSET('3z8fgEhf0ureWcv$BbxIpL',#7362,'Mass Properties Configuration Context',$,(#4243,#4244));
#5232=IFCPROPERTYSET('0twoF0J7GuYh16OC1OvlJO',#7362,'Instance Part Properties',$,(#4245,#4246,#4247,#4248,#4249,#4250,#4251,#4252,#4253,#4254,#4255,#4256,#4257,#4258,#4259,#4260,#4261,#4262,#4263,#4264,#4265,#4266,#4267,#4268,#4269,#4270,#4271));
#5233=IFCPROPERTYSET('3ZmPUOk1CvnOZd2pwR8IBk',#7362,'empty property set name',$,(#4272,#4273,#4274));
#5234=IFCPROPERTYSET('3$UtogwgKu4gYN0_mL9$uF',#7362,'ABB4HVDCDesign',$,(#4275,#4276,#4277,#4278,#4279));
#5235=IFCPROPERTYSET('2tAZLB1Fuz$RzAa3aUmdgi',#7362,'ABB4HVDCDesignRevision',$,(#4280,#4281,#4282,#4283,#4284,#4285,#4286,#4287,#4288,#4289,#4290,#4291,#4292,#4293));
#5236=IFCPROPERTYSET('1J2INASauvc8VY1FX_iUbr',#7362,'ABB4ModelRevision Master',$,(#4294));
#5237=IFCPROPERTYSET('153Kd8NCyuvwR3Cg42F3G1',#7362,'Materials',$,(#4295,#4296,#4297,#4298,#4299,#4300,#4301,#4302,#4303,#4304,#4305,#4306));
#5238=IFCPROPERTYSET('17TQrrfbSt5Oadv26QUjck',#7362,'DB Part',$,(#4307));
#5239=IFCPROPERTYSET('2UClV6KoO_GgPmEVkLSFTJ',#7362,'owning_user',$,(#4308));
#5240=IFCPROPERTYSET('1h6r9aoDGwNxQ2uVaUwIBh',#7362,'Mass Properties Configuration Context',$,(#4309,#4310));
#5241=IFCPROPERTYSET('34yGysOl4olwWtQH_g6hAz',#7362,'Instance Part Properties',$,(#4311,#4312,#4313,#4314,#4315,#4316,#4317,#4318,#4319,#4320,#4321,#4322,#4323,#4324,#4325,#4326,#4327,#4328,#4329,#4330,#4331,#4332,#4333,#4334,#4335,#4336,#4337,#4338,#4339,#4340,#4341,#4342,#4343,#4344,#4345,#4346,#4347,#4348,#4349,#4350,#4351,#4352,#4353,#4354,#4355,#4356,#4357));
#5242=IFCPROPERTYSET('3$B3v_OnymteVPZDObS9Mw',#7362,'empty property set name',$,(#4358,#4359,#4360));
#5243=IFCPROPERTYSET('1grrtRDHOw5B9Iiun4AzRE',#7362,'ABB4HVDCDesign',$,(#4361,#4362,#4363,#4364,#4365));
#5244=IFCPROPERTYSET('1BdsYdKvey0wwLbfvPEzCc',#7362,'ABB4HVDCDesignRevision',$,(#4366,#4367,#4368,#4369,#4370,#4371,#4372,#4373,#4374,#4375,#4376,#4377,#4378,#4379));
#5245=IFCPROPERTYSET('2icD0M$zKqiQMSsKIX$P1b',#7362,'ABB4ModelRevision Master',$,(#4380));
#5246=IFCPROPERTYSET('26SWyh6LiuOQRntyfSl_Q$',#7362,'Materials',$,(#4381,#4382,#4383,#4384,#4385,#4386,#4387,#4388,#4389,#4390,#4391,#4392));
#5247=IFCPROPERTYSET('38HulAx10uAftoqzFO6M2X',#7362,'DB Part',$,(#4393));
#5248=IFCPROPERTYSET('0Jb$bdwQGrpvtRyMcKBe8H',#7362,'owning_user',$,(#4394));
#5249=IFCPROPERTYSET('0oQiAROR8qluh28GS_WhJu',#7362,'Mass Properties Configuration Context',$,(#4395,#4396));
#5250=IFCPROPERTYSET('2DYjecDcSqYgj78qrN26Eu',#7362,'Instance Part Properties',$,(#4397,#4398,#4399,#4400,#4401,#4402,#4403,#4404,#4405,#4406,#4407,#4408,#4409,#4410,#4411,#4412,#4413,#4414,#4415,#4416,#4417,#4418,#4419,#4420,#4421,#4422,#4423,#4424,#4425,#4426,#4427,#4428,#4429,#4430,#4431,#4432,#4433,#4434,#4435,#4436,#4437,#4438,#4439,#4440,#4441,#4442));
#5251=IFCPROPERTYSET('3QwNLG7yWwHgOGQDDG35Pc',#7362,'empty property set name',$,(#4443,#4444,#4445));
#5252=IFCPROPERTYSET('0gWan4aPmwKRMM6MMBv33p',#7362,'ABB4HVDCDesign',$,(#4446,#4447,#4448,#4449,#4450));
#5253=IFCPROPERTYSET('0jQvBowi8vgRRtB$QHjFx5',#7362,'ABB4HVDCDesignRevision',$,(#4451,#4452,#4453,#4454,#4455,#4456,#4457,#4458,#4459,#4460,#4461,#4462,#4463,#4464));
#5254=IFCPROPERTYSET('1G8l_JBEGt2e_lk_QD5gAu',#7362,'ABB4ModelRevision Master',$,(#4465));
#5255=IFCPROPERTYSET('1uR3VObjqvxeikr_cuoG5y',#7362,'Materials',$,(#4466,#4467,#4468,#4469,#4470,#4471,#4472,#4473,#4474,#4475,#4476,#4477));
#5256=IFCPROPERTYSET('3UKpHWpUmsERuXjDR80tKf',#7362,'DB Part',$,(#4478));
#5257=IFCPROPERTYSET('3etHi3I4ezvPg10153up38',#7362,'owning_user',$,(#4479));
#5258=IFCPROPERTYSET('0WK8vgL0OoYQI$OZC3LWV4',#7362,'Mass Properties Configuration Context',$,(#4480,#4481));
#5259=IFCPROPERTYSET('20GFcQ59ymdBVNNcLDmWi3',#7362,'Instance Part Properties',$,(#4482,#4483,#4484,#4485,#4486,#4487,#4488,#4489,#4490,#4491,#4492,#4493,#4494,#4495,#4496,#4497,#4498,#4499,#4500,#4501,#4502,#4503,#4504,#4505,#4506,#4507,#4508,#4509,#4510,#4511,#4512,#4513,#4514,#4515,#4516,#4517,#4518,#4519,#4520,#4521,#4522,#4523,#4524,#4525,#4526,#4527));
#5260=IFCPROPERTYSET('1fyMoR8TumH9p3nnjdDYIq',#7362,'empty property set name',$,(#4528,#4529,#4530));
#5261=IFCPROPERTYSET('0ydITEni8zivAFhD7SqxxZ',#7362,'ABB4HVDCDesign',$,(#4531,#4532,#4533,#4534,#4535));
#5262=IFCPROPERTYSET('0$UPY8qXO_rBZtSVlVPRKs',#7362,'ABB4HVDCDesignRevision',$,(#4536,#4537,#4538,#4539,#4540,#4541,#4542,#4543,#4544,#4545,#4546,#4547,#4548,#4549));
#5263=IFCPROPERTYSET('1xctFOB54sae$L_J_Ox266',#7362,'ABB4ModelRevision Master',$,(#4550));
#5264=IFCPROPERTYSET('3l5xiFyaOnPvqPfU27BPPq',#7362,'Materials',$,(#4551,#4552,#4553,#4554,#4555,#4556,#4557,#4558,#4559,#4560,#4561,#4562));
#5265=IFCPROPERTYSET('3TJ4z9tVWnmAPS2r73Bh1r',#7362,'DB Part',$,(#4563));
#5266=IFCPROPERTYSET('01SzNT3TWuFfwCHaMT8nIN',#7362,'owning_user',$,(#4564));
#5267=IFCPROPERTYSET('2v0chhVNivkg4DmNdu7MJg',#7362,'Mass Properties Configuration Context',$,(#4565,#4566));
#5268=IFCPROPERTYSET('0vRYSqxgKs2QvWWfqq0lYQ',#7362,'Instance Part Properties',$,(#4567,#4568,#4569,#4570,#4571,#4572,#4573,#4574,#4575,#4576,#4577,#4578,#4579,#4580,#4581,#4582,#4583,#4584,#4585,#4586,#4587,#4588,#4589,#4590,#4591,#4592,#4593,#4594,#4595,#4596,#4597,#4598,#4599,#4600,#4601,#4602,#4603,#4604,#4605,#4606,#4607,#4608,#4609,#4610,#4611,#4612));
#5269=IFCPROPERTYSET('1qy_l3Cn0xARmynkRIho0r',#7362,'empty property set name',$,(#4613,#4614,#4615));
#5270=IFCPROPERTYSET('3Z6acVaT4pn8SJGxzkiDND',#7362,'ABB4HVDCDesign',$,(#4616,#4617,#4618,#4619,#4620));
#5271=IFCPROPERTYSET('28Y4wj5zmxjOGTbaJIsDJ_',#7362,'ABB4HVDCDesignRevision',$,(#4621,#4622,#4623,#4624,#4625,#4626,#4627,#4628,#4629,#4630,#4631,#4632,#4633,#4634));
#5272=IFCPROPERTYSET('1tz8yy2vS_9f2vapzE1XTJ',#7362,'ABB4ModelRevision Master',$,(#4635));
#5273=IFCPROPERTYSET('0YIzWgpg8reBiIY1q2vjcA',#7362,'Materials',$,(#4636,#4637,#4638,#4639,#4640,#4641,#4642,#4643,#4644,#4645,#4646,#4647));
#5274=IFCPROPERTYSET('2zazLcduevcwIZcNtG0QT5',#7362,'DB Part',$,(#4648));
#5275=IFCPROPERTYSET('3aYRTA058xwRbHyjpuaIzp',#7362,'owning_user',$,(#4649));
#5276=IFCPROPERTYSET('2$LiYvSw8nJAp29wvD721J',#7362,'Mass Properties Configuration Context',$,(#4650,#4651));
#5277=IFCPROPERTYSET('13EEPqlaevgglwMyMepRuo',#7362,'Instance Part Properties',$,(#4652,#4653,#4654,#4655,#4656,#4657,#4658,#4659,#4660,#4661,#4662,#4663,#4664,#4665,#4666,#4667,#4668,#4669,#4670,#4671,#4672,#4673,#4674,#4675,#4676,#4677,#4678,#4679,#4680,#4681,#4682,#4683,#4684,#4685,#4686,#4687,#4688,#4689,#4690,#4691,#4692,#4693,#4694,#4695,#4696,#4697,#4698));
#5278=IFCPROPERTYSET('0iQnU0zuypsARu87kHr5ba',#7362,'empty property set name',$,(#4699,#4700,#4701));
#5279=IFCPROPERTYSET('1dLhneuB0xrOAmXGFM6ipW',#7362,'ABB4HVDCDesign',$,(#4702,#4703,#4704,#4705,#4706));
#5280=IFCPROPERTYSET('2SvfOi9NyzJgZVaA$u9XTQ',#7362,'ABB4HVDCDesignRevision',$,(#4707,#4708,#4709,#4710,#4711,#4712,#4713,#4714,#4715,#4716,#4717,#4718,#4719,#4720));
#5281=IFCPROPERTYSET('2TtPDuCHa_bxEg$NQsANXU',#7362,'ABB4ModelRevision Master',$,(#4721));
#5282=IFCPROPERTYSET('0S4grwB4q_Rhw05f94y4_$',#7362,'Materials',$,(#4722,#4723,#4724,#4725,#4726,#4727,#4728,#4729,#4730,#4731,#4732,#4733));
#5283=IFCPROPERTYSET('09pvk63gWmNgFsjd2clvSS',#7362,'DB Part',$,(#4734));
#5284=IFCPROPERTYSET('1IPVtO7UmyxhFYMUQpuhMB',#7362,'owning_user',$,(#4735));
#5285=IFCPROPERTYSET('0s6WETVN0truHQV$Ql7IzP',#7362,'Mass Properties Configuration Context',$,(#4736,#4737));
#5286=IFCPROPERTYSET('3EchtIdXGwXxn5SPliVTF$',#7362,'Instance Part Properties',$,(#4738,#4739,#4740,#4741,#4742,#4743,#4744,#4745,#4746,#4747,#4748,#4749,#4750,#4751,#4752,#4753,#4754,#4755,#4756,#4757,#4758,#4759,#4760,#4761,#4762,#4763,#4764,#4765,#4766,#4767,#4768,#4769,#4770,#4771,#4772,#4773,#4774,#4775,#4776,#4777,#4778,#4779,#4780,#4781,#4782,#4783));
#5287=IFCPROPERTYSET('3fidv_VTitCPJXsKqwfKfw',#7362,'empty property set name',$,(#4784,#4785,#4786));
#5288=IFCPROPERTYSET('0V_7z6ClmsqAhYgzgA4EWu',#7362,'ABB4HVDCDesign',$,(#4787,#4788,#4789,#4790,#4791));
#5289=IFCPROPERTYSET('0QFHxV$MmqiAYqTaE1Tjpw',#7362,'ABB4HVDCDesignRevision',$,(#4792,#4793,#4794,#4795,#4796,#4797,#4798,#4799,#4800,#4801,#4802,#4803,#4804,#4805));
#5290=IFCPROPERTYSET('3dmii3T$Wx9fjsjwFPyUon',#7362,'ABB4ModelRevision Master',$,(#4806));
#5291=IFCPROPERTYSET('28ZVDhgAWyeA_QutZGGtEu',#7362,'Materials',$,(#4807,#4808,#4809,#4810,#4811,#4812,#4813,#4814,#4815,#4816,#4817,#4818));
#5292=IFCPROPERTYSET('1TAFMhl_Gt8Q6Q$vhVVYDo',#7362,'DB Part',$,(#4819));
#5293=IFCPROPERTYSET('1VINWKhciuiuPIgmv5BOiN',#7362,'owning_user',$,(#4820));
#5294=IFCPROPERTYSET('0APjO3tzWoUun82Kik_7vQ',#7362,'Mass Properties Configuration Context',$,(#4821,#4822));
#5295=IFCPROPERTYSET('2JSVOWkI4w3O71rhVJEJkb',#7362,'Instance Part Properties',$,(#4823,#4824,#4825,#4826,#4827,#4828,#4829,#4830,#4831,#4832,#4833,#4834,#4835,#4836,#4837,#4838,#4839,#4840,#4841,#4842,#4843,#4844,#4845,#4846,#4847,#4848));
#5296=IFCPROPERTYSET('30aesi3Ue_eRIxqVS$RQbu',#7362,'empty property set name',$,(#4849,#4850,#4851));
#5297=IFCPROPERTYSET('0NnC2qsUCvc8zKhF91uWH9',#7362,'ABB4HVDCDesign',$,(#4852,#4853,#4854,#4855,#4856));
#5298=IFCPROPERTYSET('24tCrRo9Wp5wYUOOuyOFUy',#7362,'ABB4HVDCDesignRevision',$,(#4857,#4858,#4859,#4860,#4861,#4862,#4863,#4864,#4865,#4866,#4867,#4868,#4869,#4870));
#5299=IFCPROPERTYSET('0GDuW2Rn0mFf57q3Z8tKvk',#7362,'ABB4ModelRevision Master',$,(#4871));
#5300=IFCPROPERTYSET('2veeCiPh0yKum1aGB1gcr$',#7362,'Materials',$,(#4872,#4873,#4874,#4875,#4876,#4877,#4878,#4879,#4880,#4881,#4882,#4883));
#5301=IFCPROPERTYSET('376WgFefGzNvX2g9apmJ1_',#7362,'DB Part',$,(#4884));
#5302=IFCPROPERTYSET('2sMCo3zc4mL8WORDPLvX2G',#7362,'owning_user',$,(#4885));
#5303=IFCPROPERTYSET('14SkNK1T4vpBGnwVVWy_Vc',#7362,'Mass Properties Configuration Context',$,(#4886,#4887));
#5304=IFCPROPERTYSET('20SjuVTcmn9PO768ea20Hj',#7362,'Instance Part Properties',$,(#4888,#4889,#4890,#4891,#4892,#4893,#4894,#4895,#4896,#4897,#4898,#4899,#4900,#4901,#4902,#4903,#4904,#4905,#4906,#4907,#4908,#4909,#4910,#4911,#4912,#4913,#4914,#4915,#4916,#4917,#4918,#4919,#4920,#4921,#4922,#4923,#4924,#4925,#4926,#4927,#4928,#4929,#4930,#4931,#4932,#4933));
#5305=IFCPROPERTYSET('22i6KQzWq_ivVl54MYaexE',#7362,'empty property set name',$,(#4934,#4935,#4936));
#5306=IFCPROPERTYSET('2SGM9E744sawp9P1ckjgeJ',#7362,'ABB4HVDCDesign',$,(#4937,#4938,#4939,#4940,#4941));
#5307=IFCPROPERTYSET('03drtL1Fqt88Iwhm9W9UVX',#7362,'ABB4HVDCDesignRevision',$,(#4942,#4943,#4944,#4945,#4946,#4947,#4948,#4949,#4950,#4951,#4952,#4953,#4954,#4955));
#5308=IFCPROPERTYSET('30QTl7GE8oGx$vjYWFAIHb',#7362,'ABB4ModelRevision Master',$,(#4956));
#5309=IFCPROPERTYSET('06ZEMlfUqqpxwmunuacoHq',#7362,'Materials',$,(#4957,#4958,#4959,#4960,#4961,#4962,#4963,#4964,#4965,#4966,#4967,#4968));
#5310=IFCPROPERTYSET('2X8LXRBhmuRxvOGtVzxdSF',#7362,'DB Part',$,(#4969));
#5311=IFCPROPERTYSET('1YYXMGAy4wuRFEeq93i_5O',#7362,'owning_user',$,(#4970));
#5312=IFCPROPERTYSET('1sNiKwqVOvUAsxlQ$fA_RH',#7362,'Mass Properties Configuration Context',$,(#4971,#4972));
#5313=IFCPROPERTYSET('1pZHPVYhqt0fpA9a9Jmj3n',#7362,'Instance Part Properties',$,(#4973,#4974,#4975,#4976,#4977,#4978,#4979,#4980,#4981,#4982,#4983,#4984,#4985,#4986,#4987,#4988,#4989,#4990,#4991,#4992,#4993,#4994,#4995,#4996,#4997,#4998,#4999,#5000,#5001,#5002,#5003,#5004,#5005,#5006,#5007,#5008,#5009,#5010,#5011,#5012,#5013,#5014,#5015,#5016,#5017,#5018));
#5314=IFCPROPERTYSET('0Hj$5Qy$0yZg$gxpWsjYcp',#7362,'Instance Part Properties',$,(#5019,#5020,#5021,#5022,#5023,#5024,#5025,#5026,#5027,#5028,#5029,#5030,#5031,#5032));
#5315=IFCPROPERTYSET('1YNBYXeuaxse$_5RIiDq3M',#7362,'Instance Part Properties',$,(#5033,#5034,#5035,#5036,#5037,#5038,#5039,#5040,#5041,#5042,#5043,#5044,#5045,#5046,#5047));
#5316=IFCBUILDINGELEMENTPROXY('0z4_GZuYGmwgyLZPxQdCnM',#7362,'MVS Cable Ways P1',' ','MVS Cable Ways P1',#5351,#5331,' ',.ELEMENT.);
#5317=IFCBUILDINGELEMENTPROXY('2DDMV$OIiuUAOeIvs3ZVOe',#7362,'1JNL9322340_A-1JNL9322340 - Pyramid',' ','1JNL9322340_A-1JNL9322340 - Pyramid',#5352,#5332,' ',.ELEMENT.);
#5318=IFCBUILDINGELEMENTPROXY('395aYtCd8yvfBXz2UTlvHu',#7362,'1JNL9442576_A-K6 cable tray MVS P1',' ','1JNL9442576_A-K6 cable tray MVS P1',#5354,#5333,' ',.ELEMENT.);
#5319=IFCBUILDINGELEMENTPROXY('0MScNKm_KmSR69MP04zxdp',#7362,'1JNL9442633_A-Cable Ladder MVS',' ','1JNL9442633_A-Cable Ladder MVS',#5356,#5334,' ',.ELEMENT.);
#5320=IFCBUILDINGELEMENTPROXY('0sR5tpWDqqmPNszfnL4bnX',#7362,'1JNL9442631_A-Cable Ladder MVS',' ','1JNL9442631_A-Cable Ladder MVS',#5357,#5335,' ',.ELEMENT.);
#5321=IFCBUILDINGELEMENTPROXY('398ofjTSKtEQF2DtUiP_MN',#7362,'1JNL9441111_A-Cable Ladder 90 450',' ','1JNL9441111_A-Cable Ladder 90 450',#5358,#5336,' ',.ELEMENT.);
#5322=IFCBUILDINGELEMENTPROXY('0zanC0Y_Ww8wHadEstsOHW',#7362,'1JNL9441111_A-Cable Ladder 90 450',' ','1JNL9441111_A-Cable Ladder 90 450',#5359,#5337,' ',.ELEMENT.);
#5323=IFCBUILDINGELEMENTPROXY('1R0D6lw0S$NhoGjAiRERGZ',#7362,'1JNL9442633_A-Cable Ladder MVS',' ','1JNL9442633_A-Cable Ladder MVS',#5360,#5338,' ',.ELEMENT.);
#5324=IFCBUILDINGELEMENTPROXY('1fxja7ATmqH8dTRf$aXCuR',#7362,'1JNL9442631_A-Cable Ladder MVS',' ','1JNL9442631_A-Cable Ladder MVS',#5361,#5339,' ',.ELEMENT.);
#5325=IFCBUILDINGELEMENTPROXY('2NLOqxo8qyJBPliX2VgYV0',#7362,'1JNL9442631_A-Cable Ladder MVS',' ','1JNL9442631_A-Cable Ladder MVS',#5362,#5340,' ',.ELEMENT.);
#5326=IFCBUILDINGELEMENTPROXY('0PyYhlhoGw7BO$5mFfJb2w',#7362,'1JNL9441111_A-Cable Ladder 90 450',' ','1JNL9441111_A-Cable Ladder 90 450',#5363,#5341,' ',.ELEMENT.);
#5327=IFCBUILDINGELEMENTPROXY('2ZUDd04qaouPsj6rCG_lt9',#7362,'1JNL9442633_A-Cable Ladder MVS',' ','1JNL9442633_A-Cable Ladder MVS',#5364,#5342,' ',.ELEMENT.);
#5328=IFCBUILDINGELEMENTPROXY('3eK89gfQqtiPv3sZfrUqcl',#7362,'1JNL9442632_A-Cable Ladder MVS',' ','1JNL9442632_A-Cable Ladder MVS',#5365,#5343,' ',.ELEMENT.);
#5329=IFCBUILDINGELEMENTPROXY('3LZLYuTEisuOxR2lcn4fAJ',#7362,'1JNL9442632_A-Cable Ladder MVS',' ','1JNL9442632_A-Cable Ladder MVS',#5366,#5344,' ',.ELEMENT.);
#5330=IFCBUILDINGELEMENTPROXY('2S2sEEq1Gm4wtZ_39mCcDG',#7362,'1JNL9442632_A-Cable Ladder MVS',' ','1JNL9442632_A-Cable Ladder MVS',#5367,#5345,' ',.ELEMENT.);
#5331=IFCPRODUCTDEFINITIONSHAPE(' ',' ',(#5517));
#5332=IFCPRODUCTDEFINITIONSHAPE(' ',' ',(#5519));
#5333=IFCPRODUCTDEFINITIONSHAPE(' ',' ',(#5522));
#5334=IFCPRODUCTDEFINITIONSHAPE(' ',' ',(#5540));
#5335=IFCPRODUCTDEFINITIONSHAPE(' ',' ',(#5544));
#5336=IFCPRODUCTDEFINITIONSHAPE(' ',' ',(#5554));
#5337=IFCPRODUCTDEFINITIONSHAPE(' ',' ',(#5555));
#5338=IFCPRODUCTDEFINITIONSHAPE(' ',' ',(#5556));
#5339=IFCPRODUCTDEFINITIONSHAPE(' ',' ',(#5557));
#5340=IFCPRODUCTDEFINITIONSHAPE(' ',' ',(#5558));
#5341=IFCPRODUCTDEFINITIONSHAPE(' ',' ',(#5559));
#5342=IFCPRODUCTDEFINITIONSHAPE(' ',' ',(#5560));
#5343=IFCPRODUCTDEFINITIONSHAPE(' ',' ',(#5577));
#5344=IFCPRODUCTDEFINITIONSHAPE(' ',' ',(#5578));
#5345=IFCPRODUCTDEFINITIONSHAPE(' ',' ',(#5579));
#5346=IFCRELCONTAINEDINSPATIALSTRUCTURE('0u7GD42ymxDxztP3TseWfx',#7362,' ',' ',(#5316,#5317,#10),#5368);
#5347=IFCRELAGGREGATES('155Aa2704oSBCtAagpRMHL',#7362,$,$,#5581,(#5368));
#5348=IFCRELAGGREGATES('2CbmRbDNe_7uJceT9Voayq',#7362,'1JNL9362899_A-Electrical design requirements, MVS1, NER, Aux Tx-build\X2\000D000A\X0\ing, Cable ways','Assembly',#10,(#5318,#11));
#5349=IFCRELAGGREGATES('1Jle4Kb3uxjvwdMtOc$Nax',#7362,'1JNL9442575_A-MVS Cable Ladder P1','Assembly',#11,(#5319,#5320,#5321,#5322,#5323,#5324,#5325,#5326,#5327,#5328,#5329,#5330));
#5350=IFCLOCALPLACEMENT($,#5584);
#5351=IFCLOCALPLACEMENT(#5350,#5585);
#5352=IFCLOCALPLACEMENT(#5350,#5586);
#5353=IFCLOCALPLACEMENT(#5350,#5601);
#5354=IFCLOCALPLACEMENT(#5353,#5587);
#5355=IFCLOCALPLACEMENT(#5353,#5600);
#5356=IFCLOCALPLACEMENT(#5355,#5588);
#5357=IFCLOCALPLACEMENT(#5355,#5589);
#5358=IFCLOCALPLACEMENT(#5355,#5590);
#5359=IFCLOCALPLACEMENT(#5355,#5591);
#5360=IFCLOCALPLACEMENT(#5355,#5592);
#5361=IFCLOCALPLACEMENT(#5355,#5593);
#5362=IFCLOCALPLACEMENT(#5355,#5594);
#5363=IFCLOCALPLACEMENT(#5355,#5595);
#5364=IFCLOCALPLACEMENT(#5355,#5596);
#5365=IFCLOCALPLACEMENT(#5355,#5597);
#5366=IFCLOCALPLACEMENT(#5355,#5598);
#5367=IFCLOCALPLACEMENT(#5355,#5599);
#5368=IFCBUILDING('3tF5_$80mvJetN_zt1WtGG',#7362,'Default Building',$,$,#5350,$,$,.ELEMENT.,0.,0.,$);
#5369=IFCCARTESIANTRANSFORMATIONOPERATOR3D($,$,#5640,1.,$);
#5370=IFCCARTESIANTRANSFORMATIONOPERATOR3D($,$,#5647,1.,$);
#5371=IFCCARTESIANTRANSFORMATIONOPERATOR3D($,$,#5677,1.,$);
#5372=IFCCARTESIANTRANSFORMATIONOPERATOR3D($,$,#5686,1.,$);
#5373=IFCCARTESIANTRANSFORMATIONOPERATOR3D($,$,#5720,1.,$);
#5374=IFCCARTESIANTRANSFORMATIONOPERATOR3D($,$,#5753,1.,$);
#5375=IFCCARTESIANTRANSFORMATIONOPERATOR3D($,$,#5786,1.,$);
#5376=IFCCARTESIANTRANSFORMATIONOPERATOR3D($,$,#5819,1.,$);
#5377=IFCCARTESIANTRANSFORMATIONOPERATOR3D($,$,#5852,1.,$);
#5378=IFCCARTESIANTRANSFORMATIONOPERATOR3D($,$,#5885,1.,$);
#5379=IFCCARTESIANTRANSFORMATIONOPERATOR3D($,$,#5918,1.,$);
#5380=IFCCARTESIANTRANSFORMATIONOPERATOR3D($,$,#5951,1.,$);
#5381=IFCCARTESIANTRANSFORMATIONOPERATOR3D($,$,#5984,1.,$);
#5382=IFCCARTESIANTRANSFORMATIONOPERATOR3D($,$,#6017,1.,$);
#5383=IFCCARTESIANTRANSFORMATIONOPERATOR3D($,$,#6050,1.,$);
#5384=IFCCARTESIANTRANSFORMATIONOPERATOR3D($,$,#6083,1.,$);
#5385=IFCCARTESIANTRANSFORMATIONOPERATOR3D($,$,#6116,1.,$);
#5386=IFCCARTESIANTRANSFORMATIONOPERATOR3D($,$,#6149,1.,$);
#5387=IFCCARTESIANTRANSFORMATIONOPERATOR3D($,$,#6182,1.,$);
#5388=IFCCARTESIANTRANSFORMATIONOPERATOR3D($,$,#6231,1.,$);
#5389=IFCCARTESIANTRANSFORMATIONOPERATOR3D($,$,#6264,1.,$);
#5390=IFCCARTESIANTRANSFORMATIONOPERATOR3D($,$,#6314,1.,$);
#5391=IFCCARTESIANTRANSFORMATIONOPERATOR3D($,$,#6347,1.,$);
#5392=IFCCARTESIANTRANSFORMATIONOPERATOR3D($,$,#6380,1.,$);
#5393=IFCCARTESIANTRANSFORMATIONOPERATOR3D($,$,#6414,1.,$);
#5394=IFCCARTESIANTRANSFORMATIONOPERATOR3D($,$,#6445,1.,$);
#5395=IFCCARTESIANTRANSFORMATIONOPERATOR3D($,$,#6478,1.,$);
#5396=IFCCARTESIANTRANSFORMATIONOPERATOR3D($,$,#6509,1.,$);
#5397=IFCCARTESIANTRANSFORMATIONOPERATOR3D($,$,#6540,1.,$);
#5398=IFCCARTESIANTRANSFORMATIONOPERATOR3D($,$,#6569,1.,$);
#5399=IFCCARTESIANTRANSFORMATIONOPERATOR3D($,$,#6600,1.,$);
#5400=IFCCARTESIANTRANSFORMATIONOPERATOR3D($,$,#6631,1.,$);
#5401=IFCCARTESIANTRANSFORMATIONOPERATOR3D($,$,#6662,1.,$);
#5402=IFCCARTESIANTRANSFORMATIONOPERATOR3D($,$,#6702,1.,$);
#5403=IFCCARTESIANTRANSFORMATIONOPERATOR3D($,$,#6735,1.,$);
#5404=IFCCARTESIANTRANSFORMATIONOPERATOR3D($,$,#6768,1.,$);
#5405=IFCCARTESIANTRANSFORMATIONOPERATOR3D($,$,#6801,1.,$);
#5406=IFCCARTESIANTRANSFORMATIONOPERATOR3D($,$,#6834,1.,$);
#5407=IFCCARTESIANTRANSFORMATIONOPERATOR3D($,$,#6867,1.,$);
#5408=IFCCARTESIANTRANSFORMATIONOPERATOR3D($,$,#6900,1.,$);
#5409=IFCCARTESIANTRANSFORMATIONOPERATOR3D($,$,#6933,1.,$);
#5410=IFCCARTESIANTRANSFORMATIONOPERATOR3D($,$,#6966,1.,$);
#5411=IFCCARTESIANTRANSFORMATIONOPERATOR3D($,$,#6999,1.,$);
#5412=IFCCARTESIANTRANSFORMATIONOPERATOR3D($,$,#7186,1.,$);
#5413=IFCCARTESIANTRANSFORMATIONOPERATOR3D($,$,#7219,1.,$);
#5414=IFCCARTESIANTRANSFORMATIONOPERATOR3D($,$,#7252,1.,$);
#5415=IFCCARTESIANTRANSFORMATIONOPERATOR3D($,$,#7285,1.,$);
#5416=IFCCARTESIANTRANSFORMATIONOPERATOR3D($,$,#7318,1.,$);
#5417=IFCCARTESIANTRANSFORMATIONOPERATOR3D($,$,#7351,1.,$);
#5418=IFCMAPPEDITEM(#5467,#5369);
#5419=IFCMAPPEDITEM(#5468,#5370);
#5420=IFCMAPPEDITEM(#5469,#5371);
#5421=IFCMAPPEDITEM(#5470,#5372);
#5422=IFCMAPPEDITEM(#5471,#5373);
#5423=IFCMAPPEDITEM(#5472,#5374);
#5424=IFCMAPPEDITEM(#5473,#5375);
#5425=IFCMAPPEDITEM(#5474,#5376);
#5426=IFCMAPPEDITEM(#5475,#5377);
#5427=IFCMAPPEDITEM(#5476,#5378);
#5428=IFCMAPPEDITEM(#5477,#5379);
#5429=IFCMAPPEDITEM(#5478,#5380);
#5430=IFCMAPPEDITEM(#5479,#5381);
#5431=IFCMAPPEDITEM(#5480,#5382);
#5432=IFCMAPPEDITEM(#5481,#5383);
#5433=IFCMAPPEDITEM(#5482,#5384);
#5434=IFCMAPPEDITEM(#5483,#5385);
#5435=IFCMAPPEDITEM(#5484,#5386);
#5436=IFCMAPPEDITEM(#5485,#5387);
#5437=IFCMAPPEDITEM(#5486,#5388);
#5438=IFCMAPPEDITEM(#5487,#5389);
#5439=IFCMAPPEDITEM(#5488,#5390);
#5440=IFCMAPPEDITEM(#5489,#5391);
#5441=IFCMAPPEDITEM(#5490,#5392);
#5442=IFCMAPPEDITEM(#5491,#5393);
#5443=IFCMAPPEDITEM(#5492,#5394);
#5444=IFCMAPPEDITEM(#5493,#5395);
#5445=IFCMAPPEDITEM(#5494,#5396);
#5446=IFCMAPPEDITEM(#5495,#5397);
#5447=IFCMAPPEDITEM(#5496,#5398);
#5448=IFCMAPPEDITEM(#5497,#5399);
#5449=IFCMAPPEDITEM(#5498,#5400);
#5450=IFCMAPPEDITEM(#5499,#5401);
#5451=IFCMAPPEDITEM(#5500,#5402);
#5452=IFCMAPPEDITEM(#5501,#5403);
#5453=IFCMAPPEDITEM(#5502,#5404);
#5454=IFCMAPPEDITEM(#5503,#5405);
#5455=IFCMAPPEDITEM(#5504,#5406);
#5456=IFCMAPPEDITEM(#5505,#5407);
#5457=IFCMAPPEDITEM(#5506,#5408);
#5458=IFCMAPPEDITEM(#5507,#5409);
#5459=IFCMAPPEDITEM(#5508,#5410);
#5460=IFCMAPPEDITEM(#5509,#5411);
#5461=IFCMAPPEDITEM(#5510,#5412);
#5462=IFCMAPPEDITEM(#5511,#5413);
#5463=IFCMAPPEDITEM(#5512,#5414);
#5464=IFCMAPPEDITEM(#5513,#5415);
#5465=IFCMAPPEDITEM(#5514,#5416);
#5466=IFCMAPPEDITEM(#5515,#5417);
#5467=IFCREPRESENTATIONMAP(#5584,#5516);
#5468=IFCREPRESENTATIONMAP(#5584,#5518);
#5469=IFCREPRESENTATIONMAP(#5584,#5520);
#5470=IFCREPRESENTATIONMAP(#5584,#5521);
#5471=IFCREPRESENTATIONMAP(#5584,#5523);
#5472=IFCREPRESENTATIONMAP(#5584,#5524);
#5473=IFCREPRESENTATIONMAP(#5584,#5525);
#5474=IFCREPRESENTATIONMAP(#5584,#5526);
#5475=IFCREPRESENTATIONMAP(#5584,#5527);
#5476=IFCREPRESENTATIONMAP(#5584,#5528);
#5477=IFCREPRESENTATIONMAP(#5584,#5529);
#5478=IFCREPRESENTATIONMAP(#5584,#5530);
#5479=IFCREPRESENTATIONMAP(#5584,#5531);
#5480=IFCREPRESENTATIONMAP(#5584,#5532);
#5481=IFCREPRESENTATIONMAP(#5584,#5533);
#5482=IFCREPRESENTATIONMAP(#5584,#5534);
#5483=IFCREPRESENTATIONMAP(#5584,#5535);
#5484=IFCREPRESENTATIONMAP(#5584,#5536);
#5485=IFCREPRESENTATIONMAP(#5584,#5537);
#5486=IFCREPRESENTATIONMAP(#5584,#5538);
#5487=IFCREPRESENTATIONMAP(#5584,#5539);
#5488=IFCREPRESENTATIONMAP(#5584,#5541);
#5489=IFCREPRESENTATIONMAP(#5584,#5542);
#5490=IFCREPRESENTATIONMAP(#5584,#5543);
#5491=IFCREPRESENTATIONMAP(#5584,#5545);
#5492=IFCREPRESENTATIONMAP(#5584,#5546);
#5493=IFCREPRESENTATIONMAP(#5584,#5547);
#5494=IFCREPRESENTATIONMAP(#5584,#5548);
#5495=IFCREPRESENTATIONMAP(#5584,#5549);
#5496=IFCREPRESENTATIONMAP(#5584,#5550);
#5497=IFCREPRESENTATIONMAP(#5584,#5551);
#5498=IFCREPRESENTATIONMAP(#5584,#5552);
#5499=IFCREPRESENTATIONMAP(#5584,#5553);
#5500=IFCREPRESENTATIONMAP(#5584,#5561);
#5501=IFCREPRESENTATIONMAP(#5584,#5562);
#5502=IFCREPRESENTATIONMAP(#5584,#5563);
#5503=IFCREPRESENTATIONMAP(#5584,#5564);
#5504=IFCREPRESENTATIONMAP(#5584,#5565);
#5505=IFCREPRESENTATIONMAP(#5584,#5566);
#5506=IFCREPRESENTATIONMAP(#5584,#5567);
#5507=IFCREPRESENTATIONMAP(#5584,#5568);
#5508=IFCREPRESENTATIONMAP(#5584,#5569);
#5509=IFCREPRESENTATIONMAP(#5584,#5570);
#5510=IFCREPRESENTATIONMAP(#5584,#5571);
#5511=IFCREPRESENTATIONMAP(#5584,#5572);
#5512=IFCREPRESENTATIONMAP(#5584,#5573);
#5513=IFCREPRESENTATIONMAP(#5584,#5574);
#5514=IFCREPRESENTATIONMAP(#5584,#5575);
#5515=IFCREPRESENTATIONMAP(#5584,#5576);
#5516=IFCSHAPEREPRESENTATION(#5583,'Body','GeometricCurveSet',(#5580));
#5517=IFCSHAPEREPRESENTATION(#5583,'Body','MappedRepresentation',(#5418));
#5518=IFCSHAPEREPRESENTATION(#5583,'Body','Brep',(#3896));
#5519=IFCSHAPEREPRESENTATION(#5583,'Body','MappedRepresentation',(#5419));
#5520=IFCSHAPEREPRESENTATION(#5583,'Body','Brep',(#3897));
#5521=IFCSHAPEREPRESENTATION(#5583,'Body','Brep',(#3898));
#5522=IFCSHAPEREPRESENTATION(#5583,'Body','MappedRepresentation',(#5420,#5421));
#5523=IFCSHAPEREPRESENTATION(#5583,'Body','Brep',(#3899));
#5524=IFCSHAPEREPRESENTATION(#5583,'Body','Brep',(#3900));
#5525=IFCSHAPEREPRESENTATION(#5583,'Body','Brep',(#3901));
#5526=IFCSHAPEREPRESENTATION(#5583,'Body','Brep',(#3902));
#5527=IFCSHAPEREPRESENTATION(#5583,'Body','Brep',(#3903));
#5528=IFCSHAPEREPRESENTATION(#5583,'Body','Brep',(#3904));
#5529=IFCSHAPEREPRESENTATION(#5583,'Body','Brep',(#3905));
#5530=IFCSHAPEREPRESENTATION(#5583,'Body','Brep',(#3906));
#5531=IFCSHAPEREPRESENTATION(#5583,'Body','Brep',(#3907));
#5532=IFCSHAPEREPRESENTATION(#5583,'Body','Brep',(#3908));
#5533=IFCSHAPEREPRESENTATION(#5583,'Body','Brep',(#3909));
#5534=IFCSHAPEREPRESENTATION(#5583,'Body','Brep',(#3910));
#5535=IFCSHAPEREPRESENTATION(#5583,'Body','Brep',(#3911));
#5536=IFCSHAPEREPRESENTATION(#5583,'Body','Brep',(#3912));
#5537=IFCSHAPEREPRESENTATION(#5583,'Body','Brep',(#3913));
#5538=IFCSHAPEREPRESENTATION(#5583,'Body','Brep',(#3914));
#5539=IFCSHAPEREPRESENTATION(#5583,'Body','Brep',(#3915));
#5540=IFCSHAPEREPRESENTATION(#5583,'Body','MappedRepresentation',(#5422,#5423,#5424,#5425,#5426,#5427,#5428,#5429,#5430,#5431,#5432,#5433,#5434,#5435,#5436,#5437,#5438));
#5541=IFCSHAPEREPRESENTATION(#5583,'Body','Brep',(#3916));
#5542=IFCSHAPEREPRESENTATION(#5583,'Body','Brep',(#3917));
#5543=IFCSHAPEREPRESENTATION(#5583,'Body','Brep',(#3918));
#5544=IFCSHAPEREPRESENTATION(#5583,'Body','MappedRepresentation',(#5439,#5440,#5441));
#5545=IFCSHAPEREPRESENTATION(#5583,'Body','Brep',(#3919));
#5546=IFCSHAPEREPRESENTATION(#5583,'Body','Brep',(#3920));
#5547=IFCSHAPEREPRESENTATION(#5583,'Body','Brep',(#3921));
#5548=IFCSHAPEREPRESENTATION(#5583,'Body','Brep',(#3922));
#5549=IFCSHAPEREPRESENTATION(#5583,'Body','Brep',(#3923));
#5550=IFCSHAPEREPRESENTATION(#5583,'Body','Brep',(#3924));
#5551=IFCSHAPEREPRESENTATION(#5583,'Body','Brep',(#3925));
#5552=IFCSHAPEREPRESENTATION(#5583,'Body','Brep',(#3926));
#5553=IFCSHAPEREPRESENTATION(#5583,'Body','Brep',(#3927));
#5554=IFCSHAPEREPRESENTATION(#5583,'Body','MappedRepresentation',(#5442,#5443,#5444,#5445,#5446,#5447,#5448,#5449,#5450));
#5555=IFCSHAPEREPRESENTATION(#5583,'Body','MappedRepresentation',(#5442,#5443,#5444,#5445,#5446,#5447,#5448,#5449,#5450));
#5556=IFCSHAPEREPRESENTATION(#5583,'Body','MappedRepresentation',(#5422,#5423,#5424,#5425,#5426,#5427,#5428,#5429,#5430,#5431,#5432,#5433,#5434,#5435,#5436,#5437,#5438));
#5557=IFCSHAPEREPRESENTATION(#5583,'Body','MappedRepresentation',(#5439,#5440,#5441));
#5558=IFCSHAPEREPRESENTATION(#5583,'Body','MappedRepresentation',(#5439,#5440,#5441));
#5559=IFCSHAPEREPRESENTATION(#5583,'Body','MappedRepresentation',(#5442,#5443,#5444,#5445,#5446,#5447,#5448,#5449,#5450));
#5560=IFCSHAPEREPRESENTATION(#5583,'Body','MappedRepresentation',(#5422,#5423,#5424,#5425,#5426,#5427,#5428,#5429,#5430,#5431,#5432,#5433,#5434,#5435,#5436,#5437,#5438));
#5561=IFCSHAPEREPRESENTATION(#5583,'Body','Brep',(#3928));
#5562=IFCSHAPEREPRESENTATION(#5583,'Body','Brep',(#3929));
#5563=IFCSHAPEREPRESENTATION(#5583,'Body','Brep',(#3930));
#5564=IFCSHAPEREPRESENTATION(#5583,'Body','Brep',(#3931));
#5565=IFCSHAPEREPRESENTATION(#5583,'Body','Brep',(#3932));
#5566=IFCSHAPEREPRESENTATION(#5583,'Body','Brep',(#3933));
#5567=IFCSHAPEREPRESENTATION(#5583,'Body','Brep',(#3934));
#5568=IFCSHAPEREPRESENTATION(#5583,'Body','Brep',(#3935));
#5569=IFCSHAPEREPRESENTATION(#5583,'Body','Brep',(#3936));
#5570=IFCSHAPEREPRESENTATION(#5583,'Body','Brep',(#3937));
#5571=IFCSHAPEREPRESENTATION(#5583,'Body','Brep',(#3938));
#5572=IFCSHAPEREPRESENTATION(#5583,'Body','Brep',(#3939));
#5573=IFCSHAPEREPRESENTATION(#5583,'Body','Brep',(#3940));
#5574=IFCSHAPEREPRESENTATION(#5583,'Body','Brep',(#3941));
#5575=IFCSHAPEREPRESENTATION(#5583,'Body','Brep',(#3942));
#5576=IFCSHAPEREPRESENTATION(#5583,'Body','Brep',(#3943));
#5577=IFCSHAPEREPRESENTATION(#5583,'Body','MappedRepresentation',(#5451,#5452,#5453,#5454,#5455,#5456,#5457,#5458,#5459,#5460,#5461,#5462,#5463,#5464,#5465,#5466));
#5578=IFCSHAPEREPRESENTATION(#5583,'Body','MappedRepresentation',(#5451,#5452,#5453,#5454,#5455,#5456,#5457,#5458,#5459,#5460,#5461,#5462,#5463,#5464,#5465,#5466));
#5579=IFCSHAPEREPRESENTATION(#5583,'Body','MappedRepresentation',(#5451,#5452,#5453,#5454,#5455,#5456,#5457,#5458,#5459,#5460,#5461,#5462,#5463,#5464,#5465,#5466));
#5580=IFCGEOMETRICCURVESET((#5639));
#5581=IFCPROJECT('2kPKs2A7qsqR9_UH16eIGA',#7362,'MVS Cable Ways P1',' ',' ',' ',' ',(#7357),#5582);
#5582=IFCUNITASSIGNMENT((#7358,#7359,#7360,#7361));
#5583=IFCGEOMETRICREPRESENTATIONSUBCONTEXT('Body','Model',*,*,*,*,#7357,1.,.MODEL_VIEW.,$);
#5584=IFCAXIS2PLACEMENT3D(#5638,#5602,#5603);
#5585=IFCAXIS2PLACEMENT3D(#5641,#5604,#5605);
#5586=IFCAXIS2PLACEMENT3D(#5648,#5606,#5607);
#5587=IFCAXIS2PLACEMENT3D(#5687,#5608,#5609);
#5588=IFCAXIS2PLACEMENT3D(#6265,#5610,#5611);
#5589=IFCAXIS2PLACEMENT3D(#6381,#5612,#5613);
#5590=IFCAXIS2PLACEMENT3D(#6663,#5614,#5615);
#5591=IFCAXIS2PLACEMENT3D(#6664,#5616,#5617);
#5592=IFCAXIS2PLACEMENT3D(#6665,#5618,#5619);
#5593=IFCAXIS2PLACEMENT3D(#6666,#5620,#5621);
#5594=IFCAXIS2PLACEMENT3D(#6667,#5622,#5623);
#5595=IFCAXIS2PLACEMENT3D(#6668,#5624,#5625);
#5596=IFCAXIS2PLACEMENT3D(#6669,#5626,#5627);
#5597=IFCAXIS2PLACEMENT3D(#7352,#5628,#5629);
#5598=IFCAXIS2PLACEMENT3D(#7353,#5630,#5631);
#5599=IFCAXIS2PLACEMENT3D(#7354,#5632,#5633);
#5600=IFCAXIS2PLACEMENT3D(#7355,#5634,#5635);
#5601=IFCAXIS2PLACEMENT3D(#7356,#5636,#5637);
#5602=IFCDIRECTION((0.,0.,1.));
#5603=IFCDIRECTION((1.,0.,0.));
#5604=IFCDIRECTION((0.,0.,1.));
#5605=IFCDIRECTION((1.,0.,0.));
#5606=IFCDIRECTION((0.,0.,1.));
#5607=IFCDIRECTION((1.,0.,0.));
#5608=IFCDIRECTION((-1.50530108472392E-47,1.23259516440783E-32,1.));
#5609=IFCDIRECTION((1.97215226305253E-31,-1.,1.23259516440783E-32));
#5610=IFCDIRECTION((0.,0.,-1.));
#5611=IFCDIRECTION((8.15835817871947E-06,0.999999999966721,0.));
#5612=IFCDIRECTION((0.,0.,-1.));
#5613=IFCDIRECTION((0.999999999966721,-8.15835817754801E-06,0.));
#5614=IFCDIRECTION((0.,0.,-1.));
#5615=IFCDIRECTION((-8.15835817839947E-06,-0.999999999966721,0.));
#5616=IFCDIRECTION((0.,0.,-1.));
#5617=IFCDIRECTION((-8.15835817894248E-06,-0.999999999966721,0.));
#5618=IFCDIRECTION((0.,0.,-1.));
#5619=IFCDIRECTION((8.15835817926248E-06,0.999999999966721,0.));
#5620=IFCDIRECTION((0.,0.,-1.));
#5621=IFCDIRECTION((0.999999999966721,-8.15835817809102E-06,0.));
#5622=IFCDIRECTION((2.34291072916505E-15,-3.00926553810506E-36,-1.));
#5623=IFCDIRECTION((0.999999999966721,-8.15835817863403E-06,2.34291072908708E-15));
#5624=IFCDIRECTION((2.34291072916505E-15,0.,-1.));
#5625=IFCDIRECTION((-8.15835817948549E-06,-0.999999999966721,-1.9114304911088E-20));
#5626=IFCDIRECTION((2.34291072916505E-15,0.,-1.));
#5627=IFCDIRECTION((8.15835817980549E-06,0.999999999966721,1.91143049118377E-20));
#5628=IFCDIRECTION((0.,0.,1.));
#5629=IFCDIRECTION((8.15835818991403E-06,-0.999999999966721,0.));
#5630=IFCDIRECTION((0.,0.,1.));
#5631=IFCDIRECTION((8.15835818937403E-06,-0.999999999966721,0.));
#5632=IFCDIRECTION((0.,0.,1.));
#5633=IFCDIRECTION((8.15835818882403E-06,-0.999999999966721,0.));
#5634=IFCDIRECTION((-1.50530108472392E-47,1.23259516440783E-32,1.));
#5635=IFCDIRECTION((1.97215226305253E-31,-1.,1.23259516440783E-32));
#5636=IFCDIRECTION((0.,0.,1.));
#5637=IFCDIRECTION((1.17145536458252E-15,1.,0.));
#5638=IFCCARTESIANPOINT((0.,0.,0.));
#5639=IFCCARTESIANPOINT((0.,0.,0.));
#5640=IFCCARTESIANPOINT((0.,0.,0.));
#5641=IFCCARTESIANPOINT((0.,0.,0.));
#5642=IFCCARTESIANPOINT((2.63948862766483E-12,1.54308565925019E-12,2.70716782324503E-14));
#5643=IFCCARTESIANPOINT((500.,-500.000000000006,-1000.));
#5644=IFCCARTESIANPOINT((500.000000000003,499.999999999999,-1000.));
#5645=IFCCARTESIANPOINT((-500.000000000005,-500.000000000002,-1000.));
#5646=IFCCARTESIANPOINT((-500.000000000003,500.000000000002,-1000.));
#5647=IFCCARTESIANPOINT((0.,0.,0.));
#5648=IFCCARTESIANPOINT((0.,0.,0.));
#5649=IFCCARTESIANPOINT((19599.9999997412,-16224.9964369617,-192.49999999942));
#5650=IFCCARTESIANPOINT((15248.5045277412,-16224.9964369613,-192.499999999418));
#5651=IFCCARTESIANPOINT((15248.5045277412,-16224.9964369613,-267.499999999418));
#5652=IFCCARTESIANPOINT((19599.9999997412,-16224.9964369617,-267.49999999942));
#5653=IFCCARTESIANPOINT((19599.9999997412,-16149.9964369617,-267.49999999942));
#5654=IFCCARTESIANPOINT((19599.9999997412,-16149.9964369617,-192.49999999942));
#5655=IFCCARTESIANPOINT((15248.5045277412,-16149.9964369613,-192.499999999418));
#5656=IFCCARTESIANPOINT((15248.5045277412,-16149.9964369613,-267.499999999418));
#5657=IFCCARTESIANPOINT((15136.952307207,-16202.8073206884,-192.49999999942));
#5658=IFCCARTESIANPOINT((15136.952307207,-16202.8073206884,-267.49999999942));
#5659=IFCCARTESIANPOINT((15042.3829010256,-16139.6180636773,-192.49999999942));
#5660=IFCCARTESIANPOINT((15042.3829010256,-16139.6180636773,-267.49999999942));
#5661=IFCCARTESIANPOINT((14979.1936440146,-16045.048657496,-192.49999999942));
#5662=IFCCARTESIANPOINT((14979.1936440146,-16045.048657496,-267.49999999942));
#5663=IFCCARTESIANPOINT((14957.0045277412,-15933.4964369617,-192.49999999942));
#5664=IFCCARTESIANPOINT((14957.0045277412,-15933.4964369617,-267.49999999942));
#5665=IFCCARTESIANPOINT((15095.4159096146,-16086.5850550883,-192.49999999942));
#5666=IFCCARTESIANPOINT((15048.4846089529,-16016.3474000686,-192.49999999942));
#5667=IFCCARTESIANPOINT((15165.6535646344,-16133.5163557501,-192.49999999942));
#5668=IFCCARTESIANPOINT((15032.0045277412,-15933.4964369617,-192.49999999942));
#5669=IFCCARTESIANPOINT((15048.4846089529,-16016.3474000686,-267.49999999942));
#5670=IFCCARTESIANPOINT((15032.0045277412,-15933.4964369617,-267.49999999942));
#5671=IFCCARTESIANPOINT((15095.4159096146,-16086.5850550883,-267.49999999942));
#5672=IFCCARTESIANPOINT((15165.6535646344,-16133.5163557501,-267.49999999942));
#5673=IFCCARTESIANPOINT((14957.0045277412,-14895.0105654617,-192.49999999942));
#5674=IFCCARTESIANPOINT((14957.0045277412,-14895.0105654617,-267.49999999942));
#5675=IFCCARTESIANPOINT((15032.0045277412,-14895.0105654617,-192.49999999942));
#5676=IFCCARTESIANPOINT((15032.0045277412,-14895.0105654617,-267.49999999942));
#5677=IFCCARTESIANPOINT((0.,0.,0.));
#5678=IFCCARTESIANPOINT((19599.9966224412,-16738.0349406417,-192.49999999942));
#5679=IFCCARTESIANPOINT((14599.9966224412,-16738.0349406417,-192.49999999942));
#5680=IFCCARTESIANPOINT((14599.9966224412,-16738.0349406417,-267.49999999942));
#5681=IFCCARTESIANPOINT((19599.9966224412,-16738.0349406417,-267.49999999942));
#5682=IFCCARTESIANPOINT((19599.9966224412,-16663.0349406417,-192.49999999942));
#5683=IFCCARTESIANPOINT((14599.9966224412,-16663.0349406417,-192.49999999942));
#5684=IFCCARTESIANPOINT((19599.9966224412,-16663.0349406417,-267.49999999942));
#5685=IFCCARTESIANPOINT((14599.9966224412,-16663.0349406417,-267.49999999942));
#5686=IFCCARTESIANPOINT((0.,0.,0.));
#5687=IFCCARTESIANPOINT((26520.0088767186,22349.9999999996,2349.99999999972));
#5688=IFCCARTESIANPOINT((-207.,1634.94521895368,-1.04528463267652));
#5689=IFCCARTESIANPOINT((-207.,1633.66025403784,-4.99999999999998));
#5690=IFCCARTESIANPOINT((-207.,1630.87785252292,-8.09016994374943));
#5691=IFCCARTESIANPOINT((-207.,1627.07911690818,-9.78147600733807));
#5692=IFCCARTESIANPOINT((-207.,1622.92088309182,-9.78147600733807));
#5693=IFCCARTESIANPOINT((-207.,1619.12214747708,-8.09016994374943));
#5694=IFCCARTESIANPOINT((-207.,1616.33974596216,-4.99999999999999));
#5695=IFCCARTESIANPOINT((-207.,1615.05478104632,-1.04528463267653));
#5696=IFCCARTESIANPOINT((-207.,1615.48943483705,3.09016994374949));
#5697=IFCCARTESIANPOINT((-207.,1617.56855174523,6.69130606358859));
#5698=IFCCARTESIANPOINT((-207.,1620.93263356924,9.135454576426));
#5699=IFCCARTESIANPOINT((-207.,1625.,10.));
#5700=IFCCARTESIANPOINT((-207.,1629.06736643076,9.13545457642601));
#5701=IFCCARTESIANPOINT((-207.,1632.43144825477,6.69130606358859));
#5702=IFCCARTESIANPOINT((-207.,1634.51056516295,3.0901699437495));
#5703=IFCCARTESIANPOINT((-207.,1635.,-6.12323399573677E-16));
#5704=IFCCARTESIANPOINT((207.,1634.51056516295,3.0901699437495));
#5705=IFCCARTESIANPOINT((207.,1635.,-6.12323399573677E-16));
#5706=IFCCARTESIANPOINT((207.,1620.93263356924,9.135454576426));
#5707=IFCCARTESIANPOINT((207.,1625.,10.));
#5708=IFCCARTESIANPOINT((207.,1617.56855174523,6.69130606358859));
#5709=IFCCARTESIANPOINT((207.,1615.48943483705,3.09016994374949));
#5710=IFCCARTESIANPOINT((207.,1615.05478104632,-1.04528463267653));
#5711=IFCCARTESIANPOINT((207.,1616.33974596216,-4.99999999999999));
#5712=IFCCARTESIANPOINT((207.,1619.12214747708,-8.09016994374943));
#5713=IFCCARTESIANPOINT((207.,1622.92088309182,-9.78147600733807));
#5714=IFCCARTESIANPOINT((207.,1627.07911690818,-9.78147600733807));
#5715=IFCCARTESIANPOINT((207.,1630.87785252292,-8.09016994374943));
#5716=IFCCARTESIANPOINT((207.,1633.66025403784,-4.99999999999998));
#5717=IFCCARTESIANPOINT((207.,1634.94521895368,-1.04528463267652));
#5718=IFCCARTESIANPOINT((207.,1632.43144825477,6.69130606358859));
#5719=IFCCARTESIANPOINT((207.,1629.06736643076,9.13545457642601));
#5720=IFCCARTESIANPOINT((0.,0.,0.));
#5721=IFCCARTESIANPOINT((-207.,1884.94521895368,-1.04528463267652));
#5722=IFCCARTESIANPOINT((-207.,1883.66025403784,-4.99999999999998));
#5723=IFCCARTESIANPOINT((-207.,1880.87785252292,-8.09016994374943));
#5724=IFCCARTESIANPOINT((-207.,1877.07911690818,-9.78147600733807));
#5725=IFCCARTESIANPOINT((-207.,1872.92088309182,-9.78147600733807));
#5726=IFCCARTESIANPOINT((-207.,1869.12214747708,-8.09016994374943));
#5727=IFCCARTESIANPOINT((-207.,1866.33974596216,-4.99999999999999));
#5728=IFCCARTESIANPOINT((-207.,1865.05478104632,-1.04528463267653));
#5729=IFCCARTESIANPOINT((-207.,1865.48943483705,3.09016994374949));
#5730=IFCCARTESIANPOINT((-207.,1867.56855174523,6.69130606358859));
#5731=IFCCARTESIANPOINT((-207.,1870.93263356924,9.135454576426));
#5732=IFCCARTESIANPOINT((-207.,1875.,10.));
#5733=IFCCARTESIANPOINT((-207.,1879.06736643076,9.13545457642601));
#5734=IFCCARTESIANPOINT((-207.,1882.43144825477,6.69130606358859));
#5735=IFCCARTESIANPOINT((-207.,1884.51056516295,3.0901699437495));
#5736=IFCCARTESIANPOINT((-207.,1885.,-6.12323399573677E-16));
#5737=IFCCARTESIANPOINT((207.,1884.51056516295,3.0901699437495));
#5738=IFCCARTESIANPOINT((207.,1885.,-6.12323399573677E-16));
#5739=IFCCARTESIANPOINT((207.,1870.93263356924,9.135454576426));
#5740=IFCCARTESIANPOINT((207.,1875.,10.));
#5741=IFCCARTESIANPOINT((207.,1867.56855174523,6.69130606358859));
#5742=IFCCARTESIANPOINT((207.,1865.48943483705,3.09016994374949));
#5743=IFCCARTESIANPOINT((207.,1865.05478104632,-1.04528463267653));
#5744=IFCCARTESIANPOINT((207.,1866.33974596216,-4.99999999999999));
#5745=IFCCARTESIANPOINT((207.,1869.12214747708,-8.09016994374943));
#5746=IFCCARTESIANPOINT((207.,1872.92088309182,-9.78147600733807));
#5747=IFCCARTESIANPOINT((207.,1877.07911690818,-9.78147600733807));
#5748=IFCCARTESIANPOINT((207.,1880.87785252292,-8.09016994374943));
#5749=IFCCARTESIANPOINT((207.,1883.66025403784,-4.99999999999998));
#5750=IFCCARTESIANPOINT((207.,1884.94521895368,-1.04528463267652));
#5751=IFCCARTESIANPOINT((207.,1882.43144825477,6.69130606358859));
#5752=IFCCARTESIANPOINT((207.,1879.06736643076,9.13545457642601));
#5753=IFCCARTESIANPOINT((0.,0.,0.));
#5754=IFCCARTESIANPOINT((-207.,2134.94521895368,-1.04528463267652));
#5755=IFCCARTESIANPOINT((-207.,2133.66025403784,-4.99999999999998));
#5756=IFCCARTESIANPOINT((-207.,2130.87785252292,-8.09016994374953));
#5757=IFCCARTESIANPOINT((-207.,2127.07911690818,-9.78147600733807));
#5758=IFCCARTESIANPOINT((-207.,2122.92088309182,-9.78147600733807));
#5759=IFCCARTESIANPOINT((-207.,2119.12214747708,-8.09016994374954));
#5760=IFCCARTESIANPOINT((-207.,2116.33974596216,-4.99999999999999));
#5761=IFCCARTESIANPOINT((-207.,2115.05478104632,-1.04528463267653));
#5762=IFCCARTESIANPOINT((-207.,2115.48943483705,3.09016994374942));
#5763=IFCCARTESIANPOINT((-207.,2117.56855174523,6.69130606358847));
#5764=IFCCARTESIANPOINT((-207.,2120.93263356924,9.13545457642593));
#5765=IFCCARTESIANPOINT((-207.,2125.,10.));
#5766=IFCCARTESIANPOINT((-207.,2129.06736643076,9.13545457642609));
#5767=IFCCARTESIANPOINT((-207.,2132.43144825477,6.69130606358848));
#5768=IFCCARTESIANPOINT((-207.,2134.51056516295,3.09016994374943));
#5769=IFCCARTESIANPOINT((-207.,2135.,-6.12323399573677E-16));
#5770=IFCCARTESIANPOINT((207.,2134.51056516295,3.09016994374943));
#5771=IFCCARTESIANPOINT((207.,2135.,-6.12323399573677E-16));
#5772=IFCCARTESIANPOINT((207.,2120.93263356924,9.13545457642593));
#5773=IFCCARTESIANPOINT((207.,2125.,10.));
#5774=IFCCARTESIANPOINT((207.,2117.56855174523,6.69130606358847));
#5775=IFCCARTESIANPOINT((207.,2115.48943483705,3.09016994374942));
#5776=IFCCARTESIANPOINT((207.,2115.05478104632,-1.04528463267653));
#5777=IFCCARTESIANPOINT((207.,2116.33974596216,-4.99999999999999));
#5778=IFCCARTESIANPOINT((207.,2119.12214747708,-8.09016994374954));
#5779=IFCCARTESIANPOINT((207.,2122.92088309182,-9.78147600733807));
#5780=IFCCARTESIANPOINT((207.,2127.07911690818,-9.78147600733807));
#5781=IFCCARTESIANPOINT((207.,2130.87785252292,-8.09016994374953));
#5782=IFCCARTESIANPOINT((207.,2133.66025403784,-4.99999999999998));
#5783=IFCCARTESIANPOINT((207.,2134.94521895368,-1.04528463267652));
#5784=IFCCARTESIANPOINT((207.,2132.43144825477,6.69130606358848));
#5785=IFCCARTESIANPOINT((207.,2129.06736643076,9.13545457642609));
#5786=IFCCARTESIANPOINT((0.,0.,0.));
#5787=IFCCARTESIANPOINT((-207.,2384.94521895368,-1.04528463267652));
#5788=IFCCARTESIANPOINT((-207.,2383.66025403784,-4.99999999999998));
#5789=IFCCARTESIANPOINT((-207.,2380.87785252292,-8.09016994374953));
#5790=IFCCARTESIANPOINT((-207.,2377.07911690818,-9.78147600733807));
#5791=IFCCARTESIANPOINT((-207.,2372.92088309182,-9.78147600733807));
#5792=IFCCARTESIANPOINT((-207.,2369.12214747708,-8.09016994374954));
#5793=IFCCARTESIANPOINT((-207.,2366.33974596216,-4.99999999999999));
#5794=IFCCARTESIANPOINT((-207.,2365.05478104632,-1.04528463267653));
#5795=IFCCARTESIANPOINT((-207.,2365.48943483705,3.09016994374942));
#5796=IFCCARTESIANPOINT((-207.,2367.56855174523,6.69130606358847));
#5797=IFCCARTESIANPOINT((-207.,2370.93263356924,9.13545457642593));
#5798=IFCCARTESIANPOINT((-207.,2375.,10.));
#5799=IFCCARTESIANPOINT((-207.,2379.06736643076,9.13545457642609));
#5800=IFCCARTESIANPOINT((-207.,2382.43144825477,6.69130606358848));
#5801=IFCCARTESIANPOINT((-207.,2384.51056516295,3.09016994374943));
#5802=IFCCARTESIANPOINT((-207.,2385.,-6.12323399573677E-16));
#5803=IFCCARTESIANPOINT((207.,2384.51056516295,3.09016994374943));
#5804=IFCCARTESIANPOINT((207.,2385.,-6.12323399573677E-16));
#5805=IFCCARTESIANPOINT((207.,2370.93263356924,9.13545457642593));
#5806=IFCCARTESIANPOINT((207.,2375.,10.));
#5807=IFCCARTESIANPOINT((207.,2367.56855174523,6.69130606358847));
#5808=IFCCARTESIANPOINT((207.,2365.48943483705,3.09016994374942));
#5809=IFCCARTESIANPOINT((207.,2365.05478104632,-1.04528463267653));
#5810=IFCCARTESIANPOINT((207.,2366.33974596216,-4.99999999999999));
#5811=IFCCARTESIANPOINT((207.,2369.12214747708,-8.09016994374954));
#5812=IFCCARTESIANPOINT((207.,2372.92088309182,-9.78147600733807));
#5813=IFCCARTESIANPOINT((207.,2377.07911690818,-9.78147600733807));
#5814=IFCCARTESIANPOINT((207.,2380.87785252292,-8.09016994374953));
#5815=IFCCARTESIANPOINT((207.,2383.66025403784,-4.99999999999998));
#5816=IFCCARTESIANPOINT((207.,2384.94521895368,-1.04528463267652));
#5817=IFCCARTESIANPOINT((207.,2382.43144825477,6.69130606358848));
#5818=IFCCARTESIANPOINT((207.,2379.06736643076,9.13545457642609));
#5819=IFCCARTESIANPOINT((0.,0.,0.));
#5820=IFCCARTESIANPOINT((-207.,2634.94521895368,-1.04528463267652));
#5821=IFCCARTESIANPOINT((-207.,2633.66025403784,-4.99999999999998));
#5822=IFCCARTESIANPOINT((-207.,2630.87785252292,-8.09016994374953));
#5823=IFCCARTESIANPOINT((-207.,2627.07911690818,-9.78147600733807));
#5824=IFCCARTESIANPOINT((-207.,2622.92088309182,-9.78147600733807));
#5825=IFCCARTESIANPOINT((-207.,2619.12214747708,-8.09016994374954));
#5826=IFCCARTESIANPOINT((-207.,2616.33974596216,-4.99999999999999));
#5827=IFCCARTESIANPOINT((-207.,2615.05478104632,-1.04528463267653));
#5828=IFCCARTESIANPOINT((-207.,2615.48943483705,3.09016994374942));
#5829=IFCCARTESIANPOINT((-207.,2617.56855174523,6.69130606358847));
#5830=IFCCARTESIANPOINT((-207.,2620.93263356924,9.13545457642593));
#5831=IFCCARTESIANPOINT((-207.,2625.,10.));
#5832=IFCCARTESIANPOINT((-207.,2629.06736643076,9.13545457642609));
#5833=IFCCARTESIANPOINT((-207.,2632.43144825477,6.69130606358848));
#5834=IFCCARTESIANPOINT((-207.,2634.51056516295,3.09016994374943));
#5835=IFCCARTESIANPOINT((-207.,2635.,-6.12323399573677E-16));
#5836=IFCCARTESIANPOINT((207.,2634.51056516295,3.09016994374943));
#5837=IFCCARTESIANPOINT((207.,2635.,-6.12323399573677E-16));
#5838=IFCCARTESIANPOINT((207.,2620.93263356924,9.13545457642593));
#5839=IFCCARTESIANPOINT((207.,2625.,10.));
#5840=IFCCARTESIANPOINT((207.,2617.56855174523,6.69130606358847));
#5841=IFCCARTESIANPOINT((207.,2615.48943483705,3.09016994374942));
#5842=IFCCARTESIANPOINT((207.,2615.05478104632,-1.04528463267653));
#5843=IFCCARTESIANPOINT((207.,2616.33974596216,-4.99999999999999));
#5844=IFCCARTESIANPOINT((207.,2619.12214747708,-8.09016994374954));
#5845=IFCCARTESIANPOINT((207.,2622.92088309182,-9.78147600733807));
#5846=IFCCARTESIANPOINT((207.,2627.07911690818,-9.78147600733807));
#5847=IFCCARTESIANPOINT((207.,2630.87785252292,-8.09016994374953));
#5848=IFCCARTESIANPOINT((207.,2633.66025403784,-4.99999999999998));
#5849=IFCCARTESIANPOINT((207.,2634.94521895368,-1.04528463267652));
#5850=IFCCARTESIANPOINT((207.,2632.43144825477,6.69130606358848));
#5851=IFCCARTESIANPOINT((207.,2629.06736643076,9.13545457642609));
#5852=IFCCARTESIANPOINT((0.,0.,0.));
#5853=IFCCARTESIANPOINT((-207.,2884.94521895368,-1.04528463267652));
#5854=IFCCARTESIANPOINT((-207.,2883.66025403784,-4.99999999999998));
#5855=IFCCARTESIANPOINT((-207.,2880.87785252292,-8.09016994374953));
#5856=IFCCARTESIANPOINT((-207.,2877.07911690818,-9.78147600733807));
#5857=IFCCARTESIANPOINT((-207.,2872.92088309182,-9.78147600733807));
#5858=IFCCARTESIANPOINT((-207.,2869.12214747708,-8.09016994374954));
#5859=IFCCARTESIANPOINT((-207.,2866.33974596216,-4.99999999999999));
#5860=IFCCARTESIANPOINT((-207.,2865.05478104632,-1.04528463267653));
#5861=IFCCARTESIANPOINT((-207.,2865.48943483705,3.09016994374942));
#5862=IFCCARTESIANPOINT((-207.,2867.56855174523,6.69130606358847));
#5863=IFCCARTESIANPOINT((-207.,2870.93263356924,9.13545457642593));
#5864=IFCCARTESIANPOINT((-207.,2875.,10.));
#5865=IFCCARTESIANPOINT((-207.,2879.06736643076,9.13545457642609));
#5866=IFCCARTESIANPOINT((-207.,2882.43144825477,6.69130606358848));
#5867=IFCCARTESIANPOINT((-207.,2884.51056516295,3.09016994374943));
#5868=IFCCARTESIANPOINT((-207.,2885.,-6.12323399573677E-16));
#5869=IFCCARTESIANPOINT((207.,2884.51056516295,3.09016994374943));
#5870=IFCCARTESIANPOINT((207.,2885.,-6.12323399573677E-16));
#5871=IFCCARTESIANPOINT((207.,2870.93263356924,9.13545457642593));
#5872=IFCCARTESIANPOINT((207.,2875.,10.));
#5873=IFCCARTESIANPOINT((207.,2867.56855174523,6.69130606358847));
#5874=IFCCARTESIANPOINT((207.,2865.48943483705,3.09016994374942));
#5875=IFCCARTESIANPOINT((207.,2865.05478104632,-1.04528463267653));
#5876=IFCCARTESIANPOINT((207.,2866.33974596216,-4.99999999999999));
#5877=IFCCARTESIANPOINT((207.,2869.12214747708,-8.09016994374954));
#5878=IFCCARTESIANPOINT((207.,2872.92088309182,-9.78147600733807));
#5879=IFCCARTESIANPOINT((207.,2877.07911690818,-9.78147600733807));
#5880=IFCCARTESIANPOINT((207.,2880.87785252292,-8.09016994374953));
#5881=IFCCARTESIANPOINT((207.,2883.66025403784,-4.99999999999998));
#5882=IFCCARTESIANPOINT((207.,2884.94521895368,-1.04528463267652));
#5883=IFCCARTESIANPOINT((207.,2882.43144825477,6.69130606358848));
#5884=IFCCARTESIANPOINT((207.,2879.06736643076,9.13545457642609));
#5885=IFCCARTESIANPOINT((0.,0.,0.));
#5886=IFCCARTESIANPOINT((-207.,3134.94521895368,-1.04528463267652));
#5887=IFCCARTESIANPOINT((-207.,3133.66025403784,-4.99999999999998));
#5888=IFCCARTESIANPOINT((-207.,3130.87785252292,-8.09016994374953));
#5889=IFCCARTESIANPOINT((-207.,3127.07911690818,-9.78147600733807));
#5890=IFCCARTESIANPOINT((-207.,3122.92088309182,-9.78147600733807));
#5891=IFCCARTESIANPOINT((-207.,3119.12214747708,-8.09016994374954));
#5892=IFCCARTESIANPOINT((-207.,3116.33974596216,-4.99999999999999));
#5893=IFCCARTESIANPOINT((-207.,3115.05478104632,-1.04528463267653));
#5894=IFCCARTESIANPOINT((-207.,3115.48943483705,3.09016994374942));
#5895=IFCCARTESIANPOINT((-207.,3117.56855174523,6.69130606358847));
#5896=IFCCARTESIANPOINT((-207.,3120.93263356924,9.13545457642593));
#5897=IFCCARTESIANPOINT((-207.,3125.,10.));
#5898=IFCCARTESIANPOINT((-207.,3129.06736643076,9.13545457642609));
#5899=IFCCARTESIANPOINT((-207.,3132.43144825477,6.69130606358848));
#5900=IFCCARTESIANPOINT((-207.,3134.51056516295,3.09016994374943));
#5901=IFCCARTESIANPOINT((-207.,3135.,-6.12323399573677E-16));
#5902=IFCCARTESIANPOINT((207.,3134.51056516295,3.09016994374943));
#5903=IFCCARTESIANPOINT((207.,3135.,-6.12323399573677E-16));
#5904=IFCCARTESIANPOINT((207.,3120.93263356924,9.13545457642593));
#5905=IFCCARTESIANPOINT((207.,3125.,10.));
#5906=IFCCARTESIANPOINT((207.,3117.56855174523,6.69130606358847));
#5907=IFCCARTESIANPOINT((207.,3115.48943483705,3.09016994374942));
#5908=IFCCARTESIANPOINT((207.,3115.05478104632,-1.04528463267653));
#5909=IFCCARTESIANPOINT((207.,3116.33974596216,-4.99999999999999));
#5910=IFCCARTESIANPOINT((207.,3119.12214747708,-8.09016994374954));
#5911=IFCCARTESIANPOINT((207.,3122.92088309182,-9.78147600733807));
#5912=IFCCARTESIANPOINT((207.,3127.07911690818,-9.78147600733807));
#5913=IFCCARTESIANPOINT((207.,3130.87785252292,-8.09016994374953));
#5914=IFCCARTESIANPOINT((207.,3133.66025403784,-4.99999999999998));
#5915=IFCCARTESIANPOINT((207.,3134.94521895368,-1.04528463267652));
#5916=IFCCARTESIANPOINT((207.,3132.43144825477,6.69130606358848));
#5917=IFCCARTESIANPOINT((207.,3129.06736643076,9.13545457642609));
#5918=IFCCARTESIANPOINT((0.,0.,0.));
#5919=IFCCARTESIANPOINT((-207.,3384.94521895368,-1.04528463267652));
#5920=IFCCARTESIANPOINT((-207.,3383.66025403784,-4.99999999999998));
#5921=IFCCARTESIANPOINT((-207.,3380.87785252292,-8.09016994374953));
#5922=IFCCARTESIANPOINT((-207.,3377.07911690818,-9.78147600733807));
#5923=IFCCARTESIANPOINT((-207.,3372.92088309182,-9.78147600733807));
#5924=IFCCARTESIANPOINT((-207.,3369.12214747708,-8.09016994374954));
#5925=IFCCARTESIANPOINT((-207.,3366.33974596216,-4.99999999999999));
#5926=IFCCARTESIANPOINT((-207.,3365.05478104632,-1.04528463267653));
#5927=IFCCARTESIANPOINT((-207.,3365.48943483705,3.09016994374942));
#5928=IFCCARTESIANPOINT((-207.,3367.56855174523,6.69130606358847));
#5929=IFCCARTESIANPOINT((-207.,3370.93263356924,9.13545457642593));
#5930=IFCCARTESIANPOINT((-207.,3375.,10.));
#5931=IFCCARTESIANPOINT((-207.,3379.06736643076,9.13545457642609));
#5932=IFCCARTESIANPOINT((-207.,3382.43144825477,6.69130606358848));
#5933=IFCCARTESIANPOINT((-207.,3384.51056516295,3.09016994374943));
#5934=IFCCARTESIANPOINT((-207.,3385.,-6.12323399573677E-16));
#5935=IFCCARTESIANPOINT((207.,3384.51056516295,3.09016994374943));
#5936=IFCCARTESIANPOINT((207.,3385.,-6.12323399573677E-16));
#5937=IFCCARTESIANPOINT((207.,3370.93263356924,9.13545457642593));
#5938=IFCCARTESIANPOINT((207.,3375.,10.));
#5939=IFCCARTESIANPOINT((207.,3367.56855174523,6.69130606358847));
#5940=IFCCARTESIANPOINT((207.,3365.48943483705,3.09016994374942));
#5941=IFCCARTESIANPOINT((207.,3365.05478104632,-1.04528463267653));
#5942=IFCCARTESIANPOINT((207.,3366.33974596216,-4.99999999999999));
#5943=IFCCARTESIANPOINT((207.,3369.12214747708,-8.09016994374954));
#5944=IFCCARTESIANPOINT((207.,3372.92088309182,-9.78147600733807));
#5945=IFCCARTESIANPOINT((207.,3377.07911690818,-9.78147600733807));
#5946=IFCCARTESIANPOINT((207.,3380.87785252292,-8.09016994374953));
#5947=IFCCARTESIANPOINT((207.,3383.66025403784,-4.99999999999998));
#5948=IFCCARTESIANPOINT((207.,3384.94521895368,-1.04528463267652));
#5949=IFCCARTESIANPOINT((207.,3382.43144825477,6.69130606358848));
#5950=IFCCARTESIANPOINT((207.,3379.06736643076,9.13545457642609));
#5951=IFCCARTESIANPOINT((0.,0.,0.));
#5952=IFCCARTESIANPOINT((-207.,3634.94521895368,-1.04528463267652));
#5953=IFCCARTESIANPOINT((-207.,3633.66025403784,-4.99999999999998));
#5954=IFCCARTESIANPOINT((-207.,3630.87785252292,-8.09016994374953));
#5955=IFCCARTESIANPOINT((-207.,3627.07911690818,-9.78147600733807));
#5956=IFCCARTESIANPOINT((-207.,3622.92088309182,-9.78147600733807));
#5957=IFCCARTESIANPOINT((-207.,3619.12214747708,-8.09016994374954));
#5958=IFCCARTESIANPOINT((-207.,3616.33974596216,-4.99999999999999));
#5959=IFCCARTESIANPOINT((-207.,3615.05478104632,-1.04528463267653));
#5960=IFCCARTESIANPOINT((-207.,3615.48943483705,3.09016994374942));
#5961=IFCCARTESIANPOINT((-207.,3617.56855174523,6.69130606358847));
#5962=IFCCARTESIANPOINT((-207.,3620.93263356924,9.13545457642593));
#5963=IFCCARTESIANPOINT((-207.,3625.,10.));
#5964=IFCCARTESIANPOINT((-207.,3629.06736643076,9.13545457642609));
#5965=IFCCARTESIANPOINT((-207.,3632.43144825477,6.69130606358848));
#5966=IFCCARTESIANPOINT((-207.,3634.51056516295,3.09016994374943));
#5967=IFCCARTESIANPOINT((-207.,3635.,-6.12323399573677E-16));
#5968=IFCCARTESIANPOINT((207.,3634.51056516295,3.09016994374943));
#5969=IFCCARTESIANPOINT((207.,3635.,-6.12323399573677E-16));
#5970=IFCCARTESIANPOINT((207.,3620.93263356924,9.13545457642593));
#5971=IFCCARTESIANPOINT((207.,3625.,10.));
#5972=IFCCARTESIANPOINT((207.,3617.56855174523,6.69130606358847));
#5973=IFCCARTESIANPOINT((207.,3615.48943483705,3.09016994374942));
#5974=IFCCARTESIANPOINT((207.,3615.05478104632,-1.04528463267653));
#5975=IFCCARTESIANPOINT((207.,3616.33974596216,-4.99999999999999));
#5976=IFCCARTESIANPOINT((207.,3619.12214747708,-8.09016994374954));
#5977=IFCCARTESIANPOINT((207.,3622.92088309182,-9.78147600733807));
#5978=IFCCARTESIANPOINT((207.,3627.07911690818,-9.78147600733807));
#5979=IFCCARTESIANPOINT((207.,3630.87785252292,-8.09016994374953));
#5980=IFCCARTESIANPOINT((207.,3633.66025403784,-4.99999999999998));
#5981=IFCCARTESIANPOINT((207.,3634.94521895368,-1.04528463267652));
#5982=IFCCARTESIANPOINT((207.,3632.43144825477,6.69130606358848));
#5983=IFCCARTESIANPOINT((207.,3629.06736643076,9.13545457642609));
#5984=IFCCARTESIANPOINT((0.,0.,0.));
#5985=IFCCARTESIANPOINT((-207.,3884.94521895368,-1.04528463267652));
#5986=IFCCARTESIANPOINT((-207.,3883.66025403784,-4.99999999999998));
#5987=IFCCARTESIANPOINT((-207.,3880.87785252292,-8.09016994374953));
#5988=IFCCARTESIANPOINT((-207.,3877.07911690818,-9.78147600733807));
#5989=IFCCARTESIANPOINT((-207.,3872.92088309182,-9.78147600733807));
#5990=IFCCARTESIANPOINT((-207.,3869.12214747708,-8.09016994374954));
#5991=IFCCARTESIANPOINT((-207.,3866.33974596216,-4.99999999999999));
#5992=IFCCARTESIANPOINT((-207.,3865.05478104632,-1.04528463267653));
#5993=IFCCARTESIANPOINT((-207.,3865.48943483705,3.09016994374942));
#5994=IFCCARTESIANPOINT((-207.,3867.56855174523,6.69130606358847));
#5995=IFCCARTESIANPOINT((-207.,3870.93263356924,9.13545457642593));
#5996=IFCCARTESIANPOINT((-207.,3875.,10.));
#5997=IFCCARTESIANPOINT((-207.,3879.06736643076,9.13545457642609));
#5998=IFCCARTESIANPOINT((-207.,3882.43144825477,6.69130606358848));
#5999=IFCCARTESIANPOINT((-207.,3884.51056516295,3.09016994374943));
#6000=IFCCARTESIANPOINT((-207.,3885.,-6.12323399573677E-16));
#6001=IFCCARTESIANPOINT((207.,3884.51056516295,3.09016994374943));
#6002=IFCCARTESIANPOINT((207.,3885.,-6.12323399573677E-16));
#6003=IFCCARTESIANPOINT((207.,3870.93263356924,9.13545457642593));
#6004=IFCCARTESIANPOINT((207.,3875.,10.));
#6005=IFCCARTESIANPOINT((207.,3867.56855174523,6.69130606358847));
#6006=IFCCARTESIANPOINT((207.,3865.48943483705,3.09016994374942));
#6007=IFCCARTESIANPOINT((207.,3865.05478104632,-1.04528463267653));
#6008=IFCCARTESIANPOINT((207.,3866.33974596216,-4.99999999999999));
#6009=IFCCARTESIANPOINT((207.,3869.12214747708,-8.09016994374954));
#6010=IFCCARTESIANPOINT((207.,3872.92088309182,-9.78147600733807));
#6011=IFCCARTESIANPOINT((207.,3877.07911690818,-9.78147600733807));
#6012=IFCCARTESIANPOINT((207.,3880.87785252292,-8.09016994374953));
#6013=IFCCARTESIANPOINT((207.,3883.66025403784,-4.99999999999998));
#6014=IFCCARTESIANPOINT((207.,3884.94521895368,-1.04528463267652));
#6015=IFCCARTESIANPOINT((207.,3882.43144825477,6.69130606358848));
#6016=IFCCARTESIANPOINT((207.,3879.06736643076,9.13545457642609));
#6017=IFCCARTESIANPOINT((0.,0.,0.));
#6018=IFCCARTESIANPOINT((-207.,4134.94521895368,-1.04528463267652));
#6019=IFCCARTESIANPOINT((-207.,4133.66025403784,-5.00000000000017));
#6020=IFCCARTESIANPOINT((-207.,4130.87785252293,-8.09016994374932));
#6021=IFCCARTESIANPOINT((-207.,4127.07911690818,-9.78147600733807));
#6022=IFCCARTESIANPOINT((-207.,4122.92088309182,-9.78147600733807));
#6023=IFCCARTESIANPOINT((-207.,4119.12214747707,-8.09016994374932));
#6024=IFCCARTESIANPOINT((-207.,4116.33974596216,-5.00000000000018));
#6025=IFCCARTESIANPOINT((-207.,4115.05478104632,-1.04528463267653));
#6026=IFCCARTESIANPOINT((-207.,4115.48943483705,3.09016994374942));
#6027=IFCCARTESIANPOINT((-207.,4117.56855174523,6.69130606358847));
#6028=IFCCARTESIANPOINT((-207.,4120.93263356924,9.13545457642609));
#6029=IFCCARTESIANPOINT((-207.,4125.,10.));
#6030=IFCCARTESIANPOINT((-207.,4129.06736643076,9.13545457642609));
#6031=IFCCARTESIANPOINT((-207.,4132.43144825477,6.69130606358848));
#6032=IFCCARTESIANPOINT((-207.,4134.51056516295,3.09016994374943));
#6033=IFCCARTESIANPOINT((-207.,4135.,-6.12323399573677E-16));
#6034=IFCCARTESIANPOINT((207.,4134.51056516295,3.09016994374943));
#6035=IFCCARTESIANPOINT((207.,4135.,-6.12323399573677E-16));
#6036=IFCCARTESIANPOINT((207.,4120.93263356924,9.13545457642609));
#6037=IFCCARTESIANPOINT((207.,4125.,10.));
#6038=IFCCARTESIANPOINT((207.,4117.56855174523,6.69130606358847));
#6039=IFCCARTESIANPOINT((207.,4115.48943483705,3.09016994374942));
#6040=IFCCARTESIANPOINT((207.,4115.05478104632,-1.04528463267653));
#6041=IFCCARTESIANPOINT((207.,4116.33974596216,-5.00000000000018));
#6042=IFCCARTESIANPOINT((207.,4119.12214747707,-8.09016994374932));
#6043=IFCCARTESIANPOINT((207.,4122.92088309182,-9.78147600733807));
#6044=IFCCARTESIANPOINT((207.,4127.07911690818,-9.78147600733807));
#6045=IFCCARTESIANPOINT((207.,4130.87785252293,-8.09016994374932));
#6046=IFCCARTESIANPOINT((207.,4133.66025403784,-5.00000000000017));
#6047=IFCCARTESIANPOINT((207.,4134.94521895368,-1.04528463267652));
#6048=IFCCARTESIANPOINT((207.,4132.43144825477,6.69130606358848));
#6049=IFCCARTESIANPOINT((207.,4129.06736643076,9.13545457642609));
#6050=IFCCARTESIANPOINT((0.,0.,0.));
#6051=IFCCARTESIANPOINT((-207.,384.945218953683,-1.04528463267653));
#6052=IFCCARTESIANPOINT((-207.,383.660254037844,-5.00000000000001));
#6053=IFCCARTESIANPOINT((-207.,380.877852522925,-8.09016994374948));
#6054=IFCCARTESIANPOINT((-207.,377.079116908178,-9.78147600733806));
#6055=IFCCARTESIANPOINT((-207.,372.920883091822,-9.78147600733806));
#6056=IFCCARTESIANPOINT((-207.,369.122147477075,-8.09016994374948));
#6057=IFCCARTESIANPOINT((-207.,366.339745962156,-5.00000000000001));
#6058=IFCCARTESIANPOINT((-207.,365.054781046317,-1.04528463267654));
#6059=IFCCARTESIANPOINT((-207.,365.489434837048,3.09016994374947));
#6060=IFCCARTESIANPOINT((-207.,367.568551745226,6.69130606358859));
#6061=IFCCARTESIANPOINT((-207.,370.932633569242,9.135454576426));
#6062=IFCCARTESIANPOINT((-207.,375.,10.));
#6063=IFCCARTESIANPOINT((-207.,379.067366430758,9.13545457642601));
#6064=IFCCARTESIANPOINT((-207.,382.431448254774,6.69130606358859));
#6065=IFCCARTESIANPOINT((-207.,384.510565162952,3.09016994374948));
#6066=IFCCARTESIANPOINT((-207.,385.,-6.12323399573677E-16));
#6067=IFCCARTESIANPOINT((207.,384.510565162952,3.09016994374948));
#6068=IFCCARTESIANPOINT((207.,385.,-6.12323399573677E-16));
#6069=IFCCARTESIANPOINT((207.,370.932633569242,9.135454576426));
#6070=IFCCARTESIANPOINT((207.,375.,10.));
#6071=IFCCARTESIANPOINT((207.,367.568551745226,6.69130606358859));
#6072=IFCCARTESIANPOINT((207.,365.489434837048,3.09016994374947));
#6073=IFCCARTESIANPOINT((207.,365.054781046317,-1.04528463267654));
#6074=IFCCARTESIANPOINT((207.,366.339745962156,-5.00000000000001));
#6075=IFCCARTESIANPOINT((207.,369.122147477075,-8.09016994374948));
#6076=IFCCARTESIANPOINT((207.,372.920883091822,-9.78147600733806));
#6077=IFCCARTESIANPOINT((207.,377.079116908178,-9.78147600733806));
#6078=IFCCARTESIANPOINT((207.,380.877852522925,-8.09016994374948));
#6079=IFCCARTESIANPOINT((207.,383.660254037844,-5.00000000000001));
#6080=IFCCARTESIANPOINT((207.,384.945218953683,-1.04528463267653));
#6081=IFCCARTESIANPOINT((207.,382.431448254774,6.69130606358859));
#6082=IFCCARTESIANPOINT((207.,379.067366430758,9.13545457642601));
#6083=IFCCARTESIANPOINT((0.,0.,0.));
#6084=IFCCARTESIANPOINT((-207.,884.945218953683,-1.04528463267653));
#6085=IFCCARTESIANPOINT((-207.,883.660254037844,-4.99999999999998));
#6086=IFCCARTESIANPOINT((-207.,880.877852522925,-8.09016994374948));
#6087=IFCCARTESIANPOINT((-207.,877.079116908178,-9.78147600733805));
#6088=IFCCARTESIANPOINT((-207.,872.920883091822,-9.78147600733805));
#6089=IFCCARTESIANPOINT((-207.,869.122147477075,-8.09016994374948));
#6090=IFCCARTESIANPOINT((-207.,866.339745962156,-4.99999999999999));
#6091=IFCCARTESIANPOINT((-207.,865.054781046317,-1.04528463267654));
#6092=IFCCARTESIANPOINT((-207.,865.489434837048,3.09016994374946));
#6093=IFCCARTESIANPOINT((-207.,867.568551745226,6.69130606358859));
#6094=IFCCARTESIANPOINT((-207.,870.932633569242,9.135454576426));
#6095=IFCCARTESIANPOINT((-207.,875.,10.));
#6096=IFCCARTESIANPOINT((-207.,879.067366430758,9.13545457642601));
#6097=IFCCARTESIANPOINT((-207.,882.431448254774,6.69130606358859));
#6098=IFCCARTESIANPOINT((-207.,884.510565162952,3.09016994374947));
#6099=IFCCARTESIANPOINT((-207.,885.,-6.12323399573677E-16));
#6100=IFCCARTESIANPOINT((207.,884.510565162952,3.09016994374947));
#6101=IFCCARTESIANPOINT((207.,885.,-6.12323399573677E-16));
#6102=IFCCARTESIANPOINT((207.,870.932633569242,9.135454576426));
#6103=IFCCARTESIANPOINT((207.,875.,10.));
#6104=IFCCARTESIANPOINT((207.,867.568551745226,6.69130606358859));
#6105=IFCCARTESIANPOINT((207.,865.489434837048,3.09016994374946));
#6106=IFCCARTESIANPOINT((207.,865.054781046317,-1.04528463267654));
#6107=IFCCARTESIANPOINT((207.,866.339745962156,-4.99999999999999));
#6108=IFCCARTESIANPOINT((207.,869.122147477075,-8.09016994374948));
#6109=IFCCARTESIANPOINT((207.,872.920883091822,-9.78147600733805));
#6110=IFCCARTESIANPOINT((207.,877.079116908178,-9.78147600733805));
#6111=IFCCARTESIANPOINT((207.,880.877852522925,-8.09016994374948));
#6112=IFCCARTESIANPOINT((207.,883.660254037844,-4.99999999999998));
#6113=IFCCARTESIANPOINT((207.,884.945218953683,-1.04528463267653));
#6114=IFCCARTESIANPOINT((207.,882.431448254774,6.69130606358859));
#6115=IFCCARTESIANPOINT((207.,879.067366430758,9.13545457642601));
#6116=IFCCARTESIANPOINT((0.,0.,0.));
#6117=IFCCARTESIANPOINT((-207.,1134.94521895368,-1.04528463267652));
#6118=IFCCARTESIANPOINT((-207.,1133.66025403784,-4.99999999999998));
#6119=IFCCARTESIANPOINT((-207.,1130.87785252292,-8.09016994374943));
#6120=IFCCARTESIANPOINT((-207.,1127.07911690818,-9.78147600733807));
#6121=IFCCARTESIANPOINT((-207.,1122.92088309182,-9.78147600733807));
#6122=IFCCARTESIANPOINT((-207.,1119.12214747708,-8.09016994374943));
#6123=IFCCARTESIANPOINT((-207.,1116.33974596216,-4.99999999999999));
#6124=IFCCARTESIANPOINT((-207.,1115.05478104632,-1.04528463267653));
#6125=IFCCARTESIANPOINT((-207.,1115.48943483705,3.09016994374949));
#6126=IFCCARTESIANPOINT((-207.,1117.56855174523,6.69130606358859));
#6127=IFCCARTESIANPOINT((-207.,1120.93263356924,9.135454576426));
#6128=IFCCARTESIANPOINT((-207.,1125.,10.));
#6129=IFCCARTESIANPOINT((-207.,1129.06736643076,9.13545457642601));
#6130=IFCCARTESIANPOINT((-207.,1132.43144825477,6.69130606358859));
#6131=IFCCARTESIANPOINT((-207.,1134.51056516295,3.0901699437495));
#6132=IFCCARTESIANPOINT((-207.,1135.,-6.12323399573677E-16));
#6133=IFCCARTESIANPOINT((207.,1134.51056516295,3.0901699437495));
#6134=IFCCARTESIANPOINT((207.,1135.,-6.12323399573677E-16));
#6135=IFCCARTESIANPOINT((207.,1120.93263356924,9.135454576426));
#6136=IFCCARTESIANPOINT((207.,1125.,10.));
#6137=IFCCARTESIANPOINT((207.,1117.56855174523,6.69130606358859));
#6138=IFCCARTESIANPOINT((207.,1115.48943483705,3.09016994374949));
#6139=IFCCARTESIANPOINT((207.,1115.05478104632,-1.04528463267653));
#6140=IFCCARTESIANPOINT((207.,1116.33974596216,-4.99999999999999));
#6141=IFCCARTESIANPOINT((207.,1119.12214747708,-8.09016994374943));
#6142=IFCCARTESIANPOINT((207.,1122.92088309182,-9.78147600733807));
#6143=IFCCARTESIANPOINT((207.,1127.07911690818,-9.78147600733807));
#6144=IFCCARTESIANPOINT((207.,1130.87785252292,-8.09016994374943));
#6145=IFCCARTESIANPOINT((207.,1133.66025403784,-4.99999999999998));
#6146=IFCCARTESIANPOINT((207.,1134.94521895368,-1.04528463267652));
#6147=IFCCARTESIANPOINT((207.,1132.43144825477,6.69130606358859));
#6148=IFCCARTESIANPOINT((207.,1129.06736643076,9.13545457642601));
#6149=IFCCARTESIANPOINT((0.,0.,0.));
#6150=IFCCARTESIANPOINT((-207.,1384.94521895368,-1.04528463267652));
#6151=IFCCARTESIANPOINT((-207.,1383.66025403784,-4.99999999999998));
#6152=IFCCARTESIANPOINT((-207.,1380.87785252292,-8.09016994374943));
#6153=IFCCARTESIANPOINT((-207.,1377.07911690818,-9.78147600733807));
#6154=IFCCARTESIANPOINT((-207.,1372.92088309182,-9.78147600733807));
#6155=IFCCARTESIANPOINT((-207.,1369.12214747708,-8.09016994374943));
#6156=IFCCARTESIANPOINT((-207.,1366.33974596216,-4.99999999999999));
#6157=IFCCARTESIANPOINT((-207.,1365.05478104632,-1.04528463267653));
#6158=IFCCARTESIANPOINT((-207.,1365.48943483705,3.09016994374949));
#6159=IFCCARTESIANPOINT((-207.,1367.56855174523,6.69130606358859));
#6160=IFCCARTESIANPOINT((-207.,1370.93263356924,9.135454576426));
#6161=IFCCARTESIANPOINT((-207.,1375.,10.));
#6162=IFCCARTESIANPOINT((-207.,1379.06736643076,9.13545457642601));
#6163=IFCCARTESIANPOINT((-207.,1382.43144825477,6.69130606358859));
#6164=IFCCARTESIANPOINT((-207.,1384.51056516295,3.0901699437495));
#6165=IFCCARTESIANPOINT((-207.,1385.,-6.12323399573677E-16));
#6166=IFCCARTESIANPOINT((207.,1384.51056516295,3.0901699437495));
#6167=IFCCARTESIANPOINT((207.,1385.,-6.12323399573677E-16));
#6168=IFCCARTESIANPOINT((207.,1370.93263356924,9.135454576426));
#6169=IFCCARTESIANPOINT((207.,1375.,10.));
#6170=IFCCARTESIANPOINT((207.,1367.56855174523,6.69130606358859));
#6171=IFCCARTESIANPOINT((207.,1365.48943483705,3.09016994374949));
#6172=IFCCARTESIANPOINT((207.,1365.05478104632,-1.04528463267653));
#6173=IFCCARTESIANPOINT((207.,1366.33974596216,-4.99999999999999));
#6174=IFCCARTESIANPOINT((207.,1369.12214747708,-8.09016994374943));
#6175=IFCCARTESIANPOINT((207.,1372.92088309182,-9.78147600733807));
#6176=IFCCARTESIANPOINT((207.,1377.07911690818,-9.78147600733807));
#6177=IFCCARTESIANPOINT((207.,1380.87785252292,-8.09016994374943));
#6178=IFCCARTESIANPOINT((207.,1383.66025403784,-4.99999999999998));
#6179=IFCCARTESIANPOINT((207.,1384.94521895368,-1.04528463267652));
#6180=IFCCARTESIANPOINT((207.,1382.43144825477,6.69130606358859));
#6181=IFCCARTESIANPOINT((207.,1379.06736643076,9.13545457642601));
#6182=IFCCARTESIANPOINT((0.,0.,0.));
#6183=IFCCARTESIANPOINT((-207.,135.,-6.12323399573677E-16));
#6184=IFCCARTESIANPOINT((-207.,134.510565162952,3.09016994374947));
#6185=IFCCARTESIANPOINT((207.,134.510565162952,3.09016994374947));
#6186=IFCCARTESIANPOINT((207.,135.,-6.12323399573677E-16));
#6187=IFCCARTESIANPOINT((-207.,120.932633569242,9.135454576426));
#6188=IFCCARTESIANPOINT((207.,120.932633569242,9.135454576426));
#6189=IFCCARTESIANPOINT((207.,125.,10.));
#6190=IFCCARTESIANPOINT((-207.,125.,10.));
#6191=IFCCARTESIANPOINT((-207.,117.568551745226,6.69130606358857));
#6192=IFCCARTESIANPOINT((207.,117.568551745226,6.69130606358857));
#6193=IFCCARTESIANPOINT((-207.,115.489434837048,3.09016994374946));
#6194=IFCCARTESIANPOINT((207.,115.489434837048,3.09016994374946));
#6195=IFCCARTESIANPOINT((-207.,115.054781046317,-1.04528463267654));
#6196=IFCCARTESIANPOINT((207.,115.054781046317,-1.04528463267654));
#6197=IFCCARTESIANPOINT((-207.,116.339745962156,-5.00000000000001));
#6198=IFCCARTESIANPOINT((207.,116.339745962156,-5.00000000000001));
#6199=IFCCARTESIANPOINT((-207.,119.122147477075,-8.09016994374948));
#6200=IFCCARTESIANPOINT((207.,119.122147477075,-8.09016994374948));
#6201=IFCCARTESIANPOINT((-207.,122.920883091822,-9.78147600733806));
#6202=IFCCARTESIANPOINT((207.,122.920883091822,-9.78147600733806));
#6203=IFCCARTESIANPOINT((-207.,127.079116908178,-9.78147600733806));
#6204=IFCCARTESIANPOINT((207.,127.079116908178,-9.78147600733806));
#6205=IFCCARTESIANPOINT((-207.,130.877852522925,-8.09016994374948));
#6206=IFCCARTESIANPOINT((207.,130.877852522925,-8.09016994374948));
#6207=IFCCARTESIANPOINT((-207.,133.660254037844,-5.00000000000001));
#6208=IFCCARTESIANPOINT((207.,133.660254037844,-5.00000000000001));
#6209=IFCCARTESIANPOINT((-207.,134.945218953683,-1.04528463267653));
#6210=IFCCARTESIANPOINT((207.,134.945218953683,-1.04528463267653));
#6211=IFCCARTESIANPOINT((-207.,132.431448254774,6.69130606358859));
#6212=IFCCARTESIANPOINT((207.,132.431448254774,6.69130606358859));
#6213=IFCCARTESIANPOINT((-207.,129.067366430758,9.13545457642601));
#6214=IFCCARTESIANPOINT((207.,129.067366430758,9.13545457642601));
#6215=IFCCARTESIANPOINT((207.,4300.00571076,27.5000000000001));
#6216=IFCCARTESIANPOINT((207.,0.,-27.4999999999999));
#6217=IFCCARTESIANPOINT((207.,4300.00571076,-27.4999999999999));
#6218=IFCCARTESIANPOINT((207.,0.,27.5000000000001));
#6219=IFCCARTESIANPOINT((225.,0.,-27.4999999999999));
#6220=IFCCARTESIANPOINT((225.,0.,27.5000000000002));
#6221=IFCCARTESIANPOINT((225.,4300.00571076,27.5000000000002));
#6222=IFCCARTESIANPOINT((225.,4300.00571076,-27.4999999999999));
#6223=IFCCARTESIANPOINT((-207.,4300.00571076,-27.5));
#6224=IFCCARTESIANPOINT((-207.,4300.00571076,27.5));
#6225=IFCCARTESIANPOINT((-207.,0.,27.5));
#6226=IFCCARTESIANPOINT((-207.,0.,-27.5));
#6227=IFCCARTESIANPOINT((-225.,0.,-27.5));
#6228=IFCCARTESIANPOINT((-225.,0.,27.5));
#6229=IFCCARTESIANPOINT((-225.,4300.00571076,27.5));
#6230=IFCCARTESIANPOINT((-225.,4300.00571076,-27.5));
#6231=IFCCARTESIANPOINT((0.,0.,0.));
#6232=IFCCARTESIANPOINT((-207.,634.945218953683,-1.04528463267653));
#6233=IFCCARTESIANPOINT((-207.,633.660254037844,-4.99999999999998));
#6234=IFCCARTESIANPOINT((-207.,630.877852522925,-8.09016994374948));
#6235=IFCCARTESIANPOINT((-207.,627.079116908178,-9.78147600733805));
#6236=IFCCARTESIANPOINT((-207.,622.920883091822,-9.78147600733805));
#6237=IFCCARTESIANPOINT((-207.,619.122147477075,-8.09016994374948));
#6238=IFCCARTESIANPOINT((-207.,616.339745962156,-4.99999999999999));
#6239=IFCCARTESIANPOINT((-207.,615.054781046317,-1.04528463267654));
#6240=IFCCARTESIANPOINT((-207.,615.489434837048,3.09016994374946));
#6241=IFCCARTESIANPOINT((-207.,617.568551745226,6.69130606358859));
#6242=IFCCARTESIANPOINT((-207.,620.932633569242,9.135454576426));
#6243=IFCCARTESIANPOINT((-207.,625.,10.));
#6244=IFCCARTESIANPOINT((-207.,629.067366430758,9.13545457642601));
#6245=IFCCARTESIANPOINT((-207.,632.431448254774,6.69130606358859));
#6246=IFCCARTESIANPOINT((-207.,634.510565162952,3.09016994374947));
#6247=IFCCARTESIANPOINT((-207.,635.,-6.12323399573677E-16));
#6248=IFCCARTESIANPOINT((207.,634.510565162952,3.09016994374947));
#6249=IFCCARTESIANPOINT((207.,635.,-6.12323399573677E-16));
#6250=IFCCARTESIANPOINT((207.,620.932633569242,9.135454576426));
#6251=IFCCARTESIANPOINT((207.,625.,10.));
#6252=IFCCARTESIANPOINT((207.,617.568551745226,6.69130606358859));
#6253=IFCCARTESIANPOINT((207.,615.489434837048,3.09016994374946));
#6254=IFCCARTESIANPOINT((207.,615.054781046317,-1.04528463267654));
#6255=IFCCARTESIANPOINT((207.,616.339745962156,-4.99999999999999));
#6256=IFCCARTESIANPOINT((207.,619.122147477075,-8.09016994374948));
#6257=IFCCARTESIANPOINT((207.,622.920883091822,-9.78147600733805));
#6258=IFCCARTESIANPOINT((207.,627.079116908178,-9.78147600733805));
#6259=IFCCARTESIANPOINT((207.,630.877852522925,-8.09016994374948));
#6260=IFCCARTESIANPOINT((207.,633.660254037844,-4.99999999999998));
#6261=IFCCARTESIANPOINT((207.,634.945218953683,-1.04528463267653));
#6262=IFCCARTESIANPOINT((207.,632.431448254774,6.69130606358859));
#6263=IFCCARTESIANPOINT((207.,629.067366430758,9.13545457642601));
#6264=IFCCARTESIANPOINT((0.,0.,0.));
#6265=IFCCARTESIANPOINT((15299.9926003458,-16356.9964369536,-294.999999999424));
#6266=IFCCARTESIANPOINT((-207.,135.,-6.12323399573677E-16));
#6267=IFCCARTESIANPOINT((-207.,134.510565162952,3.09016994374947));
#6268=IFCCARTESIANPOINT((207.,134.510565162952,3.09016994374947));
#6269=IFCCARTESIANPOINT((207.,135.,-6.12323399573677E-16));
#6270=IFCCARTESIANPOINT((-207.,120.932633569242,9.135454576426));
#6271=IFCCARTESIANPOINT((207.,120.932633569242,9.135454576426));
#6272=IFCCARTESIANPOINT((207.,125.,10.));
#6273=IFCCARTESIANPOINT((-207.,125.,10.));
#6274=IFCCARTESIANPOINT((-207.,117.568551745226,6.69130606358857));
#6275=IFCCARTESIANPOINT((207.,117.568551745226,6.69130606358857));
#6276=IFCCARTESIANPOINT((-207.,115.489434837048,3.09016994374946));
#6277=IFCCARTESIANPOINT((207.,115.489434837048,3.09016994374946));
#6278=IFCCARTESIANPOINT((-207.,115.054781046317,-1.04528463267654));
#6279=IFCCARTESIANPOINT((207.,115.054781046317,-1.04528463267654));
#6280=IFCCARTESIANPOINT((-207.,116.339745962156,-5.00000000000001));
#6281=IFCCARTESIANPOINT((207.,116.339745962156,-5.00000000000001));
#6282=IFCCARTESIANPOINT((-207.,119.122147477075,-8.09016994374948));
#6283=IFCCARTESIANPOINT((207.,119.122147477075,-8.09016994374948));
#6284=IFCCARTESIANPOINT((-207.,122.920883091822,-9.78147600733806));
#6285=IFCCARTESIANPOINT((207.,122.920883091822,-9.78147600733806));
#6286=IFCCARTESIANPOINT((-207.,127.079116908178,-9.78147600733806));
#6287=IFCCARTESIANPOINT((207.,127.079116908178,-9.78147600733806));
#6288=IFCCARTESIANPOINT((-207.,130.877852522925,-8.09016994374948));
#6289=IFCCARTESIANPOINT((207.,130.877852522925,-8.09016994374948));
#6290=IFCCARTESIANPOINT((-207.,133.660254037844,-5.00000000000001));
#6291=IFCCARTESIANPOINT((207.,133.660254037844,-5.00000000000001));
#6292=IFCCARTESIANPOINT((-207.,134.945218953683,-1.04528463267653));
#6293=IFCCARTESIANPOINT((207.,134.945218953683,-1.04528463267653));
#6294=IFCCARTESIANPOINT((-207.,132.431448254774,6.69130606358859));
#6295=IFCCARTESIANPOINT((207.,132.431448254774,6.69130606358859));
#6296=IFCCARTESIANPOINT((-207.,129.067366430758,9.13545457642601));
#6297=IFCCARTESIANPOINT((207.,129.067366430758,9.13545457642601));
#6298=IFCCARTESIANPOINT((207.,986.9836851,27.5000000000001));
#6299=IFCCARTESIANPOINT((207.,986.9836851,-27.4999999999999));
#6300=IFCCARTESIANPOINT((207.,0.,-27.4999999999999));
#6301=IFCCARTESIANPOINT((207.,0.,27.5000000000001));
#6302=IFCCARTESIANPOINT((225.,0.,-27.4999999999999));
#6303=IFCCARTESIANPOINT((225.,0.,27.5000000000002));
#6304=IFCCARTESIANPOINT((225.,986.9836851,27.5000000000002));
#6305=IFCCARTESIANPOINT((225.,986.9836851,-27.4999999999999));
#6306=IFCCARTESIANPOINT((-207.,986.9836851,-27.5));
#6307=IFCCARTESIANPOINT((-207.,986.9836851,27.5));
#6308=IFCCARTESIANPOINT((-207.,0.,27.5));
#6309=IFCCARTESIANPOINT((-207.,0.,-27.5));
#6310=IFCCARTESIANPOINT((-225.,0.,-27.5));
#6311=IFCCARTESIANPOINT((-225.,0.,27.5));
#6312=IFCCARTESIANPOINT((-225.,986.9836851,27.5));
#6313=IFCCARTESIANPOINT((-225.,986.9836851,-27.5));
#6314=IFCCARTESIANPOINT((0.,0.,0.));
#6315=IFCCARTESIANPOINT((-207.,384.945218953683,-1.04528463267653));
#6316=IFCCARTESIANPOINT((-207.,383.660254037844,-5.00000000000001));
#6317=IFCCARTESIANPOINT((-207.,380.877852522925,-8.09016994374948));
#6318=IFCCARTESIANPOINT((-207.,377.079116908178,-9.78147600733806));
#6319=IFCCARTESIANPOINT((-207.,372.920883091822,-9.78147600733806));
#6320=IFCCARTESIANPOINT((-207.,369.122147477075,-8.09016994374948));
#6321=IFCCARTESIANPOINT((-207.,366.339745962156,-5.00000000000001));
#6322=IFCCARTESIANPOINT((-207.,365.054781046317,-1.04528463267654));
#6323=IFCCARTESIANPOINT((-207.,365.489434837048,3.09016994374947));
#6324=IFCCARTESIANPOINT((-207.,367.568551745226,6.69130606358859));
#6325=IFCCARTESIANPOINT((-207.,370.932633569242,9.135454576426));
#6326=IFCCARTESIANPOINT((-207.,375.,10.));
#6327=IFCCARTESIANPOINT((-207.,379.067366430758,9.13545457642601));
#6328=IFCCARTESIANPOINT((-207.,382.431448254774,6.69130606358859));
#6329=IFCCARTESIANPOINT((-207.,384.510565162952,3.09016994374948));
#6330=IFCCARTESIANPOINT((-207.,385.,-6.12323399573677E-16));
#6331=IFCCARTESIANPOINT((207.,384.510565162952,3.09016994374948));
#6332=IFCCARTESIANPOINT((207.,385.,-6.12323399573677E-16));
#6333=IFCCARTESIANPOINT((207.,370.932633569242,9.135454576426));
#6334=IFCCARTESIANPOINT((207.,375.,10.));
#6335=IFCCARTESIANPOINT((207.,367.568551745226,6.69130606358859));
#6336=IFCCARTESIANPOINT((207.,365.489434837048,3.09016994374947));
#6337=IFCCARTESIANPOINT((207.,365.054781046317,-1.04528463267654));
#6338=IFCCARTESIANPOINT((207.,366.339745962156,-5.00000000000001));
#6339=IFCCARTESIANPOINT((207.,369.122147477075,-8.09016994374948));
#6340=IFCCARTESIANPOINT((207.,372.920883091822,-9.78147600733806));
#6341=IFCCARTESIANPOINT((207.,377.079116908178,-9.78147600733806));
#6342=IFCCARTESIANPOINT((207.,380.877852522925,-8.09016994374948));
#6343=IFCCARTESIANPOINT((207.,383.660254037844,-5.00000000000001));
#6344=IFCCARTESIANPOINT((207.,384.945218953683,-1.04528463267653));
#6345=IFCCARTESIANPOINT((207.,382.431448254774,6.69130606358859));
#6346=IFCCARTESIANPOINT((207.,379.067366430758,9.13545457642601));
#6347=IFCCARTESIANPOINT((0.,0.,0.));
#6348=IFCCARTESIANPOINT((-207.,634.945218953683,-1.04528463267653));
#6349=IFCCARTESIANPOINT((-207.,633.660254037844,-4.99999999999998));
#6350=IFCCARTESIANPOINT((-207.,630.877852522925,-8.09016994374948));
#6351=IFCCARTESIANPOINT((-207.,627.079116908178,-9.78147600733805));
#6352=IFCCARTESIANPOINT((-207.,622.920883091822,-9.78147600733805));
#6353=IFCCARTESIANPOINT((-207.,619.122147477075,-8.09016994374948));
#6354=IFCCARTESIANPOINT((-207.,616.339745962156,-4.99999999999999));
#6355=IFCCARTESIANPOINT((-207.,615.054781046317,-1.04528463267654));
#6356=IFCCARTESIANPOINT((-207.,615.489434837048,3.09016994374946));
#6357=IFCCARTESIANPOINT((-207.,617.568551745226,6.69130606358859));
#6358=IFCCARTESIANPOINT((-207.,620.932633569242,9.135454576426));
#6359=IFCCARTESIANPOINT((-207.,625.,10.));
#6360=IFCCARTESIANPOINT((-207.,629.067366430758,9.13545457642601));
#6361=IFCCARTESIANPOINT((-207.,632.431448254774,6.69130606358859));
#6362=IFCCARTESIANPOINT((-207.,634.510565162952,3.09016994374947));
#6363=IFCCARTESIANPOINT((-207.,635.,-6.12323399573677E-16));
#6364=IFCCARTESIANPOINT((207.,634.510565162952,3.09016994374947));
#6365=IFCCARTESIANPOINT((207.,635.,-6.12323399573677E-16));
#6366=IFCCARTESIANPOINT((207.,620.932633569242,9.135454576426));
#6367=IFCCARTESIANPOINT((207.,625.,10.));
#6368=IFCCARTESIANPOINT((207.,617.568551745226,6.69130606358859));
#6369=IFCCARTESIANPOINT((207.,615.489434837048,3.09016994374946));
#6370=IFCCARTESIANPOINT((207.,615.054781046317,-1.04528463267654));
#6371=IFCCARTESIANPOINT((207.,616.339745962156,-4.99999999999999));
#6372=IFCCARTESIANPOINT((207.,619.122147477075,-8.09016994374948));
#6373=IFCCARTESIANPOINT((207.,622.920883091822,-9.78147600733805));
#6374=IFCCARTESIANPOINT((207.,627.079116908178,-9.78147600733805));
#6375=IFCCARTESIANPOINT((207.,630.877852522925,-8.09016994374948));
#6376=IFCCARTESIANPOINT((207.,633.660254037844,-4.99999999999998));
#6377=IFCCARTESIANPOINT((207.,634.945218953683,-1.04528463267653));
#6378=IFCCARTESIANPOINT((207.,632.431448254774,6.69130606358859));
#6379=IFCCARTESIANPOINT((207.,629.067366430758,9.13545457642601));
#6380=IFCCARTESIANPOINT((0.,0.,0.));
#6381=IFCCARTESIANPOINT((14825.0045277482,-14895.0088766821,-294.999999999425));
#6382=IFCCARTESIANPOINT((99.9999999999999,800.,-27.5));
#6383=IFCCARTESIANPOINT((99.9999999999999,800.,27.5));
#6384=IFCCARTESIANPOINT((150.,800.,27.5));
#6385=IFCCARTESIANPOINT((150.,800.,-27.5));
#6386=IFCCARTESIANPOINT((768.18673559185,350.861046343716,-27.5));
#6387=IFCCARTESIANPOINT((768.18673559185,350.861046343716,27.5));
#6388=IFCCARTESIANPOINT((800.,150.,27.5));
#6389=IFCCARTESIANPOINT((800.,150.,-27.5));
#6390=IFCCARTESIANPOINT((675.861046343716,532.060413990108,-27.5));
#6391=IFCCARTESIANPOINT((675.861046343716,532.060413990108,27.5));
#6392=IFCCARTESIANPOINT((532.060413990107,675.861046343716,-27.5));
#6393=IFCCARTESIANPOINT((532.060413990107,675.861046343716,27.5));
#6394=IFCCARTESIANPOINT((350.861046343716,768.18673559185,-27.5));
#6395=IFCCARTESIANPOINT((350.861046343716,768.18673559185,27.5));
#6396=IFCCARTESIANPOINT((800.,100.,27.5));
#6397=IFCCARTESIANPOINT((800.,100.,-27.5));
#6398=IFCCARTESIANPOINT((782.,100.,27.5));
#6399=IFCCARTESIANPOINT((782.,100.,-27.5));
#6400=IFCCARTESIANPOINT((782.,150.,27.5));
#6401=IFCCARTESIANPOINT((782.,150.,-27.5));
#6402=IFCCARTESIANPOINT((345.298740444967,751.067718298537,-27.5));
#6403=IFCCARTESIANPOINT((150.,782.,-27.5));
#6404=IFCCARTESIANPOINT((521.480279448843,661.298740444967,-27.5));
#6405=IFCCARTESIANPOINT((661.298740444967,521.480279448843,-27.5));
#6406=IFCCARTESIANPOINT((751.067718298537,345.298740444967,-27.5));
#6407=IFCCARTESIANPOINT((99.9999999999999,782.,-27.5));
#6408=IFCCARTESIANPOINT((99.9999999999999,782.,27.5));
#6409=IFCCARTESIANPOINT((150.,782.,27.5));
#6410=IFCCARTESIANPOINT((751.067718298537,345.298740444967,27.5));
#6411=IFCCARTESIANPOINT((345.298740444967,751.067718298537,27.5));
#6412=IFCCARTESIANPOINT((661.298740444967,521.480279448843,27.5));
#6413=IFCCARTESIANPOINT((521.480279448843,661.298740444967,27.5));
#6414=IFCCARTESIANPOINT((0.,0.,0.));
#6415=IFCCARTESIANPOINT((212.917351936688,349.514068064367,4.067366430758));
#6416=IFCCARTESIANPOINT((210.556485764852,350.146660248548,7.43144825477394));
#6417=IFCCARTESIANPOINT((207.078055382717,351.078702860369,9.51056516295154));
#6418=IFCCARTESIANPOINT((203.083513003902,352.149037264905,9.94521895368274));
#6419=IFCCARTESIANPOINT((199.263551294982,353.172592919928,8.66025403784438));
#6420=IFCCARTESIANPOINT((196.278676338692,353.972387753973,5.87785252292472));
#6421=IFCCARTESIANPOINT((194.645000131713,354.410129974327,2.07911690817759));
#6422=IFCCARTESIANPOINT((194.645000131713,354.410129974327,-2.07911690817758));
#6423=IFCCARTESIANPOINT((196.278676338692,353.972387753973,-5.87785252292472));
#6424=IFCCARTESIANPOINT((199.263551294982,353.172592919928,-8.66025403784438));
#6425=IFCCARTESIANPOINT((203.083513003902,352.149037264905,-9.94521895368274));
#6426=IFCCARTESIANPOINT((207.078055382717,351.078702860369,-9.51056516295154));
#6427=IFCCARTESIANPOINT((210.556485764852,350.146660248548,-7.43144825477394));
#6428=IFCCARTESIANPOINT((212.917351936688,349.514068064367,-4.06736643075801));
#6429=IFCCARTESIANPOINT((213.752438689318,349.29030724339,0.));
#6430=IFCCARTESIANPOINT((324.727179420977,766.794025021245,-4.06736643075801));
#6431=IFCCARTESIANPOINT((325.562266173607,766.570264200267,0.));
#6432=IFCCARTESIANPOINT((322.366313249141,767.426617205426,-7.43144825477394));
#6433=IFCCARTESIANPOINT((318.887882867006,768.358659817247,-9.51056516295154));
#6434=IFCCARTESIANPOINT((314.893340488191,769.428994221782,-9.94521895368274));
#6435=IFCCARTESIANPOINT((311.073378779271,770.452549876805,-8.66025403784438));
#6436=IFCCARTESIANPOINT((308.088503822981,771.252344710851,-5.87785252292472));
#6437=IFCCARTESIANPOINT((306.454827616002,771.690086931205,-2.07911690817758));
#6438=IFCCARTESIANPOINT((306.454827616002,771.690086931205,2.07911690817759));
#6439=IFCCARTESIANPOINT((308.088503822981,771.252344710851,5.87785252292472));
#6440=IFCCARTESIANPOINT((311.073378779271,770.452549876805,8.66025403784438));
#6441=IFCCARTESIANPOINT((314.893340488191,769.428994221782,9.94521895368274));
#6442=IFCCARTESIANPOINT((318.887882867006,768.358659817247,9.51056516295154));
#6443=IFCCARTESIANPOINT((322.366313249141,767.426617205426,7.43144825477394));
#6444=IFCCARTESIANPOINT((324.727179420977,766.794025021245,4.067366430758));
#6445=IFCCARTESIANPOINT((0.,0.,0.));
#6446=IFCCARTESIANPOINT((159.945218953684,359.,1.04528463267653));
#6447=IFCCARTESIANPOINT((158.660254037845,359.,5.00000000000001));
#6448=IFCCARTESIANPOINT((155.877852522926,359.,8.09016994374948));
#6449=IFCCARTESIANPOINT((152.079116908178,359.,9.78147600733805));
#6450=IFCCARTESIANPOINT((147.920883091823,359.,9.78147600733806));
#6451=IFCCARTESIANPOINT((144.122147477076,359.,8.09016994374948));
#6452=IFCCARTESIANPOINT((141.339745962156,359.,5.00000000000001));
#6453=IFCCARTESIANPOINT((140.054781046318,359.,1.04528463267654));
#6454=IFCCARTESIANPOINT((140.489434837049,359.,-3.09016994374946));
#6455=IFCCARTESIANPOINT((142.568551745227,359.,-6.69130606358858));
#6456=IFCCARTESIANPOINT((145.932633569243,359.,-9.135454576426));
#6457=IFCCARTESIANPOINT((150.000000000001,359.,-10.));
#6458=IFCCARTESIANPOINT((154.067366430759,359.,-9.13545457642601));
#6459=IFCCARTESIANPOINT((157.431448254775,359.,-6.69130606358859));
#6460=IFCCARTESIANPOINT((159.510565162952,359.,-3.09016994374947));
#6461=IFCCARTESIANPOINT((160.000000000001,359.,-6.12323399573677E-16));
#6462=IFCCARTESIANPOINT((159.510565162952,791.,-3.09016994374947));
#6463=IFCCARTESIANPOINT((160.000000000001,791.,-6.12323399573677E-16));
#6464=IFCCARTESIANPOINT((145.932633569243,791.,-9.135454576426));
#6465=IFCCARTESIANPOINT((150.000000000001,791.,-10.));
#6466=IFCCARTESIANPOINT((142.568551745227,791.,-6.69130606358858));
#6467=IFCCARTESIANPOINT((140.489434837049,791.,-3.09016994374946));
#6468=IFCCARTESIANPOINT((140.054781046318,791.,1.04528463267654));
#6469=IFCCARTESIANPOINT((141.339745962156,791.,5.00000000000001));
#6470=IFCCARTESIANPOINT((144.122147477076,791.,8.09016994374948));
#6471=IFCCARTESIANPOINT((147.920883091823,791.,9.78147600733806));
#6472=IFCCARTESIANPOINT((152.079116908178,791.,9.78147600733805));
#6473=IFCCARTESIANPOINT((155.877852522926,791.,8.09016994374948));
#6474=IFCCARTESIANPOINT((158.660254037845,791.,5.00000000000001));
#6475=IFCCARTESIANPOINT((159.945218953684,791.,1.04528463267653));
#6476=IFCCARTESIANPOINT((157.431448254775,791.,-6.69130606358859));
#6477=IFCCARTESIANPOINT((154.067366430759,791.,-9.13545457642601));
#6478=IFCCARTESIANPOINT((0.,0.,0.));
#6479=IFCCARTESIANPOINT((335.567036679161,246.588464261696,4.06736643075801));
#6480=IFCCARTESIANPOINT((334.344962422742,248.705158964435,7.43144825477394));
#6481=IFCCARTESIANPOINT((332.544394362823,251.823834326701,9.51056516295154));
#6482=IFCCARTESIANPOINT((330.47666707461,255.405243046083,9.94521895368274));
#6483=IFCCARTESIANPOINT((328.499309390948,258.830127018921,8.66025403784439));
#6484=IFCCARTESIANPOINT((326.954224419073,261.50629269222,5.87785252292474));
#6485=IFCCARTESIANPOINT((326.108571387279,262.971006708862,2.0791169081776));
#6486=IFCCARTESIANPOINT((326.108571387279,262.971006708862,-2.07911690817759));
#6487=IFCCARTESIANPOINT((326.954224419073,261.50629269222,-5.87785252292473));
#6488=IFCCARTESIANPOINT((328.499309390948,258.830127018922,-8.66025403784436));
#6489=IFCCARTESIANPOINT((330.47666707461,255.405243046083,-9.94521895368273));
#6490=IFCCARTESIANPOINT((332.544394362823,251.823834326701,-9.51056516295154));
#6491=IFCCARTESIANPOINT((334.344962422742,248.705158964435,-7.43144825477396));
#6492=IFCCARTESIANPOINT((335.567036679161,246.588464261696,-4.06736643075802));
#6493=IFCCARTESIANPOINT((335.999309390948,245.839745962155,0.));
#6494=IFCCARTESIANPOINT((709.690011114038,462.588464261696,-4.06736643075802));
#6495=IFCCARTESIANPOINT((710.122283825825,461.839745962155,0.));
#6496=IFCCARTESIANPOINT((708.46793685762,464.705158964435,-7.43144825477396));
#6497=IFCCARTESIANPOINT((706.6673687977,467.823834326702,-9.51056516295154));
#6498=IFCCARTESIANPOINT((704.599641509487,471.405243046083,-9.94521895368273));
#6499=IFCCARTESIANPOINT((702.622283825825,474.830127018922,-8.66025403784436));
#6500=IFCCARTESIANPOINT((701.077198853951,477.50629269222,-5.87785252292473));
#6501=IFCCARTESIANPOINT((700.231545822156,478.971006708862,-2.07911690817759));
#6502=IFCCARTESIANPOINT((700.231545822156,478.971006708862,2.0791169081776));
#6503=IFCCARTESIANPOINT((701.077198853951,477.50629269222,5.87785252292474));
#6504=IFCCARTESIANPOINT((702.622283825825,474.830127018922,8.66025403784439));
#6505=IFCCARTESIANPOINT((704.599641509487,471.405243046083,9.94521895368274));
#6506=IFCCARTESIANPOINT((706.6673687977,467.823834326702,9.51056516295154));
#6507=IFCCARTESIANPOINT((708.46793685762,464.705158964435,7.43144825477394));
#6508=IFCCARTESIANPOINT((709.690011114038,462.588464261696,4.06736643075801));
#6509=IFCCARTESIANPOINT((0.,0.,0.));
#6510=IFCCARTESIANPOINT((304.245059148201,291.325575387775,4.06736643075802));
#6511=IFCCARTESIANPOINT((302.516785160547,293.05384937543,7.43144825477392));
#6512=IFCCARTESIANPOINT((299.970397390233,295.600237145744,9.51056516295156));
#6513=IFCCARTESIANPOINT((297.046189415953,298.524445120024,9.94521895368274));
#6514=IFCCARTESIANPOINT((294.249783362056,301.320851173921,8.66025403784438));
#6515=IFCCARTESIANPOINT((292.064703239812,303.505931296165,5.87785252292476));
#6516=IFCCARTESIANPOINT((290.868769253187,304.70186528279,2.0791169081776));
#6517=IFCCARTESIANPOINT((290.868769253187,304.70186528279,-2.0791169081776));
#6518=IFCCARTESIANPOINT((292.064703239812,303.505931296165,-5.87785252292475));
#6519=IFCCARTESIANPOINT((294.249783362056,301.320851173921,-8.66025403784438));
#6520=IFCCARTESIANPOINT((297.046189415953,298.524445120024,-9.94521895368274));
#6521=IFCCARTESIANPOINT((299.970397390233,295.600237145744,-9.51056516295156));
#6522=IFCCARTESIANPOINT((302.516785160547,293.05384937543,-7.43144825477392));
#6523=IFCCARTESIANPOINT((304.245059148201,291.325575387775,-4.06736643075803));
#6524=IFCCARTESIANPOINT((304.856385079854,290.714249456122,0.));
#6525=IFCCARTESIANPOINT((609.71518862079,596.795704860364,-4.06736643075803));
#6526=IFCCARTESIANPOINT((610.326514552443,596.184378928711,0.));
#6527=IFCCARTESIANPOINT((607.986914633135,598.523978848018,-7.43144825477392));
#6528=IFCCARTESIANPOINT((605.440526862821,601.070366618333,-9.51056516295156));
#6529=IFCCARTESIANPOINT((602.516318888542,603.994574592612,-9.94521895368274));
#6530=IFCCARTESIANPOINT((599.719912834645,606.790980646509,-8.66025403784438));
#6531=IFCCARTESIANPOINT((597.534832712401,608.976060768753,-5.87785252292475));
#6532=IFCCARTESIANPOINT((596.338898725775,610.171994755379,-2.0791169081776));
#6533=IFCCARTESIANPOINT((596.338898725775,610.171994755379,2.0791169081776));
#6534=IFCCARTESIANPOINT((597.534832712401,608.976060768753,5.87785252292476));
#6535=IFCCARTESIANPOINT((599.719912834645,606.790980646509,8.66025403784438));
#6536=IFCCARTESIANPOINT((602.516318888542,603.994574592612,9.94521895368274));
#6537=IFCCARTESIANPOINT((605.440526862821,601.070366618333,9.51056516295156));
#6538=IFCCARTESIANPOINT((607.986914633135,598.523978848018,7.43144825477392));
#6539=IFCCARTESIANPOINT((609.71518862079,596.795704860364,4.06736643075802));
#6540=IFCCARTESIANPOINT((0.,0.,0.));
#6541=IFCCARTESIANPOINT((150.,350.,-27.5));
#6542=IFCCARTESIANPOINT((150.,350.,27.5));
#6543=IFCCARTESIANPOINT((100.,350.,27.5));
#6544=IFCCARTESIANPOINT((100.,350.,-27.5));
#6545=IFCCARTESIANPOINT((100.,368.,27.5));
#6546=IFCCARTESIANPOINT((100.,368.,-27.5));
#6547=IFCCARTESIANPOINT((150.,368.,27.5));
#6548=IFCCARTESIANPOINT((150.,368.,-27.5));
#6549=IFCCARTESIANPOINT((351.405738087461,233.42498825559,-27.5));
#6550=IFCCARTESIANPOINT((351.405738087461,233.42498825559,27.5));
#6551=IFCCARTESIANPOINT((368.,150.,27.5));
#6552=IFCCARTESIANPOINT((368.,150.,-27.5));
#6553=IFCCARTESIANPOINT((304.149278298667,304.149278298667,-27.5));
#6554=IFCCARTESIANPOINT((304.149278298667,304.149278298667,27.5));
#6555=IFCCARTESIANPOINT((233.42498825559,351.405738087461,-27.5));
#6556=IFCCARTESIANPOINT((233.42498825559,351.405738087461,27.5));
#6557=IFCCARTESIANPOINT((368.,100.,27.5));
#6558=IFCCARTESIANPOINT((368.,100.,-27.5));
#6559=IFCCARTESIANPOINT((226.536686473018,334.775906502257,-27.5));
#6560=IFCCARTESIANPOINT((334.775906502257,226.536686473018,-27.5));
#6561=IFCCARTESIANPOINT((291.42135623731,291.421356237309,-27.5));
#6562=IFCCARTESIANPOINT((350.,100.,-27.5));
#6563=IFCCARTESIANPOINT((350.,150.,-27.5));
#6564=IFCCARTESIANPOINT((226.536686473018,334.775906502257,27.5));
#6565=IFCCARTESIANPOINT((291.42135623731,291.421356237309,27.5));
#6566=IFCCARTESIANPOINT((334.775906502257,226.536686473018,27.5));
#6567=IFCCARTESIANPOINT((350.,150.,27.5));
#6568=IFCCARTESIANPOINT((350.,100.,27.5));
#6569=IFCCARTESIANPOINT((0.,0.,0.));
#6570=IFCCARTESIANPOINT((262.411535738304,326.431582102734,4.06736643075801));
#6571=IFCCARTESIANPOINT((260.294841035565,327.653656359153,7.43144825477396));
#6572=IFCCARTESIANPOINT((257.176165673299,329.454224419073,9.51056516295154));
#6573=IFCCARTESIANPOINT((253.594756953917,331.521951707286,9.94521895368274));
#6574=IFCCARTESIANPOINT((250.169872981078,333.499309390947,8.66025403784439));
#6575=IFCCARTESIANPOINT((247.49370730778,335.044394362822,5.87785252292474));
#6576=IFCCARTESIANPOINT((246.028993291138,335.890047394616,2.0791169081776));
#6577=IFCCARTESIANPOINT((246.028993291138,335.890047394616,-2.07911690817759));
#6578=IFCCARTESIANPOINT((247.49370730778,335.044394362822,-5.87785252292473));
#6579=IFCCARTESIANPOINT((250.169872981078,333.499309390947,-8.66025403784439));
#6580=IFCCARTESIANPOINT((253.594756953917,331.521951707286,-9.94521895368273));
#6581=IFCCARTESIANPOINT((257.176165673299,329.454224419073,-9.51056516295154));
#6582=IFCCARTESIANPOINT((260.294841035565,327.653656359153,-7.43144825477396));
#6583=IFCCARTESIANPOINT((262.411535738304,326.431582102734,-4.06736643075802));
#6584=IFCCARTESIANPOINT((263.160254037845,325.999309390947,0.));
#6585=IFCCARTESIANPOINT((478.411535738304,700.554556537612,-4.06736643075802));
#6586=IFCCARTESIANPOINT((479.160254037845,700.122283825825,0.));
#6587=IFCCARTESIANPOINT((476.294841035565,701.776630794031,-7.43144825477396));
#6588=IFCCARTESIANPOINT((473.176165673299,703.57719885395,-9.51056516295154));
#6589=IFCCARTESIANPOINT((469.594756953917,705.644926142163,-9.94521895368273));
#6590=IFCCARTESIANPOINT((466.169872981078,707.622283825825,-8.66025403784439));
#6591=IFCCARTESIANPOINT((463.49370730778,709.1673687977,-5.87785252292473));
#6592=IFCCARTESIANPOINT((462.028993291138,710.013021829494,-2.07911690817759));
#6593=IFCCARTESIANPOINT((462.028993291138,710.013021829494,2.0791169081776));
#6594=IFCCARTESIANPOINT((463.49370730778,709.1673687977,5.87785252292474));
#6595=IFCCARTESIANPOINT((466.169872981078,707.622283825825,8.66025403784439));
#6596=IFCCARTESIANPOINT((469.594756953917,705.644926142163,9.94521895368274));
#6597=IFCCARTESIANPOINT((473.176165673299,703.57719885395,9.51056516295154));
#6598=IFCCARTESIANPOINT((476.294841035565,701.776630794031,7.43144825477396));
#6599=IFCCARTESIANPOINT((478.411535738304,700.554556537612,4.06736643075801));
#6600=IFCCARTESIANPOINT((0.,0.,0.));
#6601=IFCCARTESIANPOINT((354.242927324463,195.269008916166,4.067366430758));
#6602=IFCCARTESIANPOINT((353.610335140282,197.629875088001,7.43144825477393));
#6603=IFCCARTESIANPOINT((352.678292528461,201.108305470136,9.51056516295153));
#6604=IFCCARTESIANPOINT((351.607958123926,205.102847848952,9.94521895368273));
#6605=IFCCARTESIANPOINT((350.584402468903,208.922809557872,8.66025403784438));
#6606=IFCCARTESIANPOINT((349.784607634857,211.907684514161,5.87785252292472));
#6607=IFCCARTESIANPOINT((349.346865414503,213.541360721141,2.07911690817759));
#6608=IFCCARTESIANPOINT((349.346865414503,213.541360721141,-2.07911690817758));
#6609=IFCCARTESIANPOINT((349.784607634857,211.907684514161,-5.87785252292472));
#6610=IFCCARTESIANPOINT((350.584402468903,208.922809557872,-8.66025403784438));
#6611=IFCCARTESIANPOINT((351.607958123926,205.102847848952,-9.94521895368273));
#6612=IFCCARTESIANPOINT((352.678292528461,201.108305470136,-9.51056516295153));
#6613=IFCCARTESIANPOINT((353.610335140282,197.629875088001,-7.43144825477396));
#6614=IFCCARTESIANPOINT((354.242927324463,195.269008916166,-4.06736643075801));
#6615=IFCCARTESIANPOINT((354.466688145441,194.433922163536,0.));
#6616=IFCCARTESIANPOINT((771.522884281341,307.078836400455,-4.06736643075801));
#6617=IFCCARTESIANPOINT((771.746645102318,306.243749647825,0.));
#6618=IFCCARTESIANPOINT((770.890292097159,309.439702572291,-7.43144825477396));
#6619=IFCCARTESIANPOINT((769.958249485339,312.918132954426,-9.51056516295153));
#6620=IFCCARTESIANPOINT((768.887915080803,316.912675333241,-9.94521895368273));
#6621=IFCCARTESIANPOINT((767.86435942578,320.732637042161,-8.66025403784438));
#6622=IFCCARTESIANPOINT((767.064564591734,323.717511998451,-5.87785252292472));
#6623=IFCCARTESIANPOINT((766.62682237138,325.35118820543,-2.07911690817758));
#6624=IFCCARTESIANPOINT((766.62682237138,325.35118820543,2.07911690817759));
#6625=IFCCARTESIANPOINT((767.064564591734,323.717511998451,5.87785252292472));
#6626=IFCCARTESIANPOINT((767.86435942578,320.732637042161,8.66025403784438));
#6627=IFCCARTESIANPOINT((768.887915080803,316.912675333241,9.94521895368273));
#6628=IFCCARTESIANPOINT((769.958249485339,312.918132954426,9.51056516295153));
#6629=IFCCARTESIANPOINT((770.890292097159,309.439702572291,7.43144825477393));
#6630=IFCCARTESIANPOINT((771.522884281341,307.078836400455,4.067366430758));
#6631=IFCCARTESIANPOINT((0.,0.,0.));
#6632=IFCCARTESIANPOINT((359.,140.864545423573,4.067366430758));
#6633=IFCCARTESIANPOINT((359.,143.308693936411,7.43144825477394));
#6634=IFCCARTESIANPOINT((359.,146.90983005625,9.51056516295154));
#6635=IFCCARTESIANPOINT((359.,151.045284632676,9.94521895368273));
#6636=IFCCARTESIANPOINT((359.,154.999999999999,8.66025403784438));
#6637=IFCCARTESIANPOINT((359.,158.090169943749,5.87785252292473));
#6638=IFCCARTESIANPOINT((359.,159.781476007337,2.0791169081776));
#6639=IFCCARTESIANPOINT((359.,159.781476007337,-2.07911690817759));
#6640=IFCCARTESIANPOINT((359.,158.090169943749,-5.87785252292473));
#6641=IFCCARTESIANPOINT((359.,154.999999999999,-8.66025403784438));
#6642=IFCCARTESIANPOINT((359.,151.045284632676,-9.94521895368273));
#6643=IFCCARTESIANPOINT((359.,146.90983005625,-9.51056516295154));
#6644=IFCCARTESIANPOINT((359.,143.308693936411,-7.43144825477394));
#6645=IFCCARTESIANPOINT((359.,140.864545423573,-4.06736643075801));
#6646=IFCCARTESIANPOINT((359.,139.999999999999,-1.83697019872103E-15));
#6647=IFCCARTESIANPOINT((791.,140.864545423574,-4.06736643075801));
#6648=IFCCARTESIANPOINT((791.,140.,-1.83697019872103E-15));
#6649=IFCCARTESIANPOINT((791.,143.308693936411,-7.43144825477394));
#6650=IFCCARTESIANPOINT((791.,146.90983005625,-9.51056516295154));
#6651=IFCCARTESIANPOINT((791.,151.045284632676,-9.94521895368273));
#6652=IFCCARTESIANPOINT((791.,155.,-8.66025403784438));
#6653=IFCCARTESIANPOINT((791.,158.090169943749,-5.87785252292473));
#6654=IFCCARTESIANPOINT((791.,159.781476007338,-2.07911690817759));
#6655=IFCCARTESIANPOINT((791.,159.781476007338,2.0791169081776));
#6656=IFCCARTESIANPOINT((791.,158.090169943749,5.87785252292473));
#6657=IFCCARTESIANPOINT((791.,155.,8.66025403784438));
#6658=IFCCARTESIANPOINT((791.,151.045284632676,9.94521895368273));
#6659=IFCCARTESIANPOINT((791.,146.90983005625,9.51056516295154));
#6660=IFCCARTESIANPOINT((791.,143.308693936411,7.43144825477394));
#6661=IFCCARTESIANPOINT((791.,140.864545423574,4.067366430758));
#6662=IFCCARTESIANPOINT((0.,0.,0.));
#6663=IFCCARTESIANPOINT((15399.9972913984,-15781.9972528086,-294.999999999424));
#6664=IFCCARTESIANPOINT((15399.9972913984,-15781.9972528086,-594.999999999424));
#6665=IFCCARTESIANPOINT((15299.9926003458,-16356.9964369536,-594.999999999424));
#6666=IFCCARTESIANPOINT((14825.0045277482,-14895.0088766821,-594.999999999425));
#6667=IFCCARTESIANPOINT((14825.0045277482,-14895.0088766821,-894.999999999425));
#6668=IFCCARTESIANPOINT((15399.9972913984,-15781.9972528086,-894.999999999424));
#6669=IFCCARTESIANPOINT((15299.9926003458,-16356.9964369536,-894.999999999424));
#6670=IFCCARTESIANPOINT((-207.,1334.94521895368,-1.04528463267652));
#6671=IFCCARTESIANPOINT((-207.,1333.66025403784,-4.99999999999998));
#6672=IFCCARTESIANPOINT((-207.,1330.87785252292,-8.09016994374943));
#6673=IFCCARTESIANPOINT((-207.,1327.07911690818,-9.78147600733807));
#6674=IFCCARTESIANPOINT((-207.,1322.92088309182,-9.78147600733807));
#6675=IFCCARTESIANPOINT((-207.,1319.12214747708,-8.09016994374943));
#6676=IFCCARTESIANPOINT((-207.,1316.33974596216,-4.99999999999999));
#6677=IFCCARTESIANPOINT((-207.,1315.05478104632,-1.04528463267653));
#6678=IFCCARTESIANPOINT((-207.,1315.48943483705,3.09016994374949));
#6679=IFCCARTESIANPOINT((-207.,1317.56855174523,6.69130606358859));
#6680=IFCCARTESIANPOINT((-207.,1320.93263356924,9.135454576426));
#6681=IFCCARTESIANPOINT((-207.,1325.,10.));
#6682=IFCCARTESIANPOINT((-207.,1329.06736643076,9.13545457642601));
#6683=IFCCARTESIANPOINT((-207.,1332.43144825477,6.69130606358859));
#6684=IFCCARTESIANPOINT((-207.,1334.51056516295,3.0901699437495));
#6685=IFCCARTESIANPOINT((-207.,1335.,-6.12323399573677E-16));
#6686=IFCCARTESIANPOINT((207.,1334.51056516295,3.0901699437495));
#6687=IFCCARTESIANPOINT((207.,1335.,-6.12323399573677E-16));
#6688=IFCCARTESIANPOINT((207.,1320.93263356924,9.135454576426));
#6689=IFCCARTESIANPOINT((207.,1325.,10.));
#6690=IFCCARTESIANPOINT((207.,1317.56855174523,6.69130606358859));
#6691=IFCCARTESIANPOINT((207.,1315.48943483705,3.09016994374949));
#6692=IFCCARTESIANPOINT((207.,1315.05478104632,-1.04528463267653));
#6693=IFCCARTESIANPOINT((207.,1316.33974596216,-4.99999999999999));
#6694=IFCCARTESIANPOINT((207.,1319.12214747708,-8.09016994374943));
#6695=IFCCARTESIANPOINT((207.,1322.92088309182,-9.78147600733807));
#6696=IFCCARTESIANPOINT((207.,1327.07911690818,-9.78147600733807));
#6697=IFCCARTESIANPOINT((207.,1330.87785252292,-8.09016994374943));
#6698=IFCCARTESIANPOINT((207.,1333.66025403784,-4.99999999999998));
#6699=IFCCARTESIANPOINT((207.,1334.94521895368,-1.04528463267652));
#6700=IFCCARTESIANPOINT((207.,1332.43144825477,6.69130606358859));
#6701=IFCCARTESIANPOINT((207.,1329.06736643076,9.13545457642601));
#6702=IFCCARTESIANPOINT((0.,0.,0.));
#6703=IFCCARTESIANPOINT((-207.,1814.94521895368,-1.04528463267652));
#6704=IFCCARTESIANPOINT((-207.,1813.66025403784,-4.99999999999998));
#6705=IFCCARTESIANPOINT((-207.,1810.87785252292,-8.09016994374943));
#6706=IFCCARTESIANPOINT((-207.,1807.07911690818,-9.78147600733807));
#6707=IFCCARTESIANPOINT((-207.,1802.92088309182,-9.78147600733807));
#6708=IFCCARTESIANPOINT((-207.,1799.12214747708,-8.09016994374943));
#6709=IFCCARTESIANPOINT((-207.,1796.33974596216,-4.99999999999999));
#6710=IFCCARTESIANPOINT((-207.,1795.05478104632,-1.04528463267653));
#6711=IFCCARTESIANPOINT((-207.,1795.48943483705,3.09016994374949));
#6712=IFCCARTESIANPOINT((-207.,1797.56855174523,6.69130606358859));
#6713=IFCCARTESIANPOINT((-207.,1800.93263356924,9.135454576426));
#6714=IFCCARTESIANPOINT((-207.,1805.,10.));
#6715=IFCCARTESIANPOINT((-207.,1809.06736643076,9.13545457642601));
#6716=IFCCARTESIANPOINT((-207.,1812.43144825477,6.69130606358859));
#6717=IFCCARTESIANPOINT((-207.,1814.51056516295,3.0901699437495));
#6718=IFCCARTESIANPOINT((-207.,1815.,-6.12323399573677E-16));
#6719=IFCCARTESIANPOINT((207.,1814.51056516295,3.0901699437495));
#6720=IFCCARTESIANPOINT((207.,1815.,-6.12323399573677E-16));
#6721=IFCCARTESIANPOINT((207.,1800.93263356924,9.135454576426));
#6722=IFCCARTESIANPOINT((207.,1805.,10.));
#6723=IFCCARTESIANPOINT((207.,1797.56855174523,6.69130606358859));
#6724=IFCCARTESIANPOINT((207.,1795.48943483705,3.09016994374949));
#6725=IFCCARTESIANPOINT((207.,1795.05478104632,-1.04528463267653));
#6726=IFCCARTESIANPOINT((207.,1796.33974596216,-4.99999999999999));
#6727=IFCCARTESIANPOINT((207.,1799.12214747708,-8.09016994374943));
#6728=IFCCARTESIANPOINT((207.,1802.92088309182,-9.78147600733807));
#6729=IFCCARTESIANPOINT((207.,1807.07911690818,-9.78147600733807));
#6730=IFCCARTESIANPOINT((207.,1810.87785252292,-8.09016994374943));
#6731=IFCCARTESIANPOINT((207.,1813.66025403784,-4.99999999999998));
#6732=IFCCARTESIANPOINT((207.,1814.94521895368,-1.04528463267652));
#6733=IFCCARTESIANPOINT((207.,1812.43144825477,6.69130606358859));
#6734=IFCCARTESIANPOINT((207.,1809.06736643076,9.13545457642601));
#6735=IFCCARTESIANPOINT((0.,0.,0.));
#6736=IFCCARTESIANPOINT((-207.,4454.94521895368,-1.04528463267652));
#6737=IFCCARTESIANPOINT((-207.,4453.66025403784,-5.00000000000017));
#6738=IFCCARTESIANPOINT((-207.,4450.87785252293,-8.09016994374932));
#6739=IFCCARTESIANPOINT((-207.,4447.07911690818,-9.78147600733807));
#6740=IFCCARTESIANPOINT((-207.,4442.92088309182,-9.78147600733807));
#6741=IFCCARTESIANPOINT((-207.,4439.12214747708,-8.09016994374932));
#6742=IFCCARTESIANPOINT((-207.,4436.33974596216,-5.00000000000018));
#6743=IFCCARTESIANPOINT((-207.,4435.05478104632,-1.04528463267653));
#6744=IFCCARTESIANPOINT((-207.,4435.48943483705,3.09016994374942));
#6745=IFCCARTESIANPOINT((-207.,4437.56855174523,6.69130606358847));
#6746=IFCCARTESIANPOINT((-207.,4440.93263356924,9.13545457642609));
#6747=IFCCARTESIANPOINT((-207.,4445.,10.));
#6748=IFCCARTESIANPOINT((-207.,4449.06736643076,9.13545457642609));
#6749=IFCCARTESIANPOINT((-207.,4452.43144825477,6.69130606358848));
#6750=IFCCARTESIANPOINT((-207.,4454.51056516295,3.09016994374943));
#6751=IFCCARTESIANPOINT((-207.,4455.,-6.12323399573677E-16));
#6752=IFCCARTESIANPOINT((207.,4454.51056516295,3.09016994374943));
#6753=IFCCARTESIANPOINT((207.,4455.,-6.12323399573677E-16));
#6754=IFCCARTESIANPOINT((207.,4440.93263356924,9.13545457642609));
#6755=IFCCARTESIANPOINT((207.,4445.,10.));
#6756=IFCCARTESIANPOINT((207.,4437.56855174523,6.69130606358847));
#6757=IFCCARTESIANPOINT((207.,4435.48943483705,3.09016994374942));
#6758=IFCCARTESIANPOINT((207.,4435.05478104632,-1.04528463267653));
#6759=IFCCARTESIANPOINT((207.,4436.33974596216,-5.00000000000018));
#6760=IFCCARTESIANPOINT((207.,4439.12214747708,-8.09016994374932));
#6761=IFCCARTESIANPOINT((207.,4442.92088309182,-9.78147600733807));
#6762=IFCCARTESIANPOINT((207.,4447.07911690818,-9.78147600733807));
#6763=IFCCARTESIANPOINT((207.,4450.87785252293,-8.09016994374932));
#6764=IFCCARTESIANPOINT((207.,4453.66025403784,-5.00000000000017));
#6765=IFCCARTESIANPOINT((207.,4454.94521895368,-1.04528463267652));
#6766=IFCCARTESIANPOINT((207.,4452.43144825477,6.69130606358848));
#6767=IFCCARTESIANPOINT((207.,4449.06736643076,9.13545457642609));
#6768=IFCCARTESIANPOINT((0.,0.,0.));
#6769=IFCCARTESIANPOINT((-207.,2054.94521895368,-1.04528463267652));
#6770=IFCCARTESIANPOINT((-207.,2053.66025403784,-4.99999999999998));
#6771=IFCCARTESIANPOINT((-207.,2050.87785252292,-8.09016994374953));
#6772=IFCCARTESIANPOINT((-207.,2047.07911690818,-9.78147600733807));
#6773=IFCCARTESIANPOINT((-207.,2042.92088309182,-9.78147600733807));
#6774=IFCCARTESIANPOINT((-207.,2039.12214747708,-8.09016994374954));
#6775=IFCCARTESIANPOINT((-207.,2036.33974596216,-4.99999999999999));
#6776=IFCCARTESIANPOINT((-207.,2035.05478104632,-1.04528463267653));
#6777=IFCCARTESIANPOINT((-207.,2035.48943483705,3.09016994374942));
#6778=IFCCARTESIANPOINT((-207.,2037.56855174523,6.69130606358847));
#6779=IFCCARTESIANPOINT((-207.,2040.93263356924,9.13545457642593));
#6780=IFCCARTESIANPOINT((-207.,2045.,10.));
#6781=IFCCARTESIANPOINT((-207.,2049.06736643076,9.13545457642609));
#6782=IFCCARTESIANPOINT((-207.,2052.43144825477,6.69130606358848));
#6783=IFCCARTESIANPOINT((-207.,2054.51056516295,3.09016994374943));
#6784=IFCCARTESIANPOINT((-207.,2055.,-6.12323399573677E-16));
#6785=IFCCARTESIANPOINT((207.,2054.51056516295,3.09016994374943));
#6786=IFCCARTESIANPOINT((207.,2055.,-6.12323399573677E-16));
#6787=IFCCARTESIANPOINT((207.,2040.93263356924,9.13545457642593));
#6788=IFCCARTESIANPOINT((207.,2045.,10.));
#6789=IFCCARTESIANPOINT((207.,2037.56855174523,6.69130606358847));
#6790=IFCCARTESIANPOINT((207.,2035.48943483705,3.09016994374942));
#6791=IFCCARTESIANPOINT((207.,2035.05478104632,-1.04528463267653));
#6792=IFCCARTESIANPOINT((207.,2036.33974596216,-4.99999999999999));
#6793=IFCCARTESIANPOINT((207.,2039.12214747708,-8.09016994374954));
#6794=IFCCARTESIANPOINT((207.,2042.92088309182,-9.78147600733807));
#6795=IFCCARTESIANPOINT((207.,2047.07911690818,-9.78147600733807));
#6796=IFCCARTESIANPOINT((207.,2050.87785252292,-8.09016994374953));
#6797=IFCCARTESIANPOINT((207.,2053.66025403784,-4.99999999999998));
#6798=IFCCARTESIANPOINT((207.,2054.94521895368,-1.04528463267652));
#6799=IFCCARTESIANPOINT((207.,2052.43144825477,6.69130606358848));
#6800=IFCCARTESIANPOINT((207.,2049.06736643076,9.13545457642609));
#6801=IFCCARTESIANPOINT((0.,0.,0.));
#6802=IFCCARTESIANPOINT((-207.,4214.94521895368,-1.04528463267652));
#6803=IFCCARTESIANPOINT((-207.,4213.66025403784,-5.00000000000017));
#6804=IFCCARTESIANPOINT((-207.,4210.87785252293,-8.09016994374932));
#6805=IFCCARTESIANPOINT((-207.,4207.07911690818,-9.78147600733807));
#6806=IFCCARTESIANPOINT((-207.,4202.92088309182,-9.78147600733807));
#6807=IFCCARTESIANPOINT((-207.,4199.12214747707,-8.09016994374932));
#6808=IFCCARTESIANPOINT((-207.,4196.33974596216,-5.00000000000018));
#6809=IFCCARTESIANPOINT((-207.,4195.05478104632,-1.04528463267653));
#6810=IFCCARTESIANPOINT((-207.,4195.48943483705,3.09016994374942));
#6811=IFCCARTESIANPOINT((-207.,4197.56855174523,6.69130606358847));
#6812=IFCCARTESIANPOINT((-207.,4200.93263356924,9.13545457642609));
#6813=IFCCARTESIANPOINT((-207.,4205.,10.));
#6814=IFCCARTESIANPOINT((-207.,4209.06736643076,9.13545457642609));
#6815=IFCCARTESIANPOINT((-207.,4212.43144825477,6.69130606358848));
#6816=IFCCARTESIANPOINT((-207.,4214.51056516295,3.09016994374943));
#6817=IFCCARTESIANPOINT((-207.,4215.,-6.12323399573677E-16));
#6818=IFCCARTESIANPOINT((207.,4214.51056516295,3.09016994374943));
#6819=IFCCARTESIANPOINT((207.,4215.,-6.12323399573677E-16));
#6820=IFCCARTESIANPOINT((207.,4200.93263356924,9.13545457642609));
#6821=IFCCARTESIANPOINT((207.,4205.,10.));
#6822=IFCCARTESIANPOINT((207.,4197.56855174523,6.69130606358847));
#6823=IFCCARTESIANPOINT((207.,4195.48943483705,3.09016994374942));
#6824=IFCCARTESIANPOINT((207.,4195.05478104632,-1.04528463267653));
#6825=IFCCARTESIANPOINT((207.,4196.33974596216,-5.00000000000018));
#6826=IFCCARTESIANPOINT((207.,4199.12214747707,-8.09016994374932));
#6827=IFCCARTESIANPOINT((207.,4202.92088309182,-9.78147600733807));
#6828=IFCCARTESIANPOINT((207.,4207.07911690818,-9.78147600733807));
#6829=IFCCARTESIANPOINT((207.,4210.87785252293,-8.09016994374932));
#6830=IFCCARTESIANPOINT((207.,4213.66025403784,-5.00000000000017));
#6831=IFCCARTESIANPOINT((207.,4214.94521895368,-1.04528463267652));
#6832=IFCCARTESIANPOINT((207.,4212.43144825477,6.69130606358848));
#6833=IFCCARTESIANPOINT((207.,4209.06736643076,9.13545457642609));
#6834=IFCCARTESIANPOINT((0.,0.,0.));
#6835=IFCCARTESIANPOINT((-207.,3254.94521895368,-1.04528463267652));
#6836=IFCCARTESIANPOINT((-207.,3253.66025403784,-4.99999999999998));
#6837=IFCCARTESIANPOINT((-207.,3250.87785252292,-8.09016994374953));
#6838=IFCCARTESIANPOINT((-207.,3247.07911690818,-9.78147600733807));
#6839=IFCCARTESIANPOINT((-207.,3242.92088309182,-9.78147600733807));
#6840=IFCCARTESIANPOINT((-207.,3239.12214747708,-8.09016994374954));
#6841=IFCCARTESIANPOINT((-207.,3236.33974596216,-4.99999999999999));
#6842=IFCCARTESIANPOINT((-207.,3235.05478104632,-1.04528463267653));
#6843=IFCCARTESIANPOINT((-207.,3235.48943483705,3.09016994374942));
#6844=IFCCARTESIANPOINT((-207.,3237.56855174523,6.69130606358847));
#6845=IFCCARTESIANPOINT((-207.,3240.93263356924,9.13545457642593));
#6846=IFCCARTESIANPOINT((-207.,3245.,10.));
#6847=IFCCARTESIANPOINT((-207.,3249.06736643076,9.13545457642609));
#6848=IFCCARTESIANPOINT((-207.,3252.43144825477,6.69130606358848));
#6849=IFCCARTESIANPOINT((-207.,3254.51056516295,3.09016994374943));
#6850=IFCCARTESIANPOINT((-207.,3255.,-6.12323399573677E-16));
#6851=IFCCARTESIANPOINT((207.,3254.51056516295,3.09016994374943));
#6852=IFCCARTESIANPOINT((207.,3255.,-6.12323399573677E-16));
#6853=IFCCARTESIANPOINT((207.,3240.93263356924,9.13545457642593));
#6854=IFCCARTESIANPOINT((207.,3245.,10.));
#6855=IFCCARTESIANPOINT((207.,3237.56855174523,6.69130606358847));
#6856=IFCCARTESIANPOINT((207.,3235.48943483705,3.09016994374942));
#6857=IFCCARTESIANPOINT((207.,3235.05478104632,-1.04528463267653));
#6858=IFCCARTESIANPOINT((207.,3236.33974596216,-4.99999999999999));
#6859=IFCCARTESIANPOINT((207.,3239.12214747708,-8.09016994374954));
#6860=IFCCARTESIANPOINT((207.,3242.92088309182,-9.78147600733807));
#6861=IFCCARTESIANPOINT((207.,3247.07911690818,-9.78147600733807));
#6862=IFCCARTESIANPOINT((207.,3250.87785252292,-8.09016994374953));
#6863=IFCCARTESIANPOINT((207.,3253.66025403784,-4.99999999999998));
#6864=IFCCARTESIANPOINT((207.,3254.94521895368,-1.04528463267652));
#6865=IFCCARTESIANPOINT((207.,3252.43144825477,6.69130606358848));
#6866=IFCCARTESIANPOINT((207.,3249.06736643076,9.13545457642609));
#6867=IFCCARTESIANPOINT((0.,0.,0.));
#6868=IFCCARTESIANPOINT((-207.,3494.94521895368,-1.04528463267652));
#6869=IFCCARTESIANPOINT((-207.,3493.66025403784,-4.99999999999998));
#6870=IFCCARTESIANPOINT((-207.,3490.87785252292,-8.09016994374953));
#6871=IFCCARTESIANPOINT((-207.,3487.07911690818,-9.78147600733807));
#6872=IFCCARTESIANPOINT((-207.,3482.92088309182,-9.78147600733807));
#6873=IFCCARTESIANPOINT((-207.,3479.12214747708,-8.09016994374954));
#6874=IFCCARTESIANPOINT((-207.,3476.33974596216,-4.99999999999999));
#6875=IFCCARTESIANPOINT((-207.,3475.05478104632,-1.04528463267653));
#6876=IFCCARTESIANPOINT((-207.,3475.48943483705,3.09016994374942));
#6877=IFCCARTESIANPOINT((-207.,3477.56855174523,6.69130606358847));
#6878=IFCCARTESIANPOINT((-207.,3480.93263356924,9.13545457642593));
#6879=IFCCARTESIANPOINT((-207.,3485.,10.));
#6880=IFCCARTESIANPOINT((-207.,3489.06736643076,9.13545457642609));
#6881=IFCCARTESIANPOINT((-207.,3492.43144825477,6.69130606358848));
#6882=IFCCARTESIANPOINT((-207.,3494.51056516295,3.09016994374943));
#6883=IFCCARTESIANPOINT((-207.,3495.,-6.12323399573677E-16));
#6884=IFCCARTESIANPOINT((207.,3494.51056516295,3.09016994374943));
#6885=IFCCARTESIANPOINT((207.,3495.,-6.12323399573677E-16));
#6886=IFCCARTESIANPOINT((207.,3480.93263356924,9.13545457642593));
#6887=IFCCARTESIANPOINT((207.,3485.,10.));
#6888=IFCCARTESIANPOINT((207.,3477.56855174523,6.69130606358847));
#6889=IFCCARTESIANPOINT((207.,3475.48943483705,3.09016994374942));
#6890=IFCCARTESIANPOINT((207.,3475.05478104632,-1.04528463267653));
#6891=IFCCARTESIANPOINT((207.,3476.33974596216,-4.99999999999999));
#6892=IFCCARTESIANPOINT((207.,3479.12214747708,-8.09016994374954));
#6893=IFCCARTESIANPOINT((207.,3482.92088309182,-9.78147600733807));
#6894=IFCCARTESIANPOINT((207.,3487.07911690818,-9.78147600733807));
#6895=IFCCARTESIANPOINT((207.,3490.87785252292,-8.09016994374953));
#6896=IFCCARTESIANPOINT((207.,3493.66025403784,-4.99999999999998));
#6897=IFCCARTESIANPOINT((207.,3494.94521895368,-1.04528463267652));
#6898=IFCCARTESIANPOINT((207.,3492.43144825477,6.69130606358848));
#6899=IFCCARTESIANPOINT((207.,3489.06736643076,9.13545457642609));
#6900=IFCCARTESIANPOINT((0.,0.,0.));
#6901=IFCCARTESIANPOINT((-207.,3734.94521895368,-1.04528463267652));
#6902=IFCCARTESIANPOINT((-207.,3733.66025403784,-4.99999999999998));
#6903=IFCCARTESIANPOINT((-207.,3730.87785252292,-8.09016994374953));
#6904=IFCCARTESIANPOINT((-207.,3727.07911690818,-9.78147600733807));
#6905=IFCCARTESIANPOINT((-207.,3722.92088309182,-9.78147600733807));
#6906=IFCCARTESIANPOINT((-207.,3719.12214747708,-8.09016994374954));
#6907=IFCCARTESIANPOINT((-207.,3716.33974596216,-4.99999999999999));
#6908=IFCCARTESIANPOINT((-207.,3715.05478104632,-1.04528463267653));
#6909=IFCCARTESIANPOINT((-207.,3715.48943483705,3.09016994374942));
#6910=IFCCARTESIANPOINT((-207.,3717.56855174523,6.69130606358847));
#6911=IFCCARTESIANPOINT((-207.,3720.93263356924,9.13545457642593));
#6912=IFCCARTESIANPOINT((-207.,3725.,10.));
#6913=IFCCARTESIANPOINT((-207.,3729.06736643076,9.13545457642609));
#6914=IFCCARTESIANPOINT((-207.,3732.43144825477,6.69130606358848));
#6915=IFCCARTESIANPOINT((-207.,3734.51056516295,3.09016994374943));
#6916=IFCCARTESIANPOINT((-207.,3735.,-6.12323399573677E-16));
#6917=IFCCARTESIANPOINT((207.,3734.51056516295,3.09016994374943));
#6918=IFCCARTESIANPOINT((207.,3735.,-6.12323399573677E-16));
#6919=IFCCARTESIANPOINT((207.,3720.93263356924,9.13545457642593));
#6920=IFCCARTESIANPOINT((207.,3725.,10.));
#6921=IFCCARTESIANPOINT((207.,3717.56855174523,6.69130606358847));
#6922=IFCCARTESIANPOINT((207.,3715.48943483705,3.09016994374942));
#6923=IFCCARTESIANPOINT((207.,3715.05478104632,-1.04528463267653));
#6924=IFCCARTESIANPOINT((207.,3716.33974596216,-4.99999999999999));
#6925=IFCCARTESIANPOINT((207.,3719.12214747708,-8.09016994374954));
#6926=IFCCARTESIANPOINT((207.,3722.92088309182,-9.78147600733807));
#6927=IFCCARTESIANPOINT((207.,3727.07911690818,-9.78147600733807));
#6928=IFCCARTESIANPOINT((207.,3730.87785252292,-8.09016994374953));
#6929=IFCCARTESIANPOINT((207.,3733.66025403784,-4.99999999999998));
#6930=IFCCARTESIANPOINT((207.,3734.94521895368,-1.04528463267652));
#6931=IFCCARTESIANPOINT((207.,3732.43144825477,6.69130606358848));
#6932=IFCCARTESIANPOINT((207.,3729.06736643076,9.13545457642609));
#6933=IFCCARTESIANPOINT((0.,0.,0.));
#6934=IFCCARTESIANPOINT((-207.,2534.94521895368,-1.04528463267652));
#6935=IFCCARTESIANPOINT((-207.,2533.66025403784,-4.99999999999998));
#6936=IFCCARTESIANPOINT((-207.,2530.87785252292,-8.09016994374953));
#6937=IFCCARTESIANPOINT((-207.,2527.07911690818,-9.78147600733807));
#6938=IFCCARTESIANPOINT((-207.,2522.92088309182,-9.78147600733807));
#6939=IFCCARTESIANPOINT((-207.,2519.12214747708,-8.09016994374954));
#6940=IFCCARTESIANPOINT((-207.,2516.33974596216,-4.99999999999999));
#6941=IFCCARTESIANPOINT((-207.,2515.05478104632,-1.04528463267653));
#6942=IFCCARTESIANPOINT((-207.,2515.48943483705,3.09016994374942));
#6943=IFCCARTESIANPOINT((-207.,2517.56855174523,6.69130606358847));
#6944=IFCCARTESIANPOINT((-207.,2520.93263356924,9.13545457642593));
#6945=IFCCARTESIANPOINT((-207.,2525.,10.));
#6946=IFCCARTESIANPOINT((-207.,2529.06736643076,9.13545457642609));
#6947=IFCCARTESIANPOINT((-207.,2532.43144825477,6.69130606358848));
#6948=IFCCARTESIANPOINT((-207.,2534.51056516295,3.09016994374943));
#6949=IFCCARTESIANPOINT((-207.,2535.,-6.12323399573677E-16));
#6950=IFCCARTESIANPOINT((207.,2534.51056516295,3.09016994374943));
#6951=IFCCARTESIANPOINT((207.,2535.,-6.12323399573677E-16));
#6952=IFCCARTESIANPOINT((207.,2520.93263356924,9.13545457642593));
#6953=IFCCARTESIANPOINT((207.,2525.,10.));
#6954=IFCCARTESIANPOINT((207.,2517.56855174523,6.69130606358847));
#6955=IFCCARTESIANPOINT((207.,2515.48943483705,3.09016994374942));
#6956=IFCCARTESIANPOINT((207.,2515.05478104632,-1.04528463267653));
#6957=IFCCARTESIANPOINT((207.,2516.33974596216,-4.99999999999999));
#6958=IFCCARTESIANPOINT((207.,2519.12214747708,-8.09016994374954));
#6959=IFCCARTESIANPOINT((207.,2522.92088309182,-9.78147600733807));
#6960=IFCCARTESIANPOINT((207.,2527.07911690818,-9.78147600733807));
#6961=IFCCARTESIANPOINT((207.,2530.87785252292,-8.09016994374953));
#6962=IFCCARTESIANPOINT((207.,2533.66025403784,-4.99999999999998));
#6963=IFCCARTESIANPOINT((207.,2534.94521895368,-1.04528463267652));
#6964=IFCCARTESIANPOINT((207.,2532.43144825477,6.69130606358848));
#6965=IFCCARTESIANPOINT((207.,2529.06736643076,9.13545457642609));
#6966=IFCCARTESIANPOINT((0.,0.,0.));
#6967=IFCCARTESIANPOINT((-207.,3014.94521895368,-1.04528463267652));
#6968=IFCCARTESIANPOINT((-207.,3013.66025403784,-4.99999999999998));
#6969=IFCCARTESIANPOINT((-207.,3010.87785252292,-8.09016994374953));
#6970=IFCCARTESIANPOINT((-207.,3007.07911690818,-9.78147600733807));
#6971=IFCCARTESIANPOINT((-207.,3002.92088309182,-9.78147600733807));
#6972=IFCCARTESIANPOINT((-207.,2999.12214747708,-8.09016994374954));
#6973=IFCCARTESIANPOINT((-207.,2996.33974596216,-4.99999999999999));
#6974=IFCCARTESIANPOINT((-207.,2995.05478104632,-1.04528463267653));
#6975=IFCCARTESIANPOINT((-207.,2995.48943483705,3.09016994374942));
#6976=IFCCARTESIANPOINT((-207.,2997.56855174523,6.69130606358847));
#6977=IFCCARTESIANPOINT((-207.,3000.93263356924,9.13545457642593));
#6978=IFCCARTESIANPOINT((-207.,3005.,10.));
#6979=IFCCARTESIANPOINT((-207.,3009.06736643076,9.13545457642609));
#6980=IFCCARTESIANPOINT((-207.,3012.43144825477,6.69130606358848));
#6981=IFCCARTESIANPOINT((-207.,3014.51056516295,3.09016994374943));
#6982=IFCCARTESIANPOINT((-207.,3015.,-6.12323399573677E-16));
#6983=IFCCARTESIANPOINT((207.,3014.51056516295,3.09016994374943));
#6984=IFCCARTESIANPOINT((207.,3015.,-6.12323399573677E-16));
#6985=IFCCARTESIANPOINT((207.,3000.93263356924,9.13545457642593));
#6986=IFCCARTESIANPOINT((207.,3005.,10.));
#6987=IFCCARTESIANPOINT((207.,2997.56855174523,6.69130606358847));
#6988=IFCCARTESIANPOINT((207.,2995.48943483705,3.09016994374942));
#6989=IFCCARTESIANPOINT((207.,2995.05478104632,-1.04528463267653));
#6990=IFCCARTESIANPOINT((207.,2996.33974596216,-4.99999999999999));
#6991=IFCCARTESIANPOINT((207.,2999.12214747708,-8.09016994374954));
#6992=IFCCARTESIANPOINT((207.,3002.92088309182,-9.78147600733807));
#6993=IFCCARTESIANPOINT((207.,3007.07911690818,-9.78147600733807));
#6994=IFCCARTESIANPOINT((207.,3010.87785252292,-8.09016994374953));
#6995=IFCCARTESIANPOINT((207.,3013.66025403784,-4.99999999999998));
#6996=IFCCARTESIANPOINT((207.,3014.94521895368,-1.04528463267652));
#6997=IFCCARTESIANPOINT((207.,3012.43144825477,6.69130606358848));
#6998=IFCCARTESIANPOINT((207.,3009.06736643076,9.13545457642609));
#6999=IFCCARTESIANPOINT((0.,0.,0.));
#7000=IFCCARTESIANPOINT((207.,1094.51056516295,3.0901699437495));
#7001=IFCCARTESIANPOINT((207.,1094.94521895368,-1.04528463267652));
#7002=IFCCARTESIANPOINT((-207.,1095.,-6.12323399573677E-16));
#7003=IFCCARTESIANPOINT((-207.,1094.94521895368,-1.04528463267652));
#7004=IFCCARTESIANPOINT((-207.,1082.92088309182,-9.78147600733807));
#7005=IFCCARTESIANPOINT((-207.,1087.07911690818,-9.78147600733807));
#7006=IFCCARTESIANPOINT((207.,1085.,-10.));
#7007=IFCCARTESIANPOINT((207.,1087.07911690818,-9.78147600733807));
#7008=IFCCARTESIANPOINT((-207.,1080.93263356924,9.135454576426));
#7009=IFCCARTESIANPOINT((207.,1080.93263356924,9.135454576426));
#7010=IFCCARTESIANPOINT((207.,1085.,10.));
#7011=IFCCARTESIANPOINT((-207.,1085.,10.));
#7012=IFCCARTESIANPOINT((-207.,1077.56855174523,6.69130606358859));
#7013=IFCCARTESIANPOINT((207.,1077.56855174523,6.69130606358859));
#7014=IFCCARTESIANPOINT((-207.,1075.48943483705,3.09016994374949));
#7015=IFCCARTESIANPOINT((207.,1075.48943483705,3.09016994374949));
#7016=IFCCARTESIANPOINT((-207.,1075.05478104632,-1.04528463267653));
#7017=IFCCARTESIANPOINT((207.,1075.05478104632,-1.04528463267653));
#7018=IFCCARTESIANPOINT((-207.,1076.33974596216,-4.99999999999999));
#7019=IFCCARTESIANPOINT((207.,1076.33974596216,-4.99999999999999));
#7020=IFCCARTESIANPOINT((-207.,1079.12214747708,-8.09016994374943));
#7021=IFCCARTESIANPOINT((207.,1079.12214747708,-8.09016994374943));
#7022=IFCCARTESIANPOINT((207.,1082.92088309182,-9.78147600733807));
#7023=IFCCARTESIANPOINT((-207.,1090.87785252292,-8.09016994374943));
#7024=IFCCARTESIANPOINT((207.,1090.87785252292,-8.09016994374943));
#7025=IFCCARTESIANPOINT((-207.,1093.66025403784,-4.99999999999998));
#7026=IFCCARTESIANPOINT((207.,1093.66025403784,-4.99999999999998));
#7027=IFCCARTESIANPOINT((-207.,1094.51056516295,3.0901699437495));
#7028=IFCCARTESIANPOINT((-207.,1092.43144825477,6.69130606358859));
#7029=IFCCARTESIANPOINT((207.,1092.43144825477,6.69130606358859));
#7030=IFCCARTESIANPOINT((-207.,1089.06736643076,9.13545457642601));
#7031=IFCCARTESIANPOINT((207.,1089.06736643076,9.13545457642601));
#7032=IFCCARTESIANPOINT((207.,484.999999999999,-27.4999999999999));
#7033=IFCCARTESIANPOINT((207.,842.920883091822,-9.78147600733805));
#7034=IFCCARTESIANPOINT((207.,845.,-10.));
#7035=IFCCARTESIANPOINT((207.,839.122147477075,-8.09016994374948));
#7036=IFCCARTESIANPOINT((207.,835.054781046317,-1.04528463267654));
#7037=IFCCARTESIANPOINT((207.,836.339745962156,-4.99999999999999));
#7038=IFCCARTESIANPOINT((207.,845.,10.));
#7039=IFCCARTESIANPOINT((207.,609.067366430758,9.13545457642601));
#7040=IFCCARTESIANPOINT((207.,605.,10.));
#7041=IFCCARTESIANPOINT((207.,849.067366430758,9.13545457642601));
#7042=IFCCARTESIANPOINT((207.,5000.,18.7500000000001));
#7043=IFCCARTESIANPOINT((207.,484.999999999999,18.7500000000001));
#7044=IFCCARTESIANPOINT((207.,5000.,-27.4999999999999));
#7045=IFCCARTESIANPOINT((207.,614.510565162952,3.09016994374947));
#7046=IFCCARTESIANPOINT((207.,612.431448254774,6.69130606358859));
#7047=IFCCARTESIANPOINT((207.,613.660254037844,-4.99999999999998));
#7048=IFCCARTESIANPOINT((207.,614.945218953683,-1.04528463267653));
#7049=IFCCARTESIANPOINT((207.,852.431448254774,6.69130606358859));
#7050=IFCCARTESIANPOINT((207.,602.920883091822,-9.78147600733805));
#7051=IFCCARTESIANPOINT((207.,605.,-10.));
#7052=IFCCARTESIANPOINT((207.,853.660254037844,-4.99999999999998));
#7053=IFCCARTESIANPOINT((207.,854.945218953683,-1.04528463267653));
#7054=IFCCARTESIANPOINT((207.,835.489434837048,3.09016994374946));
#7055=IFCCARTESIANPOINT((207.,854.510565162952,3.09016994374947));
#7056=IFCCARTESIANPOINT((207.,599.122147477075,-8.09016994374948));
#7057=IFCCARTESIANPOINT((207.,596.339745962156,-4.99999999999999));
#7058=IFCCARTESIANPOINT((207.,607.079116908178,-9.78147600733805));
#7059=IFCCARTESIANPOINT((207.,610.877852522925,-8.09016994374948));
#7060=IFCCARTESIANPOINT((207.,847.079116908178,-9.78147600733805));
#7061=IFCCARTESIANPOINT((207.,595.489434837048,3.09016994374946));
#7062=IFCCARTESIANPOINT((207.,595.054781046317,-1.04528463267654));
#7063=IFCCARTESIANPOINT((207.,600.932633569242,9.135454576426));
#7064=IFCCARTESIANPOINT((207.,597.568551745226,6.69130606358859));
#7065=IFCCARTESIANPOINT((207.,850.877852522925,-8.09016994374948));
#7066=IFCCARTESIANPOINT((207.,840.932633569242,9.135454576426));
#7067=IFCCARTESIANPOINT((207.,837.568551745226,6.69130606358859));
#7068=IFCCARTESIANPOINT((207.,355.489434837048,3.09016994374947));
#7069=IFCCARTESIANPOINT((207.,355.054781046317,-1.04528463267654));
#7070=IFCCARTESIANPOINT((207.,134.945218953683,-1.04528463267653));
#7071=IFCCARTESIANPOINT((207.,135.,-6.12323399573677E-16));
#7072=IFCCARTESIANPOINT((207.,133.660254037844,-5.00000000000001));
#7073=IFCCARTESIANPOINT((207.,130.877852522925,-8.09016994374948));
#7074=IFCCARTESIANPOINT((207.,362.920883091822,-9.78147600733806));
#7075=IFCCARTESIANPOINT((207.,365.,-10.));
#7076=IFCCARTESIANPOINT((207.,134.510565162952,3.09016994374947));
#7077=IFCCARTESIANPOINT((207.,359.122147477075,-8.09016994374948));
#7078=IFCCARTESIANPOINT((207.,370.877852522925,-8.09016994374948));
#7079=IFCCARTESIANPOINT((207.,373.660254037844,-5.00000000000001));
#7080=IFCCARTESIANPOINT((207.,367.079116908178,-9.78147600733806));
#7081=IFCCARTESIANPOINT((207.,360.932633569242,9.135454576426));
#7082=IFCCARTESIANPOINT((207.,129.067366430758,9.13545457642601));
#7083=IFCCARTESIANPOINT((207.,125.,10.));
#7084=IFCCARTESIANPOINT((207.,132.431448254774,6.69130606358859));
#7085=IFCCARTESIANPOINT((207.,357.568551745226,6.69130606358859));
#7086=IFCCARTESIANPOINT((207.,372.431448254774,6.69130606358859));
#7087=IFCCARTESIANPOINT((207.,369.067366430758,9.13545457642601));
#7088=IFCCARTESIANPOINT((207.,374.945218953683,-1.04528463267653));
#7089=IFCCARTESIANPOINT((207.,374.510565162951,3.09016994374948));
#7090=IFCCARTESIANPOINT((207.,0.,18.7500000000001));
#7091=IFCCARTESIANPOINT((207.,117.568551745226,6.69130606358857));
#7092=IFCCARTESIANPOINT((207.,115.489434837048,3.09016994374946));
#7093=IFCCARTESIANPOINT((207.,120.932633569242,9.135454576426));
#7094=IFCCARTESIANPOINT((207.,356.339745962156,-5.00000000000001));
#7095=IFCCARTESIANPOINT((207.,365.,10.));
#7096=IFCCARTESIANPOINT((207.,0.,-27.4999999999999));
#7097=IFCCARTESIANPOINT((207.,122.920883091822,-9.78147600733806));
#7098=IFCCARTESIANPOINT((207.,127.079116908178,-9.78147600733806));
#7099=IFCCARTESIANPOINT((207.,115.054781046317,-1.04528463267654));
#7100=IFCCARTESIANPOINT((207.,116.339745962156,-5.00000000000001));
#7101=IFCCARTESIANPOINT((207.,119.122147477075,-8.09016994374948));
#7102=IFCCARTESIANPOINT((207.,0.,27.5000000000002));
#7103=IFCCARTESIANPOINT((207.,484.999999999999,27.5000000000002));
#7104=IFCCARTESIANPOINT((207.,5000.,27.5000000000002));
#7105=IFCCARTESIANPOINT((-207.,855.,-6.12323399573677E-16));
#7106=IFCCARTESIANPOINT((-207.,854.945218953683,-1.04528463267653));
#7107=IFCCARTESIANPOINT((-207.,842.920883091822,-9.78147600733805));
#7108=IFCCARTESIANPOINT((-207.,847.079116908178,-9.78147600733805));
#7109=IFCCARTESIANPOINT((-207.,840.932633569242,9.135454576426));
#7110=IFCCARTESIANPOINT((-207.,845.,10.));
#7111=IFCCARTESIANPOINT((-207.,837.568551745226,6.69130606358859));
#7112=IFCCARTESIANPOINT((-207.,835.489434837048,3.09016994374946));
#7113=IFCCARTESIANPOINT((-207.,835.054781046317,-1.04528463267654));
#7114=IFCCARTESIANPOINT((-207.,836.339745962156,-4.99999999999999));
#7115=IFCCARTESIANPOINT((-207.,839.122147477075,-8.09016994374948));
#7116=IFCCARTESIANPOINT((-207.,850.877852522925,-8.09016994374948));
#7117=IFCCARTESIANPOINT((-207.,853.660254037844,-4.99999999999998));
#7118=IFCCARTESIANPOINT((-207.,854.510565162952,3.09016994374947));
#7119=IFCCARTESIANPOINT((-207.,852.431448254774,6.69130606358859));
#7120=IFCCARTESIANPOINT((-207.,849.067366430758,9.13545457642601));
#7121=IFCCARTESIANPOINT((-207.,615.,-6.12323399573677E-16));
#7122=IFCCARTESIANPOINT((-207.,614.945218953683,-1.04528463267653));
#7123=IFCCARTESIANPOINT((-207.,602.920883091822,-9.78147600733805));
#7124=IFCCARTESIANPOINT((-207.,607.079116908178,-9.78147600733805));
#7125=IFCCARTESIANPOINT((-207.,600.932633569242,9.135454576426));
#7126=IFCCARTESIANPOINT((-207.,605.,10.));
#7127=IFCCARTESIANPOINT((-207.,597.568551745226,6.69130606358859));
#7128=IFCCARTESIANPOINT((-207.,595.489434837048,3.09016994374946));
#7129=IFCCARTESIANPOINT((-207.,595.054781046317,-1.04528463267654));
#7130=IFCCARTESIANPOINT((-207.,596.339745962156,-4.99999999999999));
#7131=IFCCARTESIANPOINT((-207.,599.122147477075,-8.09016994374948));
#7132=IFCCARTESIANPOINT((-207.,610.877852522925,-8.09016994374948));
#7133=IFCCARTESIANPOINT((-207.,613.660254037844,-4.99999999999998));
#7134=IFCCARTESIANPOINT((-207.,614.510565162952,3.09016994374947));
#7135=IFCCARTESIANPOINT((-207.,612.431448254774,6.69130606358859));
#7136=IFCCARTESIANPOINT((-207.,609.067366430758,9.13545457642601));
#7137=IFCCARTESIANPOINT((-207.,375.,-6.12323399573677E-16));
#7138=IFCCARTESIANPOINT((-207.,374.945218953683,-1.04528463267653));
#7139=IFCCARTESIANPOINT((-207.,362.920883091822,-9.78147600733806));
#7140=IFCCARTESIANPOINT((-207.,367.079116908178,-9.78147600733806));
#7141=IFCCARTESIANPOINT((-207.,360.932633569242,9.135454576426));
#7142=IFCCARTESIANPOINT((-207.,365.,10.));
#7143=IFCCARTESIANPOINT((-207.,357.568551745226,6.69130606358859));
#7144=IFCCARTESIANPOINT((-207.,355.489434837048,3.09016994374947));
#7145=IFCCARTESIANPOINT((-207.,355.054781046317,-1.04528463267654));
#7146=IFCCARTESIANPOINT((-207.,356.339745962156,-5.00000000000001));
#7147=IFCCARTESIANPOINT((-207.,359.122147477075,-8.09016994374948));
#7148=IFCCARTESIANPOINT((-207.,370.877852522925,-8.09016994374948));
#7149=IFCCARTESIANPOINT((-207.,373.660254037844,-5.00000000000001));
#7150=IFCCARTESIANPOINT((-207.,374.510565162951,3.09016994374948));
#7151=IFCCARTESIANPOINT((-207.,372.431448254774,6.69130606358859));
#7152=IFCCARTESIANPOINT((-207.,369.067366430758,9.13545457642601));
#7153=IFCCARTESIANPOINT((-207.,135.,-6.12323399573677E-16));
#7154=IFCCARTESIANPOINT((-207.,134.510565162952,3.09016994374947));
#7155=IFCCARTESIANPOINT((-207.,120.932633569242,9.135454576426));
#7156=IFCCARTESIANPOINT((-207.,125.,10.));
#7157=IFCCARTESIANPOINT((-207.,117.568551745226,6.69130606358857));
#7158=IFCCARTESIANPOINT((-207.,115.489434837048,3.09016994374946));
#7159=IFCCARTESIANPOINT((-207.,115.054781046317,-1.04528463267654));
#7160=IFCCARTESIANPOINT((-207.,116.339745962156,-5.00000000000001));
#7161=IFCCARTESIANPOINT((-207.,119.122147477075,-8.09016994374948));
#7162=IFCCARTESIANPOINT((-207.,122.920883091822,-9.78147600733806));
#7163=IFCCARTESIANPOINT((-207.,127.079116908178,-9.78147600733806));
#7164=IFCCARTESIANPOINT((-207.,130.877852522925,-8.09016994374948));
#7165=IFCCARTESIANPOINT((-207.,133.660254037844,-5.00000000000001));
#7166=IFCCARTESIANPOINT((-207.,134.945218953683,-1.04528463267653));
#7167=IFCCARTESIANPOINT((-207.,132.431448254774,6.69130606358859));
#7168=IFCCARTESIANPOINT((-207.,129.067366430758,9.13545457642601));
#7169=IFCCARTESIANPOINT((225.,0.,27.5000000000002));
#7170=IFCCARTESIANPOINT((225.,0.,-27.4999999999999));
#7171=IFCCARTESIANPOINT((225.,5000.,27.5000000000002));
#7172=IFCCARTESIANPOINT((225.,5000.,-27.4999999999999));
#7173=IFCCARTESIANPOINT((-207.,484.999999999999,18.75));
#7174=IFCCARTESIANPOINT((-207.,484.999999999999,-27.5));
#7175=IFCCARTESIANPOINT((-207.,0.,18.75));
#7176=IFCCARTESIANPOINT((-207.,0.,-27.5));
#7177=IFCCARTESIANPOINT((-207.,5000.,-27.5));
#7178=IFCCARTESIANPOINT((-207.,5000.,18.75));
#7179=IFCCARTESIANPOINT((-207.,5000.,27.5));
#7180=IFCCARTESIANPOINT((-207.,484.999999999999,27.5));
#7181=IFCCARTESIANPOINT((-207.,0.,27.5));
#7182=IFCCARTESIANPOINT((-225.,0.,27.5));
#7183=IFCCARTESIANPOINT((-225.,0.,-27.5));
#7184=IFCCARTESIANPOINT((-225.,5000.,27.5));
#7185=IFCCARTESIANPOINT((-225.,5000.,-27.5));
#7186=IFCCARTESIANPOINT((0.,0.,0.));
#7187=IFCCARTESIANPOINT((-207.,1574.94521895368,-1.04528463267652));
#7188=IFCCARTESIANPOINT((-207.,1573.66025403784,-4.99999999999998));
#7189=IFCCARTESIANPOINT((-207.,1570.87785252292,-8.09016994374943));
#7190=IFCCARTESIANPOINT((-207.,1567.07911690818,-9.78147600733807));
#7191=IFCCARTESIANPOINT((-207.,1562.92088309182,-9.78147600733807));
#7192=IFCCARTESIANPOINT((-207.,1559.12214747708,-8.09016994374943));
#7193=IFCCARTESIANPOINT((-207.,1556.33974596216,-4.99999999999999));
#7194=IFCCARTESIANPOINT((-207.,1555.05478104632,-1.04528463267653));
#7195=IFCCARTESIANPOINT((-207.,1555.48943483705,3.09016994374949));
#7196=IFCCARTESIANPOINT((-207.,1557.56855174523,6.69130606358859));
#7197=IFCCARTESIANPOINT((-207.,1560.93263356924,9.135454576426));
#7198=IFCCARTESIANPOINT((-207.,1565.,10.));
#7199=IFCCARTESIANPOINT((-207.,1569.06736643076,9.13545457642601));
#7200=IFCCARTESIANPOINT((-207.,1572.43144825477,6.69130606358859));
#7201=IFCCARTESIANPOINT((-207.,1574.51056516295,3.0901699437495));
#7202=IFCCARTESIANPOINT((-207.,1575.,-6.12323399573677E-16));
#7203=IFCCARTESIANPOINT((207.,1574.51056516295,3.0901699437495));
#7204=IFCCARTESIANPOINT((207.,1575.,-6.12323399573677E-16));
#7205=IFCCARTESIANPOINT((207.,1560.93263356924,9.135454576426));
#7206=IFCCARTESIANPOINT((207.,1565.,10.));
#7207=IFCCARTESIANPOINT((207.,1557.56855174523,6.69130606358859));
#7208=IFCCARTESIANPOINT((207.,1555.48943483705,3.09016994374949));
#7209=IFCCARTESIANPOINT((207.,1555.05478104632,-1.04528463267653));
#7210=IFCCARTESIANPOINT((207.,1556.33974596216,-4.99999999999999));
#7211=IFCCARTESIANPOINT((207.,1559.12214747708,-8.09016994374943));
#7212=IFCCARTESIANPOINT((207.,1562.92088309182,-9.78147600733807));
#7213=IFCCARTESIANPOINT((207.,1567.07911690818,-9.78147600733807));
#7214=IFCCARTESIANPOINT((207.,1570.87785252292,-8.09016994374943));
#7215=IFCCARTESIANPOINT((207.,1573.66025403784,-4.99999999999998));
#7216=IFCCARTESIANPOINT((207.,1574.94521895368,-1.04528463267652));
#7217=IFCCARTESIANPOINT((207.,1572.43144825477,6.69130606358859));
#7218=IFCCARTESIANPOINT((207.,1569.06736643076,9.13545457642601));
#7219=IFCCARTESIANPOINT((0.,0.,0.));
#7220=IFCCARTESIANPOINT((-207.,2294.94521895368,-1.04528463267652));
#7221=IFCCARTESIANPOINT((-207.,2293.66025403784,-4.99999999999998));
#7222=IFCCARTESIANPOINT((-207.,2290.87785252292,-8.09016994374953));
#7223=IFCCARTESIANPOINT((-207.,2287.07911690818,-9.78147600733807));
#7224=IFCCARTESIANPOINT((-207.,2282.92088309182,-9.78147600733807));
#7225=IFCCARTESIANPOINT((-207.,2279.12214747708,-8.09016994374954));
#7226=IFCCARTESIANPOINT((-207.,2276.33974596216,-4.99999999999999));
#7227=IFCCARTESIANPOINT((-207.,2275.05478104632,-1.04528463267653));
#7228=IFCCARTESIANPOINT((-207.,2275.48943483705,3.09016994374942));
#7229=IFCCARTESIANPOINT((-207.,2277.56855174523,6.69130606358847));
#7230=IFCCARTESIANPOINT((-207.,2280.93263356924,9.13545457642593));
#7231=IFCCARTESIANPOINT((-207.,2285.,10.));
#7232=IFCCARTESIANPOINT((-207.,2289.06736643076,9.13545457642609));
#7233=IFCCARTESIANPOINT((-207.,2292.43144825477,6.69130606358848));
#7234=IFCCARTESIANPOINT((-207.,2294.51056516295,3.09016994374943));
#7235=IFCCARTESIANPOINT((-207.,2295.,-6.12323399573677E-16));
#7236=IFCCARTESIANPOINT((207.,2294.51056516295,3.09016994374943));
#7237=IFCCARTESIANPOINT((207.,2295.,-6.12323399573677E-16));
#7238=IFCCARTESIANPOINT((207.,2280.93263356924,9.13545457642593));
#7239=IFCCARTESIANPOINT((207.,2285.,10.));
#7240=IFCCARTESIANPOINT((207.,2277.56855174523,6.69130606358847));
#7241=IFCCARTESIANPOINT((207.,2275.48943483705,3.09016994374942));
#7242=IFCCARTESIANPOINT((207.,2275.05478104632,-1.04528463267653));
#7243=IFCCARTESIANPOINT((207.,2276.33974596216,-4.99999999999999));
#7244=IFCCARTESIANPOINT((207.,2279.12214747708,-8.09016994374954));
#7245=IFCCARTESIANPOINT((207.,2282.92088309182,-9.78147600733807));
#7246=IFCCARTESIANPOINT((207.,2287.07911690818,-9.78147600733807));
#7247=IFCCARTESIANPOINT((207.,2290.87785252292,-8.09016994374953));
#7248=IFCCARTESIANPOINT((207.,2293.66025403784,-4.99999999999998));
#7249=IFCCARTESIANPOINT((207.,2294.94521895368,-1.04528463267652));
#7250=IFCCARTESIANPOINT((207.,2292.43144825477,6.69130606358848));
#7251=IFCCARTESIANPOINT((207.,2289.06736643076,9.13545457642609));
#7252=IFCCARTESIANPOINT((0.,0.,0.));
#7253=IFCCARTESIANPOINT((-207.,2774.94521895368,-1.04528463267652));
#7254=IFCCARTESIANPOINT((-207.,2773.66025403784,-4.99999999999998));
#7255=IFCCARTESIANPOINT((-207.,2770.87785252292,-8.09016994374953));
#7256=IFCCARTESIANPOINT((-207.,2767.07911690818,-9.78147600733807));
#7257=IFCCARTESIANPOINT((-207.,2762.92088309182,-9.78147600733807));
#7258=IFCCARTESIANPOINT((-207.,2759.12214747708,-8.09016994374954));
#7259=IFCCARTESIANPOINT((-207.,2756.33974596216,-4.99999999999999));
#7260=IFCCARTESIANPOINT((-207.,2755.05478104632,-1.04528463267653));
#7261=IFCCARTESIANPOINT((-207.,2755.48943483705,3.09016994374942));
#7262=IFCCARTESIANPOINT((-207.,2757.56855174523,6.69130606358847));
#7263=IFCCARTESIANPOINT((-207.,2760.93263356924,9.13545457642593));
#7264=IFCCARTESIANPOINT((-207.,2765.,10.));
#7265=IFCCARTESIANPOINT((-207.,2769.06736643076,9.13545457642609));
#7266=IFCCARTESIANPOINT((-207.,2772.43144825477,6.69130606358848));
#7267=IFCCARTESIANPOINT((-207.,2774.51056516295,3.09016994374943));
#7268=IFCCARTESIANPOINT((-207.,2775.,-6.12323399573677E-16));
#7269=IFCCARTESIANPOINT((207.,2774.51056516295,3.09016994374943));
#7270=IFCCARTESIANPOINT((207.,2775.,-6.12323399573677E-16));
#7271=IFCCARTESIANPOINT((207.,2760.93263356924,9.13545457642593));
#7272=IFCCARTESIANPOINT((207.,2765.,10.));
#7273=IFCCARTESIANPOINT((207.,2757.56855174523,6.69130606358847));
#7274=IFCCARTESIANPOINT((207.,2755.48943483705,3.09016994374942));
#7275=IFCCARTESIANPOINT((207.,2755.05478104632,-1.04528463267653));
#7276=IFCCARTESIANPOINT((207.,2756.33974596216,-4.99999999999999));
#7277=IFCCARTESIANPOINT((207.,2759.12214747708,-8.09016994374954));
#7278=IFCCARTESIANPOINT((207.,2762.92088309182,-9.78147600733807));
#7279=IFCCARTESIANPOINT((207.,2767.07911690818,-9.78147600733807));
#7280=IFCCARTESIANPOINT((207.,2770.87785252292,-8.09016994374953));
#7281=IFCCARTESIANPOINT((207.,2773.66025403784,-4.99999999999998));
#7282=IFCCARTESIANPOINT((207.,2774.94521895368,-1.04528463267652));
#7283=IFCCARTESIANPOINT((207.,2772.43144825477,6.69130606358848));
#7284=IFCCARTESIANPOINT((207.,2769.06736643076,9.13545457642609));
#7285=IFCCARTESIANPOINT((0.,0.,0.));
#7286=IFCCARTESIANPOINT((-207.,3974.94521895368,-1.04528463267652));
#7287=IFCCARTESIANPOINT((-207.,3973.66025403784,-4.99999999999998));
#7288=IFCCARTESIANPOINT((-207.,3970.87785252292,-8.09016994374953));
#7289=IFCCARTESIANPOINT((-207.,3967.07911690818,-9.78147600733807));
#7290=IFCCARTESIANPOINT((-207.,3962.92088309182,-9.78147600733807));
#7291=IFCCARTESIANPOINT((-207.,3959.12214747708,-8.09016994374954));
#7292=IFCCARTESIANPOINT((-207.,3956.33974596216,-4.99999999999999));
#7293=IFCCARTESIANPOINT((-207.,3955.05478104632,-1.04528463267653));
#7294=IFCCARTESIANPOINT((-207.,3955.48943483705,3.09016994374942));
#7295=IFCCARTESIANPOINT((-207.,3957.56855174523,6.69130606358847));
#7296=IFCCARTESIANPOINT((-207.,3960.93263356924,9.13545457642593));
#7297=IFCCARTESIANPOINT((-207.,3965.,10.));
#7298=IFCCARTESIANPOINT((-207.,3969.06736643076,9.13545457642609));
#7299=IFCCARTESIANPOINT((-207.,3972.43144825477,6.69130606358848));
#7300=IFCCARTESIANPOINT((-207.,3974.51056516295,3.09016994374943));
#7301=IFCCARTESIANPOINT((-207.,3975.,-6.12323399573677E-16));
#7302=IFCCARTESIANPOINT((207.,3974.51056516295,3.09016994374943));
#7303=IFCCARTESIANPOINT((207.,3975.,-6.12323399573677E-16));
#7304=IFCCARTESIANPOINT((207.,3960.93263356924,9.13545457642593));
#7305=IFCCARTESIANPOINT((207.,3965.,10.));
#7306=IFCCARTESIANPOINT((207.,3957.56855174523,6.69130606358847));
#7307=IFCCARTESIANPOINT((207.,3955.48943483705,3.09016994374942));
#7308=IFCCARTESIANPOINT((207.,3955.05478104632,-1.04528463267653));
#7309=IFCCARTESIANPOINT((207.,3956.33974596216,-4.99999999999999));
#7310=IFCCARTESIANPOINT((207.,3959.12214747708,-8.09016994374954));
#7311=IFCCARTESIANPOINT((207.,3962.92088309182,-9.78147600733807));
#7312=IFCCARTESIANPOINT((207.,3967.07911690818,-9.78147600733807));
#7313=IFCCARTESIANPOINT((207.,3970.87785252292,-8.09016994374953));
#7314=IFCCARTESIANPOINT((207.,3973.66025403784,-4.99999999999998));
#7315=IFCCARTESIANPOINT((207.,3974.94521895368,-1.04528463267652));
#7316=IFCCARTESIANPOINT((207.,3972.43144825477,6.69130606358848));
#7317=IFCCARTESIANPOINT((207.,3969.06736643076,9.13545457642609));
#7318=IFCCARTESIANPOINT((0.,0.,0.));
#7319=IFCCARTESIANPOINT((-207.,4694.94521895368,-1.04528463267652));
#7320=IFCCARTESIANPOINT((-207.,4693.66025403784,-5.00000000000017));
#7321=IFCCARTESIANPOINT((-207.,4690.87785252293,-8.09016994374932));
#7322=IFCCARTESIANPOINT((-207.,4687.07911690818,-9.78147600733807));
#7323=IFCCARTESIANPOINT((-207.,4682.92088309182,-9.78147600733807));
#7324=IFCCARTESIANPOINT((-207.,4679.12214747708,-8.09016994374932));
#7325=IFCCARTESIANPOINT((-207.,4676.33974596216,-5.00000000000018));
#7326=IFCCARTESIANPOINT((-207.,4675.05478104632,-1.04528463267653));
#7327=IFCCARTESIANPOINT((-207.,4675.48943483705,3.09016994374942));
#7328=IFCCARTESIANPOINT((-207.,4677.56855174523,6.69130606358847));
#7329=IFCCARTESIANPOINT((-207.,4680.93263356924,9.13545457642609));
#7330=IFCCARTESIANPOINT((-207.,4685.,10.));
#7331=IFCCARTESIANPOINT((-207.,4689.06736643076,9.13545457642609));
#7332=IFCCARTESIANPOINT((-207.,4692.43144825477,6.69130606358848));
#7333=IFCCARTESIANPOINT((-207.,4694.51056516295,3.09016994374943));
#7334=IFCCARTESIANPOINT((-207.,4695.,-6.12323399573677E-16));
#7335=IFCCARTESIANPOINT((207.,4694.51056516295,3.09016994374943));
#7336=IFCCARTESIANPOINT((207.,4695.,-6.12323399573677E-16));
#7337=IFCCARTESIANPOINT((207.,4680.93263356924,9.13545457642609));
#7338=IFCCARTESIANPOINT((207.,4685.,10.));
#7339=IFCCARTESIANPOINT((207.,4677.56855174523,6.69130606358847));
#7340=IFCCARTESIANPOINT((207.,4675.48943483705,3.09016994374942));
#7341=IFCCARTESIANPOINT((207.,4675.05478104632,-1.04528463267653));
#7342=IFCCARTESIANPOINT((207.,4676.33974596216,-5.00000000000018));
#7343=IFCCARTESIANPOINT((207.,4679.12214747708,-8.09016994374932));
#7344=IFCCARTESIANPOINT((207.,4682.92088309182,-9.78147600733807));
#7345=IFCCARTESIANPOINT((207.,4687.07911690818,-9.78147600733807));
#7346=IFCCARTESIANPOINT((207.,4690.87785252293,-8.09016994374932));
#7347=IFCCARTESIANPOINT((207.,4693.66025403784,-5.00000000000017));
#7348=IFCCARTESIANPOINT((207.,4694.94521895368,-1.04528463267652));
#7349=IFCCARTESIANPOINT((207.,4692.43144825477,6.69130606358848));
#7350=IFCCARTESIANPOINT((207.,4689.06736643076,9.13545457642609));
#7351=IFCCARTESIANPOINT((0.,0.,0.));
#7352=IFCCARTESIANPOINT((14599.9983112214,-16870.0349406348,-294.99999999942));
#7353=IFCCARTESIANPOINT((14599.9983112214,-16870.0349406348,-594.99999999942));
#7354=IFCCARTESIANPOINT((14599.9983112214,-16870.0349406348,-894.99999999942));
#7355=IFCCARTESIANPOINT((26520.0088767186,22349.9999999996,2349.99999999972));
#7356=IFCCARTESIANPOINT((22349.9999999996,-26520.0088767186,-2349.99999999972));
#7357=IFCGEOMETRICREPRESENTATIONCONTEXT($,'Model',3,1.E-05,#5584,$);
#7358=IFCSIUNIT(*,.LENGTHUNIT.,.MILLI.,.METRE.);
#7359=IFCSIUNIT(*,.AREAUNIT.,$,.SQUARE_METRE.);
#7360=IFCSIUNIT(*,.VOLUMEUNIT.,$,.CUBIC_METRE.);
#7361=IFCSIUNIT(*,.PLANEANGLEUNIT.,$,.RADIAN.);
#7362=IFCOWNERHISTORY(#7364,#7363,$,.NOCHANGE.,0,$,$,0);
#7363=IFCAPPLICATION(#7365,'2412','Siemens NX','NX');
#7364=IFCPERSONANDORGANIZATION(#7366,#7365,$);
#7365=IFCORGANIZATION($,' ',$,$,$);
#7366=IFCPERSON(' ',' ',' ',$,$,$,$,$);
ENDSEC;
END-ISO-10303-21;
